# WaveFront *.obj file (generated by Autodesk ATF)

mtllib PIPE_v2.0.mtl

g 본체1

v -21.794495 -45.000000 0.000000
v 21.794495 -45.000000 0.000000
v 21.794495 -45.000000 8.000000
v -21.794495 -45.000000 8.000000
v -24.114669 -43.800488 0.000000
v -26.369038 -42.481453 0.000000
v -28.551451 -41.046493 0.000000
v -30.655953 -39.499526 0.000000
v -32.676800 -37.844771 0.000000
v -34.608479 -36.086745 0.000000
v -36.445717 -34.230246 0.000000
v -38.183502 -32.280338 0.000000
v -39.817091 -30.242343 0.000000
v -41.342026 -28.121822 0.000000
v -42.754147 -25.924562 0.000000
v -44.049600 -23.656559 0.000000
v -45.224849 -21.324001 0.000000
v -46.276688 -18.933255 0.000000
v -47.202247 -16.490842 0.000000
v -47.999000 -14.003430 0.000000
v -48.664772 -11.477804 0.000000
v -49.197747 -8.920858 0.000000
v -49.596470 -6.339569 0.000000
v -49.859854 -3.740980 0.000000
v -49.987180 -1.132182 0.000000
v -49.978100 1.479705 0.000000
v -49.832639 4.087554 0.000000
v -49.551194 6.684249 0.000000
v -49.134533 9.262704 0.000000
v -48.583793 11.815883 0.000000
v -47.900477 14.336818 0.000000
v -47.086449 16.818631 0.000000
v -46.143931 19.254549 0.000000
v -45.075495 21.637924 0.000000
v -43.884056 23.962254 0.000000
v -42.572866 26.221196 0.000000
v -41.145502 28.408584 0.000000
v -39.605860 30.518451 0.000000
v -37.958141 32.545039 0.000000
v -36.206841 34.482817 0.000000
v -34.356739 36.326498 0.000000
v -32.412884 38.071051 0.000000
v -30.380581 39.711715 0.000000
v -28.265374 41.244013 0.000000
v -26.073037 42.663764 0.000000
v -23.809551 43.967093 0.000000
v -21.481093 45.150445 0.000000
v -19.094017 46.210589 0.000000
v -16.654837 47.144633 0.000000
v -14.170209 47.950028 0.000000
v -11.646914 48.624576 0.000000
v -9.091836 49.166437 0.000000
v -6.511948 49.574132 0.000000
v -3.914290 49.846548 0.000000
v -1.305951 49.982942 0.000000
v 1.305951 49.982942 0.000000
v 3.914290 49.846548 0.000000
v 6.511948 49.574132 0.000000
v 9.091836 49.166437 0.000000
v 11.646914 48.624576 0.000000
v 14.170209 47.950028 0.000000
v 16.654837 47.144633 0.000000
v 19.094017 46.210589 0.000000
v 21.481093 45.150445 0.000000
v 23.809551 43.967093 0.000000
v 26.073037 42.663764 0.000000
v 28.265374 41.244013 0.000000
v 30.380581 39.711715 0.000000
v 32.412884 38.071051 0.000000
v 34.356739 36.326498 0.000000
v 36.206841 34.482817 0.000000
v 37.958141 32.545039 0.000000
v 39.605860 30.518451 0.000000
v 41.145502 28.408584 0.000000
v 42.572866 26.221196 0.000000
v 43.884056 23.962254 0.000000
v 45.075495 21.637924 0.000000
v 46.143931 19.254549 0.000000
v 47.086449 16.818631 0.000000
v 47.900477 14.336818 0.000000
v 48.583793 11.815883 0.000000
v 49.134533 9.262704 0.000000
v 49.551194 6.684249 0.000000
v 49.832639 4.087554 0.000000
v 49.978100 1.479705 0.000000
v 49.987180 -1.132182 0.000000
v 49.859854 -3.740980 0.000000
v 49.596470 -6.339569 0.000000
v 49.197747 -8.920858 0.000000
v 48.664772 -11.477804 0.000000
v 47.999000 -14.003430 0.000000
v 47.202247 -16.490842 0.000000
v 46.276688 -18.933255 0.000000
v 45.224849 -21.324001 0.000000
v 44.049600 -23.656559 0.000000
v 42.754147 -25.924562 0.000000
v 41.342026 -28.121822 0.000000
v 39.817091 -30.242343 0.000000
v 38.183502 -32.280338 0.000000
v 36.445717 -34.230246 0.000000
v 34.608479 -36.086745 0.000000
v 32.676800 -37.844771 0.000000
v 30.655953 -39.499526 0.000000
v 28.551451 -41.046493 0.000000
v 26.369038 -42.481453 0.000000
v 24.114669 -43.800488 0.000000
v 18.500000 0.000000 0.000000
v 18.431516 1.590349 0.000000
v 18.226572 3.168923 0.000000
v 17.886685 4.724036 0.000000
v 17.414370 6.244174 0.000000
v 16.813126 7.718082 0.000000
v 16.087404 9.134848 0.000000
v 15.242576 10.483982 0.000000
v 14.284897 11.755498 0.000000
v 13.221458 12.939979 0.000000
v 12.060131 14.028657 0.000000
v 10.809516 15.013473 0.000000
v 9.478871 15.887133 0.000000
v 8.078048 16.643171 0.000000
v 6.617417 17.275989 0.000000
v 5.107794 17.780901 0.000000
v 3.560354 18.154170 0.000000
v 1.986555 18.393031 0.000000
v 0.398048 18.495717 0.000000
v -1.193406 18.461467 0.000000
v -2.776025 18.290535 0.000000
v -4.338091 17.984187 0.000000
v -5.868039 17.544689 0.000000
v -7.354542 16.975297 0.000000
v -8.786595 16.280226 0.000000
v -10.153595 15.464621 0.000000
v -11.445421 14.534522 0.000000
v -12.652509 13.496815 0.000000
v -13.765923 12.359181 0.000000
v -14.777418 11.130045 0.000000
v -15.679507 9.818506 0.000000
v -16.465510 8.434274 0.000000
v -17.129608 6.987597 0.000000
v -17.666885 5.489187 0.000000
v -18.073362 3.950137 0.000000
v -18.346030 2.381841 0.000000
v -18.482871 0.795911 0.000000
v -18.482871 -0.795911 0.000000
v -18.346030 -2.381841 0.000000
v -18.073362 -3.950137 0.000000
v -17.666885 -5.489187 0.000000
v -17.129608 -6.987597 0.000000
v -16.465510 -8.434274 0.000000
v -15.679507 -9.818506 0.000000
v -14.777418 -11.130045 0.000000
v -13.765923 -12.359181 0.000000
v -12.652509 -13.496815 0.000000
v -11.445421 -14.534522 0.000000
v -10.153595 -15.464621 0.000000
v -8.786595 -16.280226 0.000000
v -7.354542 -16.975297 0.000000
v -5.868039 -17.544689 0.000000
v -4.338091 -17.984187 0.000000
v -2.776025 -18.290535 0.000000
v -1.193406 -18.461467 0.000000
v 0.398048 -18.495717 0.000000
v 1.986555 -18.393031 0.000000
v 3.560354 -18.154170 0.000000
v 5.107794 -17.780901 0.000000
v 6.617417 -17.275989 0.000000
v 8.078048 -16.643171 0.000000
v 9.478871 -15.887133 0.000000
v 10.809516 -15.013473 0.000000
v 12.060131 -14.028657 0.000000
v 13.221458 -12.939979 0.000000
v 14.284897 -11.755498 0.000000
v 15.242576 -10.483982 0.000000
v 16.087404 -9.134848 0.000000
v 16.813126 -7.718082 0.000000
v 17.414370 -6.244174 0.000000
v 17.886685 -4.724036 0.000000
v 18.226572 -3.168923 0.000000
v 18.431516 -1.590349 0.000000
v -26.910889 -17.500000 0.000000
v -26.962543 -16.909596 0.000000
v -27.115934 -16.337132 0.000000
v -27.366403 -15.800000 0.000000
v -27.706338 -15.314522 0.000000
v -28.125411 -14.895449 0.000000
v -28.610889 -14.555514 0.000000
v -29.148021 -14.305045 0.000000
v -29.720485 -14.151654 0.000000
v -30.310889 -14.100000 0.000000
v -30.901293 -14.151654 0.000000
v -31.473758 -14.305045 0.000000
v -32.010889 -14.555514 0.000000
v -32.496367 -14.895449 0.000000
v -32.915440 -15.314522 0.000000
v -33.255376 -15.800000 0.000000
v -33.505844 -16.337132 0.000000
v -33.659235 -16.909596 0.000000
v -33.710889 -17.500000 0.000000
v -33.659235 -18.090404 0.000000
v -33.505844 -18.662868 0.000000
v -33.255376 -19.200000 0.000000
v -32.915440 -19.685478 0.000000
v -32.496367 -20.104551 0.000000
v -32.010889 -20.444486 0.000000
v -31.473758 -20.694955 0.000000
v -30.901293 -20.848346 0.000000
v -30.310889 -20.900000 0.000000
v -29.720485 -20.848346 0.000000
v -29.148021 -20.694955 0.000000
v -28.610889 -20.444486 0.000000
v -28.125411 -20.104551 0.000000
v -27.706338 -19.685478 0.000000
v -27.366403 -19.200000 0.000000
v -27.115934 -18.662868 0.000000
v -26.962543 -18.090404 0.000000
v 33.710889 -17.500000 0.000000
v 33.659235 -16.909596 0.000000
v 33.505844 -16.337132 0.000000
v 33.255376 -15.800000 0.000000
v 32.915440 -15.314522 0.000000
v 32.496367 -14.895449 0.000000
v 32.010889 -14.555514 0.000000
v 31.473758 -14.305045 0.000000
v 30.901293 -14.151654 0.000000
v 30.310889 -14.100000 0.000000
v 29.720485 -14.151654 0.000000
v 29.148021 -14.305045 0.000000
v 28.610889 -14.555514 0.000000
v 28.125411 -14.895449 0.000000
v 27.706338 -15.314522 0.000000
v 27.366403 -15.800000 0.000000
v 27.115934 -16.337132 0.000000
v 26.962543 -16.909596 0.000000
v 26.910889 -17.500000 0.000000
v 26.962543 -18.090404 0.000000
v 27.115934 -18.662868 0.000000
v 27.366403 -19.200000 0.000000
v 27.706338 -19.685478 0.000000
v 28.125411 -20.104551 0.000000
v 28.610889 -20.444486 0.000000
v 29.148021 -20.694955 0.000000
v 29.720485 -20.848346 0.000000
v 30.310889 -20.900000 0.000000
v 30.901293 -20.848346 0.000000
v 31.473758 -20.694955 0.000000
v 32.010889 -20.444486 0.000000
v 32.496367 -20.104551 0.000000
v 32.915440 -19.685478 0.000000
v 33.255376 -19.200000 0.000000
v 33.505844 -18.662868 0.000000
v 33.659235 -18.090404 0.000000
v 3.400000 35.000000 0.000000
v 3.348346 35.590404 0.000000
v 3.194955 36.162868 0.000000
v 2.944486 36.700000 0.000000
v 2.604551 37.185478 0.000000
v 2.185478 37.604551 0.000000
v 1.700000 37.944486 0.000000
v 1.162868 38.194955 0.000000
v 0.590404 38.348346 0.000000
v -0.000000 38.400000 0.000000
v -0.590404 38.348346 0.000000
v -1.162868 38.194955 0.000000
v -1.700000 37.944486 0.000000
v -2.185478 37.604551 0.000000
v -2.604551 37.185478 0.000000
v -2.944486 36.700000 0.000000
v -3.194955 36.162868 0.000000
v -3.348346 35.590404 0.000000
v -3.400000 35.000000 0.000000
v -3.348346 34.409596 0.000000
v -3.194955 33.837132 0.000000
v -2.944486 33.300000 0.000000
v -2.604551 32.814522 0.000000
v -2.185478 32.395449 0.000000
v -1.700000 32.055514 0.000000
v -1.162868 31.805045 0.000000
v -0.590404 31.651654 0.000000
v -0.000000 31.600000 0.000000
v 0.590404 31.651654 0.000000
v 1.162868 31.805045 0.000000
v 1.700000 32.055514 0.000000
v 2.185478 32.395449 0.000000
v 2.604551 32.814522 0.000000
v 2.944486 33.300000 0.000000
v 3.194955 33.837132 0.000000
v 3.348346 34.409596 0.000000
v 22.500000 -0.000000 11.000000
v 22.432341 -1.743579 11.000000
v 22.229772 -3.476673 11.000000
v 21.893510 -5.188857 11.000000
v 21.425577 -6.869835 11.000000
v 20.828789 -8.509497 11.000000
v 20.106734 -10.097982 11.000000
v 19.263755 -11.625736 11.000000
v 18.304922 -13.083572 11.000000
v 17.236000 -14.462721 11.000000
v 16.063419 -15.754890 11.000000
v 14.794231 -16.952308 11.000000
v 13.436068 -18.047772 11.000000
v 11.997100 -19.034695 11.000000
v 10.485979 -19.907140 11.000000
v 8.911795 -20.659862 11.000000
v 7.284014 -21.288334 11.000000
v 5.612426 -21.788774 11.000000
v 3.907084 -22.158174 11.000000
v 2.178245 -22.394313 11.000000
v 0.436305 -22.495769 11.000000
v -1.308259 -22.461934 11.000000
v -3.044954 -22.293009 11.000000
v -4.763337 -21.990012 11.000000
v -6.453073 -21.554764 11.000000
v -8.103999 -20.989883 11.000000
v -9.706186 -20.298767 11.000000
v -11.250000 -19.485572 11.000000
v -12.726155 -18.555188 11.000000
v -14.125773 -17.513211 11.000000
v -15.440437 -16.365907 11.000000
v -16.662240 -15.120177 11.000000
v -17.783835 -13.783512 11.000000
v -18.798476 -12.363952 11.000000
v -19.700060 -10.870033 11.000000
v -20.483166 -9.310741 11.000000
v -21.143084 -7.695453 11.000000
v -21.675845 -6.033884 11.000000
v -22.078244 -4.336026 11.000000
v -22.347863 -2.612091 11.000000
v -22.483079 -0.872446 11.000000
v -22.483079 0.872446 11.000000
v -22.347863 2.612091 11.000000
v -22.078244 4.336026 11.000000
v -21.675845 6.033884 11.000000
v -21.143084 7.695453 11.000000
v -20.483166 9.310741 11.000000
v -19.700060 10.870033 11.000000
v -18.798476 12.363952 11.000000
v -17.783835 13.783512 11.000000
v -16.662240 15.120177 11.000000
v -15.440437 16.365907 11.000000
v -14.125773 17.513211 11.000000
v -12.726155 18.555188 11.000000
v -11.250000 19.485572 11.000000
v -9.706186 20.298767 11.000000
v -8.103999 20.989883 11.000000
v -6.453073 21.554764 11.000000
v -4.763337 21.990012 11.000000
v -3.044954 22.293009 11.000000
v -1.308259 22.461934 11.000000
v 0.436305 22.495769 11.000000
v 2.178245 22.394313 11.000000
v 3.907084 22.158174 11.000000
v 5.612426 21.788774 11.000000
v 7.284014 21.288334 11.000000
v 8.911795 20.659862 11.000000
v 10.485979 19.907140 11.000000
v 11.997100 19.034695 11.000000
v 13.436068 18.047772 11.000000
v 14.794231 16.952308 11.000000
v 16.063419 15.754890 11.000000
v 17.236000 14.462721 11.000000
v 18.304922 13.083572 11.000000
v 19.263755 11.625736 11.000000
v 20.106734 10.097982 11.000000
v 20.828789 8.509497 11.000000
v 21.425577 6.869835 11.000000
v 21.893510 5.188857 11.000000
v 22.229772 3.476673 11.000000
v 22.432341 1.743579 11.000000
v 25.500000 0.000000 8.000000
v 25.431973 1.861381 8.000000
v 25.228256 3.712830 8.000000
v 24.889935 5.544469 8.000000
v 24.418815 7.346527 8.000000
v 23.817411 9.109388 8.000000
v 23.088930 10.823646 8.000000
v 22.237260 12.480155 8.000000
v 21.266944 14.070077 8.000000
v 20.183160 15.584930 8.000000
v 18.991691 17.016630 8.000000
v 17.698892 18.357539 8.000000
v 16.311662 19.600502 8.000000
v 14.837402 20.738888 8.000000
v 13.283979 21.766624 8.000000
v 11.659679 22.678225 8.000000
v 9.973170 23.468828 8.000000
v 8.233450 24.134214 8.000000
v 6.449801 24.670834 8.000000
v 4.631740 25.075825 8.000000
v 2.788966 25.347025 8.000000
v 0.931312 25.482988 8.000000
v -0.931312 25.482988 8.000000
v -2.788966 25.347025 8.000000
v -4.631740 25.075825 8.000000
v -6.449801 24.670834 8.000000
v -8.233450 24.134214 8.000000
v -9.973170 23.468828 8.000000
v -11.659679 22.678225 8.000000
v -13.283979 21.766624 8.000000
v -14.837402 20.738888 8.000000
v -16.311662 19.600502 8.000000
v -17.698892 18.357539 8.000000
v -18.991691 17.016630 8.000000
v -20.183160 15.584930 8.000000
v -21.266944 14.070077 8.000000
v -22.237260 12.480155 8.000000
v -23.088930 10.823646 8.000000
v -23.817411 9.109388 8.000000
v -24.418815 7.346527 8.000000
v -24.889935 5.544469 8.000000
v -25.228256 3.712830 8.000000
v -25.431973 1.861381 8.000000
v -25.500000 0.000000 8.000000
v -25.431973 -1.861381 8.000000
v -25.228256 -3.712830 8.000000
v -24.889935 -5.544469 8.000000
v -24.418815 -7.346527 8.000000
v -23.817411 -9.109388 8.000000
v -23.088930 -10.823646 8.000000
v -22.237260 -12.480155 8.000000
v -21.266944 -14.070077 8.000000
v -20.183160 -15.584930 8.000000
v -18.991691 -17.016630 8.000000
v -17.698892 -18.357539 8.000000
v -16.311662 -19.600502 8.000000
v -14.837402 -20.738888 8.000000
v -13.283979 -21.766624 8.000000
v -11.659679 -22.678225 8.000000
v -9.973170 -23.468828 8.000000
v -8.233450 -24.134214 8.000000
v -6.449801 -24.670834 8.000000
v -4.631740 -25.075825 8.000000
v -2.788966 -25.347025 8.000000
v -0.931312 -25.482988 8.000000
v 0.931312 -25.482988 8.000000
v 2.788966 -25.347025 8.000000
v 4.631740 -25.075825 8.000000
v 6.449801 -24.670834 8.000000
v 8.233450 -24.134214 8.000000
v 9.973170 -23.468828 8.000000
v 11.659679 -22.678225 8.000000
v 13.283979 -21.766624 8.000000
v 14.837402 -20.738888 8.000000
v 16.311662 -19.600502 8.000000
v 17.698892 -18.357539 8.000000
v 18.991691 -17.016630 8.000000
v 20.183160 -15.584930 8.000000
v 21.266944 -14.070077 8.000000
v 22.237260 -12.480155 8.000000
v 23.088930 -10.823646 8.000000
v 23.817411 -9.109388 8.000000
v 24.418815 -7.346527 8.000000
v 24.889935 -5.544469 8.000000
v 25.228256 -3.712830 8.000000
v 25.431973 -1.861381 8.000000
v 22.545577 0.000000 10.479055
v 22.680922 0.000000 9.973940
v 22.901924 0.000000 9.500000
v 23.201867 0.000000 9.071637
v 23.571637 0.000000 8.701867
v 24.000000 0.000000 8.401924
v 24.473940 0.000000 8.180922
v 24.979055 0.000000 8.045577
v 17.381584 -14.359094 10.479055
v 6.395615 -24.146414 8.045577
v 5.772549 -21.794052 10.479055
v -7.994772 -21.080480 10.479055
v -20.799221 -13.832774 8.045577
v -18.772945 -12.485174 10.479055
v -22.532143 -0.778186 10.479055
v -20.799221 13.832774 8.045577
v -18.772945 12.485174 10.479055
v -7.994772 21.080480 10.479055
v 6.395615 24.146414 8.045577
v 5.772549 21.794052 10.479055
v 17.381584 14.359094 10.479055
v 22.491857 -1.555445 10.479055
v 22.626880 -1.564783 9.973940
v 22.847355 -1.580030 9.500000
v 23.146583 -1.600723 9.071637
v 23.515472 -1.626234 8.701867
v 23.942815 -1.655787 8.401924
v 24.415625 -1.688485 8.180922
v 24.919537 -1.723334 8.045577
v 22.330953 -3.103478 10.479055
v 22.465010 -3.122109 9.973940
v 22.683908 -3.152530 9.500000
v 22.980995 -3.193818 9.071637
v 23.347246 -3.244719 8.701867
v 23.771531 -3.303684 8.401924
v 24.240959 -3.368924 8.180922
v 24.741266 -3.438455 8.045577
v 22.063632 -4.636721 10.479055
v 22.196084 -4.664556 9.973940
v 22.412361 -4.710007 9.500000
v 22.705893 -4.771694 9.071637
v 23.067759 -4.847741 8.701867
v 23.486965 -4.935838 8.401924
v 23.950773 -5.033308 8.180922
v 24.445091 -5.137190 8.045577
v 21.691167 -6.147868 10.479055
v 21.821384 -6.184775 9.973940
v 22.034010 -6.245039 9.500000
v 22.322586 -6.326830 9.071637
v 22.678343 -6.427661 8.701867
v 23.090472 -6.544469 8.401924
v 23.546451 -6.673706 8.180922
v 24.032425 -6.811444 8.045577
v 21.215335 -7.629718 10.479055
v 21.342695 -7.675521 9.973940
v 21.550657 -7.750311 9.500000
v 21.832902 -7.851815 9.071637
v 22.180855 -7.976950 8.701867
v 22.583944 -8.121914 8.401924
v 23.029920 -8.282301 8.180922
v 23.505233 -8.453239 8.045577
v 20.638402 -9.075209 10.479055
v 20.762298 -9.129689 9.973940
v 20.964604 -9.218648 9.500000
v 21.239175 -9.339383 9.071637
v 21.577665 -9.488226 8.701867
v 21.969792 -9.660654 8.401924
v 22.403640 -9.851427 8.180922
v 22.866027 -10.054750 8.045577
v 19.963117 -10.477452 10.479055
v 20.082959 -10.540350 9.973940
v 20.278646 -10.643055 9.500000
v 20.544233 -10.782445 9.071637
v 20.871648 -10.954286 8.701867
v 21.250945 -11.153356 8.401924
v 21.670597 -11.373607 8.180922
v 22.117855 -11.608346 8.045577
v 19.192699 -11.829765 10.479055
v 19.307916 -11.900782 9.973940
v 19.496051 -12.016742 9.500000
v 19.751388 -12.174124 9.071637
v 20.066168 -12.368144 8.701867
v 20.430827 -12.592908 8.401924
v 20.834284 -12.841586 8.180922
v 21.264281 -13.106623 8.045577
v 18.330819 -13.125704 10.479055
v 18.440862 -13.204501 9.973940
v 18.620549 -13.333164 9.500000
v 18.864419 -13.507787 9.071637
v 19.165063 -13.723062 8.701867
v 19.513346 -13.972448 8.401924
v 19.898686 -14.248369 8.180922
v 20.309373 -14.542440 8.045577
v 16.349518 -15.524055 10.479055
v 16.447667 -15.617249 9.973940
v 16.607933 -15.769423 9.500000
v 16.825444 -15.975952 9.071637
v 17.093593 -16.230563 8.701867
v 17.404231 -16.525518 8.401924
v 17.747921 -16.851855 8.180922
v 18.114219 -17.199659 8.045577
v 19.257682 -15.908956 8.045577
v 18.868261 -15.587252 8.180922
v 18.502876 -15.285404 8.401924
v 18.172629 -15.012583 8.701867
v 17.887553 -14.777079 9.071637
v 17.656311 -14.586048 9.500000
v 17.485929 -14.445294 9.973940
v 15.239539 -16.615038 10.479055
v 15.331025 -16.714781 9.973940
v 15.480410 -16.877649 9.500000
v 15.683154 -17.098693 9.071637
v 15.933098 -17.371196 8.701867
v 16.222647 -17.686880 8.401924
v 16.543004 -18.036151 8.180922
v 16.884434 -18.408398 8.045577
v 14.056937 -17.626842 10.479055
v 14.141324 -17.732659 9.973940
v 14.279116 -17.905445 9.500000
v 14.466127 -18.139950 9.071637
v 14.696675 -18.429048 8.701867
v 14.963755 -18.763956 8.401924
v 15.259252 -19.134496 8.180922
v 15.574186 -19.529412 8.045577
v 12.807347 -18.554646 10.479055
v 12.884232 -18.666033 9.973940
v 13.009776 -18.847914 9.500000
v 13.180163 -19.094762 9.071637
v 13.390216 -19.399077 8.701867
v 13.633554 -19.751613 8.401924
v 13.902782 -20.141657 8.180922
v 14.189721 -20.557360 8.045577
v 11.496725 -19.394029 10.479055
v 11.565742 -19.510455 9.973940
v 11.678438 -19.700564 9.500000
v 11.831388 -19.958579 9.071637
v 12.019946 -20.276661 8.701867
v 12.238383 -20.645145 8.401924
v 12.480060 -21.052834 8.180922
v 12.737635 -21.487342 8.045577
v 10.131315 -20.140990 10.479055
v 10.192135 -20.261900 9.973940
v 10.291447 -20.459331 9.500000
v 10.426232 -20.727284 9.071637
v 10.592396 -21.057617 8.701867
v 10.784890 -21.440293 8.401924
v 10.997864 -21.863685 8.180922
v 11.224848 -22.314928 8.045577
v 8.717625 -20.791971 10.479055
v 8.769958 -20.916789 9.973940
v 8.855412 -21.120601 9.500000
v 8.971390 -21.397214 9.071637
v 9.114368 -21.738224 8.701867
v 9.280002 -22.133268 8.401924
v 9.463259 -22.570345 8.180922
v 9.658570 -23.036172 8.045577
v 7.262391 -21.343868 10.479055
v 7.305989 -21.471999 9.973940
v 7.377178 -21.681221 9.500000
v 7.473796 -21.965177 9.071637
v 7.592906 -22.315238 8.701867
v 7.730891 -22.720769 8.401924
v 7.883556 -23.169447 8.180922
v 8.046264 -23.647639 8.045577
v 4.255198 -22.140378 10.479055
v 4.280743 -22.273291 9.973940
v 4.322454 -22.490320 9.500000
v 4.379065 -22.784872 9.071637
v 4.448854 -23.147997 8.701867
v 4.529702 -23.568661 8.401924
v 4.619153 -24.034083 8.180922
v 4.714487 -24.530121 8.045577
v 6.266285 -23.658136 8.180922
v 6.144938 -23.199994 8.401924
v 6.035261 -22.785910 8.701867
v 5.940585 -22.428466 9.071637
v 5.863788 -22.138521 9.500000
v 5.807203 -21.924886 9.973940
v 2.717569 -22.381194 10.479055
v 2.733883 -22.515553 9.973940
v 2.760522 -22.734943 9.500000
v 2.796676 -23.032699 9.071637
v 2.841247 -23.399773 8.701867
v 2.892880 -23.825013 8.401924
v 2.950007 -24.295497 8.180922
v 3.010892 -24.796930 8.045577
v 1.166990 -22.515354 10.479055
v 1.173995 -22.650518 9.973940
v 1.185435 -22.871223 9.500000
v 1.200960 -23.170764 9.071637
v 1.220100 -23.540039 8.701867
v 1.242272 -23.967828 8.401924
v 1.266804 -24.441132 8.180922
v 1.292950 -24.945571 8.045577
v -0.389151 -22.542218 10.479055
v -0.391487 -22.677543 9.973940
v -0.395302 -22.898512 9.500000
v -0.400479 -23.198410 9.071637
v -0.406862 -23.568126 8.701867
v -0.414255 -23.996425 8.401924
v -0.422436 -24.470294 8.180922
v -0.431155 -24.975334 8.045577
v -1.943437 -22.461658 10.479055
v -1.955104 -22.596500 9.973940
v -1.974155 -22.816679 9.500000
v -2.000010 -23.115505 9.071637
v -2.031884 -23.483899 8.701867
v -2.068809 -23.910668 8.401924
v -2.109663 -24.382843 8.180922
v -2.153204 -24.886079 8.045577
v -3.488462 -22.274058 10.479055
v -3.509404 -22.407773 9.973940
v -3.543599 -22.626114 9.500000
v -3.590009 -22.922444 9.071637
v -3.647224 -23.287762 8.701867
v -3.713504 -23.710966 8.401924
v -3.786836 -24.179197 8.180922
v -3.864993 -24.678230 8.045577
v -5.016863 -21.980312 10.479055
v -5.046980 -22.112264 9.973940
v -5.096157 -22.327725 9.500000
v -5.162901 -22.620147 9.071637
v -5.245183 -22.980647 8.701867
v -5.340502 -23.398270 8.401924
v -5.445964 -23.860327 8.180922
v -5.558363 -24.352778 8.045577
v -6.521356 -21.581820 10.479055
v -6.560505 -21.711380 9.973940
v -6.624430 -21.922934 9.500000
v -6.711189 -22.210055 9.071637
v -6.818146 -22.564019 8.701867
v -6.942051 -22.974071 8.401924
v -7.079139 -23.427751 8.180922
v -7.225245 -23.911275 8.045577
v -9.430089 -20.478683 10.479055
v -9.486699 -20.601620 9.973940
v -9.579137 -20.802361 9.500000
v -9.704594 -21.074807 9.071637
v -9.859257 -21.410678 8.701867
v -10.038427 -21.799770 8.401924
v -10.236661 -22.230261 8.180922
v -10.447935 -22.689069 8.045577
v -8.857695 -23.355823 8.045577
v -8.678579 -22.883531 8.180922
v -8.510517 -22.440390 8.401924
v -8.358618 -22.039864 8.701867
v -8.227495 -21.694122 9.071637
v -8.121134 -21.413671 9.500000
v -8.042766 -21.207031 9.973940
v -10.820467 -19.779295 10.479055
v -10.885425 -19.898034 9.973940
v -10.991492 -20.091919 9.500000
v -11.135445 -20.355060 9.071637
v -11.312912 -20.679461 8.701867
v -11.518499 -21.055265 8.401924
v -11.745961 -21.471053 8.180922
v -11.988385 -21.914193 8.045577
v -12.159281 -18.985650 10.479055
v -12.232276 -19.099625 9.973940
v -12.351466 -19.285730 9.500000
v -12.513232 -19.538312 9.071637
v -12.712656 -19.849697 8.701867
v -12.943681 -20.210421 8.401924
v -13.199286 -20.609526 8.180922
v -13.471705 -21.034885 8.045577
v -13.440151 -18.101530 10.479055
v -13.520834 -18.210197 9.973940
v -13.652581 -18.387636 9.500000
v -13.831386 -18.628456 9.071637
v -14.051819 -18.925339 8.701867
v -14.307180 -19.269266 8.401924
v -14.589710 -19.649785 8.180922
v -14.890826 -20.055336 8.045577
v -14.656972 -17.131147 10.479055
v -14.744960 -17.233989 9.973940
v -14.888634 -17.401916 9.500000
v -15.083629 -17.629826 9.071637
v -15.324018 -17.910794 8.701867
v -15.602498 -18.236284 8.401924
v -15.910608 -18.596405 8.180922
v -16.238986 -18.980214 8.045577
v -15.803946 -16.079127 10.479055
v -15.898820 -16.175653 9.973940
v -16.053737 -16.333268 9.500000
v -16.263990 -16.547182 9.071637
v -16.523191 -16.810896 8.701867
v -16.823464 -17.116398 8.401924
v -17.155685 -17.454403 8.180922
v -17.509760 -17.814643 8.045577
v -16.875607 -14.950483 10.479055
v -16.976914 -15.040233 9.973940
v -17.142336 -15.186785 9.500000
v -17.366847 -15.385684 9.071637
v -17.643624 -15.630887 8.701867
v -17.964258 -15.914944 8.401924
v -18.319007 -16.229224 8.180922
v -18.697091 -16.564178 8.045577
v -17.866847 -13.750592 10.479055
v -17.974106 -13.833140 9.973940
v -18.149244 -13.967929 9.500000
v -18.386942 -14.150865 9.071637
v -18.679977 -14.376389 8.701867
v -19.019444 -14.637648 8.401924
v -19.395030 -14.926705 8.180922
v -19.795323 -15.234776 8.045577
v -19.589580 -11.160259 10.479055
v -19.707180 -11.227256 9.973940
v -19.899206 -11.336653 9.500000
v -20.159823 -11.485128 9.071637
v -20.481112 -11.668167 8.701867
v -20.853311 -11.880211 8.401924
v -21.265112 -12.114815 8.180922
v -21.704001 -12.364852 8.045577
v -20.378628 -13.553053 8.180922
v -19.983994 -13.290597 8.401924
v -19.627311 -13.053381 8.701867
v -19.319415 -12.848611 9.071637
v -19.069663 -12.682510 9.500000
v -18.885642 -12.560125 9.973940
v -20.312863 -9.782159 10.479055
v -20.434805 -9.840883 9.973940
v -20.633920 -9.936772 9.500000
v -20.904160 -10.066913 9.071637
v -21.237311 -10.227350 8.701867
v -21.623253 -10.413210 8.401924
v -22.050258 -10.618844 8.180922
v -22.505351 -10.838006 8.045577
v -20.939345 -8.357443 10.479055
v -21.065048 -8.407615 9.973940
v -21.270305 -8.489538 9.500000
v -21.548878 -8.600724 9.071637
v -21.892305 -8.737795 8.701867
v -22.290150 -8.896585 8.401924
v -22.730324 -9.072270 8.180922
v -23.199454 -9.259512 8.045577
v -21.466042 -6.892900 10.479055
v -21.594907 -6.934280 9.973940
v -21.805326 -7.001847 9.500000
v -22.090907 -7.093549 9.071637
v -22.442972 -7.206600 8.701867
v -22.850824 -7.337564 8.401924
v -23.302070 -7.482462 8.180922
v -23.783000 -7.636892 8.045577
v -21.890443 -5.395510 10.479055
v -22.021856 -5.427900 9.973940
v -22.236436 -5.480789 9.500000
v -22.527663 -5.552570 9.071637
v -22.886688 -5.641062 8.701867
v -23.302604 -5.743576 8.401924
v -23.762771 -5.856997 8.180922
v -24.253210 -5.977879 8.045577
v -22.210527 -3.872407 10.479055
v -22.343861 -3.895654 9.973940
v -22.561578 -3.933613 9.500000
v -22.857063 -3.985131 9.071637
v -23.221339 -4.048642 8.701867
v -23.643336 -4.122217 8.401924
v -24.110232 -4.203621 8.180922
v -24.607841 -4.290379 8.045577
v -22.424767 -2.330850 10.479055
v -22.559387 -2.344843 9.973940
v -22.779204 -2.367691 9.500000
v -23.077540 -2.398700 9.071637
v -23.445329 -2.436929 8.701867
v -23.871397 -2.481214 8.401924
v -24.342797 -2.530212 8.180922
v -24.845206 -2.582433 8.045577
v -22.667407 -0.782858 9.973940
v -22.888277 -0.790486 9.500000
v -23.188042 -0.800839 9.071637
v -23.557592 -0.813602 8.701867
v -23.985699 -0.828387 8.401924
v -24.459357 -0.844746 8.180922
v -24.964171 -0.862181 8.045577
v -22.424767 2.330850 10.479055
v -22.559387 2.344843 9.973940
v -22.779204 2.367691 9.500000
v -23.077540 2.398700 9.071637
v -23.445329 2.436929 8.701867
v -23.871397 2.481214 8.401924
v -24.342797 2.530212 8.180922
v -24.845206 2.582433 8.045577
v -24.964171 0.862181 8.045577
v -24.459357 0.844746 8.180922
v -23.985699 0.828387 8.401924
v -23.557592 0.813602 8.701867
v -23.188042 0.800839 9.071637
v -22.888277 0.790486 9.500000
v -22.667407 0.782858 9.973940
v -22.532143 0.778186 10.479055
v -22.210527 3.872407 10.479055
v -22.343861 3.895654 9.973940
v -22.561578 3.933613 9.500000
v -22.857063 3.985131 9.071637
v -23.221339 4.048642 8.701867
v -23.643336 4.122217 8.401924
v -24.110232 4.203621 8.180922
v -24.607841 4.290379 8.045577
v -21.890443 5.395510 10.479055
v -22.021856 5.427900 9.973940
v -22.236436 5.480789 9.500000
v -22.527663 5.552570 9.071637
v -22.886688 5.641062 8.701867
v -23.302604 5.743576 8.401924
v -23.762771 5.856997 8.180922
v -24.253210 5.977879 8.045577
v -21.466042 6.892900 10.479055
v -21.594907 6.934280 9.973940
v -21.805326 7.001847 9.500000
v -22.090907 7.093549 9.071637
v -22.442972 7.206600 8.701867
v -22.850824 7.337564 8.401924
v -23.302070 7.482462 8.180922
v -23.783000 7.636892 8.045577
v -20.939345 8.357443 10.479055
v -21.065048 8.407615 9.973940
v -21.270305 8.489538 9.500000
v -21.548878 8.600724 9.071637
v -21.892305 8.737795 8.701867
v -22.290150 8.896585 8.401924
v -22.730324 9.072270 8.180922
v -23.199454 9.259512 8.045577
v -20.312863 9.782159 10.479055
v -20.434805 9.840883 9.973940
v -20.633920 9.936772 9.500000
v -20.904160 10.066913 9.071637
v -21.237311 10.227350 8.701867
v -21.623253 10.413210 8.401924
v -22.050258 10.618844 8.180922
v -22.505351 10.838006 8.045577
v -19.589580 11.160259 10.479055
v -19.707180 11.227256 9.973940
v -19.899206 11.336653 9.500000
v -20.159823 11.485128 9.071637
v -20.481112 11.668167 8.701867
v -20.853311 11.880211 8.401924
v -21.265112 12.114815 8.180922
v -21.704001 12.364852 8.045577
v -18.885642 12.560125 9.973940
v -19.069663 12.682510 9.500000
v -19.319415 12.848611 9.071637
v -19.627311 13.053381 8.701867
v -19.983994 13.290597 8.401924
v -20.378628 13.553053 8.180922
v -16.875607 14.950483 10.479055
v -16.976914 15.040233 9.973940
v -17.142336 15.186785 9.500000
v -17.366847 15.385684 9.071637
v -17.643624 15.630887 8.701867
v -17.964258 15.914944 8.401924
v -18.319007 16.229224 8.180922
v -18.697091 16.564178 8.045577
v -19.795323 15.234776 8.045577
v -19.395030 14.926705 8.180922
v -19.019444 14.637648 8.401924
v -18.679977 14.376389 8.701867
v -18.386942 14.150865 9.071637
v -18.149244 13.967929 9.500000
v -17.974106 13.833140 9.973940
v -17.866847 13.750592 10.479055
v -15.803946 16.079127 10.479055
v -15.898820 16.175653 9.973940
v -16.053737 16.333268 9.500000
v -16.263990 16.547182 9.071637
v -16.523191 16.810896 8.701867
v -16.823464 17.116398 8.401924
v -17.155685 17.454403 8.180922
v -17.509760 17.814643 8.045577
v -14.656972 17.131147 10.479055
v -14.744960 17.233989 9.973940
v -14.888634 17.401916 9.500000
v -15.083629 17.629826 9.071637
v -15.324018 17.910794 8.701867
v -15.602498 18.236284 8.401924
v -15.910608 18.596405 8.180922
v -16.238986 18.980214 8.045577
v -13.440151 18.101530 10.479055
v -13.520834 18.210197 9.973940
v -13.652581 18.387636 9.500000
v -13.831386 18.628456 9.071637
v -14.051819 18.925339 8.701867
v -14.307180 19.269266 8.401924
v -14.589710 19.649785 8.180922
v -14.890826 20.055336 8.045577
v -12.159281 18.985650 10.479055
v -12.232276 19.099625 9.973940
v -12.351466 19.285730 9.500000
v -12.513232 19.538312 9.071637
v -12.712656 19.849697 8.701867
v -12.943681 20.210421 8.401924
v -13.199286 20.609526 8.180922
v -13.471705 21.034885 8.045577
v -10.820467 19.779295 10.479055
v -10.885425 19.898034 9.973940
v -10.991492 20.091919 9.500000
v -11.135445 20.355060 9.071637
v -11.312912 20.679461 8.701867
v -11.518499 21.055265 8.401924
v -11.745961 21.471053 8.180922
v -11.988385 21.914193 8.045577
v -9.430089 20.478683 10.479055
v -9.486699 20.601620 9.973940
v -9.579137 20.802361 9.500000
v -9.704594 21.074807 9.071637
v -9.859257 21.410678 8.701867
v -10.038427 21.799770 8.401924
v -10.236661 22.230261 8.180922
v -10.447935 22.689069 8.045577
v -8.042766 21.207031 9.973940
v -8.121134 21.413671 9.500000
v -8.227495 21.694122 9.071637
v -8.358618 22.039864 8.701867
v -8.510517 22.440390 8.401924
v -8.678579 22.883531 8.180922
v -8.857695 23.355823 8.045577
v -5.016863 21.980312 10.479055
v -5.046980 22.112264 9.973940
v -5.096157 22.327725 9.500000
v -5.162901 22.620147 9.071637
v -5.245183 22.980647 8.701867
v -5.340502 23.398270 8.401924
v -5.445964 23.860327 8.180922
v -5.558363 24.352778 8.045577
v -7.225245 23.911275 8.045577
v -7.079139 23.427751 8.180922
v -6.942051 22.974071 8.401924
v -6.818146 22.564019 8.701867
v -6.711189 22.210055 9.071637
v -6.624430 21.922934 9.500000
v -6.560505 21.711380 9.973940
v -6.521356 21.581820 10.479055
v -3.488462 22.274058 10.479055
v -3.509404 22.407773 9.973940
v -3.543599 22.626114 9.500000
v -3.590009 22.922444 9.071637
v -3.647224 23.287762 8.701867
v -3.713504 23.710966 8.401924
v -3.786836 24.179197 8.180922
v -3.864993 24.678230 8.045577
v -1.943437 22.461658 10.479055
v -1.955104 22.596500 9.973940
v -1.974155 22.816679 9.500000
v -2.000010 23.115505 9.071637
v -2.031884 23.483899 8.701867
v -2.068809 23.910668 8.401924
v -2.109663 24.382843 8.180922
v -2.153204 24.886079 8.045577
v -0.389151 22.542218 10.479055
v -0.391487 22.677543 9.973940
v -0.395302 22.898512 9.500000
v -0.400479 23.198410 9.071637
v -0.406862 23.568126 8.701867
v -0.414255 23.996425 8.401924
v -0.422436 24.470294 8.180922
v -0.431155 24.975334 8.045577
v 1.166990 22.515354 10.479055
v 1.173995 22.650518 9.973940
v 1.185435 22.871223 9.500000
v 1.200960 23.170764 9.071637
v 1.220100 23.540039 8.701867
v 1.242272 23.967828 8.401924
v 1.266804 24.441132 8.180922
v 1.292950 24.945571 8.045577
v 2.717569 22.381194 10.479055
v 2.733883 22.515553 9.973940
v 2.760522 22.734943 9.500000
v 2.796676 23.032699 9.071637
v 2.841247 23.399773 8.701867
v 2.892880 23.825013 8.401924
v 2.950007 24.295497 8.180922
v 3.010892 24.796930 8.045577
v 4.255198 22.140378 10.479055
v 4.280743 22.273291 9.973940
v 4.322454 22.490320 9.500000
v 4.379065 22.784872 9.071637
v 4.448854 23.147997 8.701867
v 4.529702 23.568661 8.401924
v 4.619153 24.034083 8.180922
v 4.714487 24.530121 8.045577
v 5.807203 21.924886 9.973940
v 5.863788 22.138521 9.500000
v 5.940585 22.428466 9.071637
v 6.035261 22.785910 8.701867
v 6.144938 23.199994 8.401924
v 6.266285 23.658136 8.180922
v 8.717625 20.791971 10.479055
v 8.769958 20.916789 9.973940
v 8.855412 21.120601 9.500000
v 8.971390 21.397214 9.071637
v 9.114368 21.738224 8.701867
v 9.280002 22.133268 8.401924
v 9.463259 22.570345 8.180922
v 9.658570 23.036172 8.045577
v 8.046264 23.647639 8.045577
v 7.883556 23.169447 8.180922
v 7.730891 22.720769 8.401924
v 7.592906 22.315238 8.701867
v 7.473796 21.965177 9.071637
v 7.377178 21.681221 9.500000
v 7.305989 21.471999 9.973940
v 7.262391 21.343868 10.479055
v 10.131315 20.140990 10.479055
v 10.192135 20.261900 9.973940
v 10.291447 20.459331 9.500000
v 10.426232 20.727284 9.071637
v 10.592396 21.057617 8.701867
v 10.784890 21.440293 8.401924
v 10.997864 21.863685 8.180922
v 11.224848 22.314928 8.045577
v 11.496725 19.394029 10.479055
v 11.565742 19.510455 9.973940
v 11.678438 19.700564 9.500000
v 11.831388 19.958579 9.071637
v 12.019946 20.276661 8.701867
v 12.238383 20.645145 8.401924
v 12.480060 21.052834 8.180922
v 12.737635 21.487342 8.045577
v 12.807347 18.554646 10.479055
v 12.884232 18.666033 9.973940
v 13.009776 18.847914 9.500000
v 13.180163 19.094762 9.071637
v 13.390216 19.399077 8.701867
v 13.633554 19.751613 8.401924
v 13.902782 20.141657 8.180922
v 14.189721 20.557360 8.045577
v 14.056937 17.626842 10.479055
v 14.141324 17.732659 9.973940
v 14.279116 17.905445 9.500000
v 14.466127 18.139950 9.071637
v 14.696675 18.429048 8.701867
v 14.963755 18.763956 8.401924
v 15.259252 19.134496 8.180922
v 15.574186 19.529412 8.045577
v 15.239539 16.615038 10.479055
v 15.331025 16.714781 9.973940
v 15.480410 16.877649 9.500000
v 15.683154 17.098693 9.071637
v 15.933098 17.371196 8.701867
v 16.222647 17.686880 8.401924
v 16.543004 18.036151 8.180922
v 16.884434 18.408398 8.045577
v 16.349518 15.524055 10.479055
v 16.447667 15.617249 9.973940
v 16.607933 15.769423 9.500000
v 16.825444 15.975952 9.071637
v 17.093593 16.230563 8.701867
v 17.404231 16.525518 8.401924
v 17.747921 16.851855 8.180922
v 18.114219 17.199659 8.045577
v 17.485929 14.445294 9.973940
v 17.656311 14.586048 9.500000
v 17.887553 14.777079 9.071637
v 18.172629 15.012583 8.701867
v 18.502876 15.285404 8.401924
v 18.868261 15.587252 8.180922
v 19.257682 15.908956 8.045577
v 19.192699 11.829765 10.479055
v 19.307916 11.900782 9.973940
v 19.496051 12.016742 9.500000
v 19.751388 12.174124 9.071637
v 20.066168 12.368144 8.701867
v 20.430827 12.592908 8.401924
v 20.834284 12.841586 8.180922
v 21.264281 13.106623 8.045577
v 20.309373 14.542440 8.045577
v 19.898686 14.248369 8.180922
v 19.513346 13.972448 8.401924
v 19.165063 13.723062 8.701867
v 18.864419 13.507787 9.071637
v 18.620549 13.333164 9.500000
v 18.440862 13.204501 9.973940
v 18.330819 13.125704 10.479055
v 19.963117 10.477452 10.479055
v 20.082959 10.540350 9.973940
v 20.278646 10.643055 9.500000
v 20.544233 10.782445 9.071637
v 20.871648 10.954286 8.701867
v 21.250945 11.153356 8.401924
v 21.670597 11.373607 8.180922
v 22.117855 11.608346 8.045577
v 20.638402 9.075209 10.479055
v 20.762298 9.129689 9.973940
v 20.964604 9.218648 9.500000
v 21.239175 9.339383 9.071637
v 21.577665 9.488226 8.701867
v 21.969792 9.660654 8.401924
v 22.403640 9.851427 8.180922
v 22.866027 10.054750 8.045577
v 21.215335 7.629718 10.479055
v 21.342695 7.675521 9.973940
v 21.550657 7.750311 9.500000
v 21.832902 7.851815 9.071637
v 22.180855 7.976950 8.701867
v 22.583944 8.121914 8.401924
v 23.029920 8.282301 8.180922
v 23.505233 8.453239 8.045577
v 21.691167 6.147868 10.479055
v 21.821384 6.184775 9.973940
v 22.034010 6.245039 9.500000
v 22.322586 6.326830 9.071637
v 22.678343 6.427661 8.701867
v 23.090472 6.544469 8.401924
v 23.546451 6.673706 8.180922
v 24.032425 6.811444 8.045577
v 22.063632 4.636721 10.479055
v 22.196084 4.664556 9.973940
v 22.412361 4.710007 9.500000
v 22.705893 4.771694 9.071637
v 23.067759 4.847741 8.701867
v 23.486965 4.935838 8.401924
v 23.950773 5.033308 8.180922
v 24.445091 5.137190 8.045577
v 22.330953 3.103478 10.479055
v 22.465010 3.122109 9.973940
v 22.683908 3.152530 9.500000
v 22.980995 3.193818 9.071637
v 23.347246 3.244719 8.701867
v 23.771531 3.303684 8.401924
v 24.240959 3.368924 8.180922
v 24.741266 3.438455 8.045577
v 22.491857 1.555445 10.479055
v 22.626880 1.564783 9.973940
v 22.847355 1.580030 9.500000
v 23.146583 1.600723 9.071637
v 23.515472 1.626234 8.701867
v 23.942815 1.655787 8.401924
v 24.415625 1.688485 8.180922
v 24.919537 1.723334 8.045577
v 24.114669 -43.800488 8.000000
v 26.369038 -42.481453 8.000000
v 28.551451 -41.046493 8.000000
v 30.655953 -39.499526 8.000000
v 32.676800 -37.844771 8.000000
v 34.608479 -36.086745 8.000000
v 36.445717 -34.230246 8.000000
v 38.183502 -32.280338 8.000000
v 39.817091 -30.242343 8.000000
v 41.342026 -28.121822 8.000000
v 42.754147 -25.924562 8.000000
v 44.049600 -23.656559 8.000000
v 45.224849 -21.324001 8.000000
v 46.276688 -18.933255 8.000000
v 47.202247 -16.490842 8.000000
v 47.999000 -14.003430 8.000000
v 48.664772 -11.477804 8.000000
v 49.197747 -8.920858 8.000000
v 49.596470 -6.339569 8.000000
v 49.859854 -3.740980 8.000000
v 49.987180 -1.132182 8.000000
v 49.978100 1.479705 8.000000
v 49.832639 4.087554 8.000000
v 49.551194 6.684249 8.000000
v 49.134533 9.262704 8.000000
v 48.583793 11.815883 8.000000
v 47.900477 14.336818 8.000000
v 47.086449 16.818631 8.000000
v 46.143931 19.254549 8.000000
v 45.075495 21.637924 8.000000
v 43.884056 23.962254 8.000000
v 42.572866 26.221196 8.000000
v 41.145502 28.408584 8.000000
v 39.605860 30.518451 8.000000
v 37.958141 32.545039 8.000000
v 36.206841 34.482817 8.000000
v 34.356739 36.326498 8.000000
v 32.412884 38.071051 8.000000
v 30.380581 39.711715 8.000000
v 28.265374 41.244013 8.000000
v 26.073037 42.663764 8.000000
v 23.809551 43.967093 8.000000
v 21.481093 45.150445 8.000000
v 19.094017 46.210589 8.000000
v 16.654837 47.144633 8.000000
v 14.170209 47.950028 8.000000
v 11.646914 48.624576 8.000000
v 9.091836 49.166437 8.000000
v 6.511948 49.574132 8.000000
v 3.914290 49.846548 8.000000
v 1.305951 49.982942 8.000000
v -1.305951 49.982942 8.000000
v -3.914290 49.846548 8.000000
v -6.511948 49.574132 8.000000
v -9.091836 49.166437 8.000000
v -11.646914 48.624576 8.000000
v -14.170209 47.950028 8.000000
v -16.654837 47.144633 8.000000
v -19.094017 46.210589 8.000000
v -21.481093 45.150445 8.000000
v -23.809551 43.967093 8.000000
v -26.073037 42.663764 8.000000
v -28.265374 41.244013 8.000000
v -30.380581 39.711715 8.000000
v -32.412884 38.071051 8.000000
v -34.356739 36.326498 8.000000
v -36.206841 34.482817 8.000000
v -37.958141 32.545039 8.000000
v -39.605860 30.518451 8.000000
v -41.145502 28.408584 8.000000
v -42.572866 26.221196 8.000000
v -43.884056 23.962254 8.000000
v -45.075495 21.637924 8.000000
v -46.143931 19.254549 8.000000
v -47.086449 16.818631 8.000000
v -47.900477 14.336818 8.000000
v -48.583793 11.815883 8.000000
v -49.134533 9.262704 8.000000
v -49.551194 6.684249 8.000000
v -49.832639 4.087554 8.000000
v -49.978100 1.479705 8.000000
v -49.987180 -1.132182 8.000000
v -49.859854 -3.740980 8.000000
v -49.596470 -6.339569 8.000000
v -49.197747 -8.920858 8.000000
v -48.664772 -11.477804 8.000000
v -47.999000 -14.003430 8.000000
v -47.202247 -16.490842 8.000000
v -46.276688 -18.933255 8.000000
v -45.224849 -21.324001 8.000000
v -44.049600 -23.656559 8.000000
v -42.754147 -25.924562 8.000000
v -41.342026 -28.121822 8.000000
v -39.817091 -30.242343 8.000000
v -38.183502 -32.280338 8.000000
v -36.445717 -34.230246 8.000000
v -34.608479 -36.086745 8.000000
v -32.676800 -37.844771 8.000000
v -30.655953 -39.499526 8.000000
v -28.551451 -41.046493 8.000000
v -26.369038 -42.481453 8.000000
v -24.114669 -43.800488 8.000000
v -26.910889 -17.500000 8.000000
v -26.962543 -18.090404 8.000000
v -27.115934 -18.662868 8.000000
v -27.366403 -19.200000 8.000000
v -27.706338 -19.685478 8.000000
v -28.125411 -20.104551 8.000000
v -28.610889 -20.444486 8.000000
v -29.148021 -20.694955 8.000000
v -29.720485 -20.848346 8.000000
v -30.310889 -20.900000 8.000000
v -30.901293 -20.848346 8.000000
v -31.473758 -20.694955 8.000000
v -32.010889 -20.444486 8.000000
v -32.496367 -20.104551 8.000000
v -32.915440 -19.685478 8.000000
v -33.255376 -19.200000 8.000000
v -33.505844 -18.662868 8.000000
v -33.659235 -18.090404 8.000000
v -33.710889 -17.500000 8.000000
v -33.659235 -16.909596 8.000000
v -33.505844 -16.337132 8.000000
v -33.255376 -15.800000 8.000000
v -32.915440 -15.314522 8.000000
v -32.496367 -14.895449 8.000000
v -32.010889 -14.555514 8.000000
v -31.473758 -14.305045 8.000000
v -30.901293 -14.151654 8.000000
v -30.310889 -14.100000 8.000000
v -29.720485 -14.151654 8.000000
v -29.148021 -14.305045 8.000000
v -28.610889 -14.555514 8.000000
v -28.125411 -14.895449 8.000000
v -27.706338 -15.314522 8.000000
v -27.366403 -15.800000 8.000000
v -27.115934 -16.337132 8.000000
v -26.962543 -16.909596 8.000000
v 33.710889 -17.500000 8.000000
v 33.659235 -18.090404 8.000000
v 33.505844 -18.662868 8.000000
v 33.255376 -19.200000 8.000000
v 32.915440 -19.685478 8.000000
v 32.496367 -20.104551 8.000000
v 32.010889 -20.444486 8.000000
v 31.473758 -20.694955 8.000000
v 30.901293 -20.848346 8.000000
v 30.310889 -20.900000 8.000000
v 29.720485 -20.848346 8.000000
v 29.148021 -20.694955 8.000000
v 28.610889 -20.444486 8.000000
v 28.125411 -20.104551 8.000000
v 27.706338 -19.685478 8.000000
v 27.366403 -19.200000 8.000000
v 27.115934 -18.662868 8.000000
v 26.962543 -18.090404 8.000000
v 26.910889 -17.500000 8.000000
v 26.962543 -16.909596 8.000000
v 27.115934 -16.337132 8.000000
v 27.366403 -15.800000 8.000000
v 27.706338 -15.314522 8.000000
v 28.125411 -14.895449 8.000000
v 28.610889 -14.555514 8.000000
v 29.148021 -14.305045 8.000000
v 29.720485 -14.151654 8.000000
v 30.310889 -14.100000 8.000000
v 30.901293 -14.151654 8.000000
v 31.473758 -14.305045 8.000000
v 32.010889 -14.555514 8.000000
v 32.496367 -14.895449 8.000000
v 32.915440 -15.314522 8.000000
v 33.255376 -15.800000 8.000000
v 33.505844 -16.337132 8.000000
v 33.659235 -16.909596 8.000000
v 3.400000 35.000000 8.000000
v 3.348346 34.409596 8.000000
v 3.194955 33.837132 8.000000
v 2.944486 33.300000 8.000000
v 2.604551 32.814522 8.000000
v 2.185478 32.395449 8.000000
v 1.700000 32.055514 8.000000
v 1.162868 31.805045 8.000000
v 0.590404 31.651654 8.000000
v -0.000000 31.600000 8.000000
v -0.590404 31.651654 8.000000
v -1.162868 31.805045 8.000000
v -1.700000 32.055514 8.000000
v -2.185478 32.395449 8.000000
v -2.604551 32.814522 8.000000
v -2.944486 33.300000 8.000000
v -3.194955 33.837132 8.000000
v -3.348346 34.409596 8.000000
v -3.400000 35.000000 8.000000
v -3.348346 35.590404 8.000000
v -3.194955 36.162868 8.000000
v -2.944486 36.700000 8.000000
v -2.604551 37.185478 8.000000
v -2.185478 37.604551 8.000000
v -1.700000 37.944486 8.000000
v -1.162868 38.194955 8.000000
v -0.590404 38.348346 8.000000
v -0.000000 38.400000 8.000000
v 0.590404 38.348346 8.000000
v 1.162868 38.194955 8.000000
v 1.700000 37.944486 8.000000
v 2.185478 37.604551 8.000000
v 2.604551 37.185478 8.000000
v 2.944486 36.700000 8.000000
v 3.194955 36.162868 8.000000
v 3.348346 35.590404 8.000000
v -21.794495 -45.000000 308.000000
v -21.794495 -45.000000 316.000000
v -24.114669 -43.800488 316.000000
v -26.369038 -42.481453 316.000000
v -28.551451 -41.046493 316.000000
v -30.655953 -39.499526 316.000000
v -32.676800 -37.844771 316.000000
v -34.608479 -36.086745 316.000000
v -36.445717 -34.230246 316.000000
v -38.183502 -32.280338 316.000000
v -39.817091 -30.242343 316.000000
v -41.342026 -28.121822 316.000000
v -42.754147 -25.924562 316.000000
v -44.049600 -23.656559 316.000000
v -45.224849 -21.324001 316.000000
v -46.276688 -18.933255 316.000000
v -47.202247 -16.490842 316.000000
v -47.999000 -14.003430 316.000000
v -48.664772 -11.477804 316.000000
v -49.197747 -8.920858 316.000000
v -49.596470 -6.339569 316.000000
v -49.859854 -3.740980 316.000000
v -49.987180 -1.132182 316.000000
v -49.978100 1.479705 316.000000
v -49.832639 4.087554 316.000000
v -49.551194 6.684249 316.000000
v -49.134533 9.262704 316.000000
v -48.583793 11.815883 316.000000
v -47.900477 14.336818 316.000000
v -47.086449 16.818631 316.000000
v -46.143931 19.254549 316.000000
v -45.075495 21.637924 316.000000
v -43.884056 23.962254 316.000000
v -42.572866 26.221196 316.000000
v -41.145502 28.408584 316.000000
v -39.605860 30.518451 316.000000
v -37.958141 32.545039 316.000000
v -36.206841 34.482817 316.000000
v -34.356739 36.326498 316.000000
v -32.412884 38.071051 316.000000
v -30.380581 39.711715 316.000000
v -28.265374 41.244013 316.000000
v -26.073037 42.663764 316.000000
v -23.809551 43.967093 316.000000
v -21.481093 45.150445 316.000000
v -19.094017 46.210589 316.000000
v -16.654837 47.144633 316.000000
v -14.170209 47.950028 316.000000
v -11.646914 48.624576 316.000000
v -9.091836 49.166437 316.000000
v -6.511948 49.574132 316.000000
v -3.914290 49.846548 316.000000
v -1.305951 49.982942 316.000000
v 1.305951 49.982942 316.000000
v 3.914290 49.846548 316.000000
v 6.511948 49.574132 316.000000
v 9.091836 49.166437 316.000000
v 11.646914 48.624576 316.000000
v 14.170209 47.950028 316.000000
v 16.654837 47.144633 316.000000
v 19.094017 46.210589 316.000000
v 21.481093 45.150445 316.000000
v 23.809551 43.967093 316.000000
v 26.073037 42.663764 316.000000
v 28.265374 41.244013 316.000000
v 30.380581 39.711715 316.000000
v 32.412884 38.071051 316.000000
v 34.356739 36.326498 316.000000
v 36.206841 34.482817 316.000000
v 37.958141 32.545039 316.000000
v 39.605860 30.518451 316.000000
v 41.145502 28.408584 316.000000
v 42.572866 26.221196 316.000000
v 43.884056 23.962254 316.000000
v 45.075495 21.637924 316.000000
v 46.143931 19.254549 316.000000
v 47.086449 16.818631 316.000000
v 47.900477 14.336818 316.000000
v 48.583793 11.815883 316.000000
v 49.134533 9.262704 316.000000
v 49.551194 6.684249 316.000000
v 49.832639 4.087554 316.000000
v 49.978100 1.479705 316.000000
v 49.987180 -1.132182 316.000000
v 49.859854 -3.740980 316.000000
v 49.596470 -6.339569 316.000000
v 49.197747 -8.920858 316.000000
v 48.664772 -11.477804 316.000000
v 47.999000 -14.003430 316.000000
v 47.202247 -16.490842 316.000000
v 46.276688 -18.933255 316.000000
v 45.224849 -21.324001 316.000000
v 44.049600 -23.656559 316.000000
v 42.754147 -25.924562 316.000000
v 41.342026 -28.121822 316.000000
v 39.817091 -30.242343 316.000000
v 38.183502 -32.280338 316.000000
v 36.445717 -34.230246 316.000000
v 34.608479 -36.086745 316.000000
v 32.676800 -37.844771 316.000000
v 30.655953 -39.499526 316.000000
v 28.551451 -41.046493 316.000000
v 26.369038 -42.481453 316.000000
v 24.114669 -43.800488 316.000000
v 21.794495 -45.000000 316.000000
v 21.794495 -45.000000 308.000000
v 24.114669 -43.800488 308.000000
v 26.369038 -42.481453 308.000000
v 28.551451 -41.046493 308.000000
v 30.655953 -39.499526 308.000000
v 32.676800 -37.844771 308.000000
v 34.608479 -36.086745 308.000000
v 36.445717 -34.230246 308.000000
v 38.183502 -32.280338 308.000000
v 39.817091 -30.242343 308.000000
v 41.342026 -28.121822 308.000000
v 42.754147 -25.924562 308.000000
v 44.049600 -23.656559 308.000000
v 45.224849 -21.324001 308.000000
v 46.276688 -18.933255 308.000000
v 47.202247 -16.490842 308.000000
v 47.999000 -14.003430 308.000000
v 48.664772 -11.477804 308.000000
v 49.197747 -8.920858 308.000000
v 49.596470 -6.339569 308.000000
v 49.859854 -3.740980 308.000000
v 49.987180 -1.132182 308.000000
v 49.978100 1.479705 308.000000
v 49.832639 4.087554 308.000000
v 49.551194 6.684249 308.000000
v 49.134533 9.262704 308.000000
v 48.583793 11.815883 308.000000
v 47.900477 14.336818 308.000000
v 47.086449 16.818631 308.000000
v 46.143931 19.254549 308.000000
v 45.075495 21.637924 308.000000
v 43.884056 23.962254 308.000000
v 42.572866 26.221196 308.000000
v 41.145502 28.408584 308.000000
v 39.605860 30.518451 308.000000
v 37.958141 32.545039 308.000000
v 36.206841 34.482817 308.000000
v 34.356739 36.326498 308.000000
v 32.412884 38.071051 308.000000
v 30.380581 39.711715 308.000000
v 28.265374 41.244013 308.000000
v 26.073037 42.663764 308.000000
v 23.809551 43.967093 308.000000
v 21.481093 45.150445 308.000000
v 19.094017 46.210589 308.000000
v 16.654837 47.144633 308.000000
v 14.170209 47.950028 308.000000
v 11.646914 48.624576 308.000000
v 9.091836 49.166437 308.000000
v 6.511948 49.574132 308.000000
v 3.914290 49.846548 308.000000
v 1.305951 49.982942 308.000000
v -1.305951 49.982942 308.000000
v -3.914290 49.846548 308.000000
v -6.511948 49.574132 308.000000
v -9.091836 49.166437 308.000000
v -11.646914 48.624576 308.000000
v -14.170209 47.950028 308.000000
v -16.654837 47.144633 308.000000
v -19.094017 46.210589 308.000000
v -21.481093 45.150445 308.000000
v -23.809551 43.967093 308.000000
v -26.073037 42.663764 308.000000
v -28.265374 41.244013 308.000000
v -30.380581 39.711715 308.000000
v -32.412884 38.071051 308.000000
v -34.356739 36.326498 308.000000
v -36.206841 34.482817 308.000000
v -37.958141 32.545039 308.000000
v -39.605860 30.518451 308.000000
v -41.145502 28.408584 308.000000
v -42.572866 26.221196 308.000000
v -43.884056 23.962254 308.000000
v -45.075495 21.637924 308.000000
v -46.143931 19.254549 308.000000
v -47.086449 16.818631 308.000000
v -47.900477 14.336818 308.000000
v -48.583793 11.815883 308.000000
v -49.134533 9.262704 308.000000
v -49.551194 6.684249 308.000000
v -49.832639 4.087554 308.000000
v -49.978100 1.479705 308.000000
v -49.987180 -1.132182 308.000000
v -49.859854 -3.740980 308.000000
v -49.596470 -6.339569 308.000000
v -49.197747 -8.920858 308.000000
v -48.664772 -11.477804 308.000000
v -47.999000 -14.003430 308.000000
v -47.202247 -16.490842 308.000000
v -46.276688 -18.933255 308.000000
v -45.224849 -21.324001 308.000000
v -44.049600 -23.656559 308.000000
v -42.754147 -25.924562 308.000000
v -41.342026 -28.121822 308.000000
v -39.817091 -30.242343 308.000000
v -38.183502 -32.280338 308.000000
v -36.445717 -34.230246 308.000000
v -34.608479 -36.086745 308.000000
v -32.676800 -37.844771 308.000000
v -30.655953 -39.499526 308.000000
v -28.551451 -41.046493 308.000000
v -26.369038 -42.481453 308.000000
v -24.114669 -43.800488 308.000000
v -26.910889 -17.500000 308.000000
v -26.962543 -18.090404 308.000000
v -27.115934 -18.662868 308.000000
v -27.366403 -19.200000 308.000000
v -27.706338 -19.685478 308.000000
v -28.125411 -20.104551 308.000000
v -28.610889 -20.444486 308.000000
v -29.148021 -20.694955 308.000000
v -29.720485 -20.848346 308.000000
v -30.310889 -20.900000 308.000000
v -30.901293 -20.848346 308.000000
v -31.473758 -20.694955 308.000000
v -32.010889 -20.444486 308.000000
v -32.496367 -20.104551 308.000000
v -32.915440 -19.685478 308.000000
v -33.255376 -19.200000 308.000000
v -33.505844 -18.662868 308.000000
v -33.659235 -18.090404 308.000000
v -33.710889 -17.500000 308.000000
v -33.659235 -16.909596 308.000000
v -33.505844 -16.337132 308.000000
v -33.255376 -15.800000 308.000000
v -32.915440 -15.314522 308.000000
v -32.496367 -14.895449 308.000000
v -32.010889 -14.555514 308.000000
v -31.473758 -14.305045 308.000000
v -30.901293 -14.151654 308.000000
v -30.310889 -14.100000 308.000000
v -29.720485 -14.151654 308.000000
v -29.148021 -14.305045 308.000000
v -28.610889 -14.555514 308.000000
v -28.125411 -14.895449 308.000000
v -27.706338 -15.314522 308.000000
v -27.366403 -15.800000 308.000000
v -27.115934 -16.337132 308.000000
v -26.962543 -16.909596 308.000000
v -26.910889 -17.500000 316.000000
v -26.962543 -16.909596 316.000000
v -27.115934 -16.337132 316.000000
v -27.366403 -15.800000 316.000000
v -27.706338 -15.314522 316.000000
v -28.125411 -14.895449 316.000000
v -28.610889 -14.555514 316.000000
v -29.148021 -14.305045 316.000000
v -29.720485 -14.151654 316.000000
v -30.310889 -14.100000 316.000000
v -30.901293 -14.151654 316.000000
v -31.473758 -14.305045 316.000000
v -32.010889 -14.555514 316.000000
v -32.496367 -14.895449 316.000000
v -32.915440 -15.314522 316.000000
v -33.255376 -15.800000 316.000000
v -33.505844 -16.337132 316.000000
v -33.659235 -16.909596 316.000000
v -33.710889 -17.500000 316.000000
v -33.659235 -18.090404 316.000000
v -33.505844 -18.662868 316.000000
v -33.255376 -19.200000 316.000000
v -32.915440 -19.685478 316.000000
v -32.496367 -20.104551 316.000000
v -32.010889 -20.444486 316.000000
v -31.473758 -20.694955 316.000000
v -30.901293 -20.848346 316.000000
v -30.310889 -20.900000 316.000000
v -29.720485 -20.848346 316.000000
v -29.148021 -20.694955 316.000000
v -28.610889 -20.444486 316.000000
v -28.125411 -20.104551 316.000000
v -27.706338 -19.685478 316.000000
v -27.366403 -19.200000 316.000000
v -27.115934 -18.662868 316.000000
v -26.962543 -18.090404 316.000000
v 33.710889 -17.500000 308.000000
v 33.659235 -18.090404 308.000000
v 33.505844 -18.662868 308.000000
v 33.255376 -19.200000 308.000000
v 32.915440 -19.685478 308.000000
v 32.496367 -20.104551 308.000000
v 32.010889 -20.444486 308.000000
v 31.473758 -20.694955 308.000000
v 30.901293 -20.848346 308.000000
v 30.310889 -20.900000 308.000000
v 29.720485 -20.848346 308.000000
v 29.148021 -20.694955 308.000000
v 28.610889 -20.444486 308.000000
v 28.125411 -20.104551 308.000000
v 27.706338 -19.685478 308.000000
v 27.366403 -19.200000 308.000000
v 27.115934 -18.662868 308.000000
v 26.962543 -18.090404 308.000000
v 26.910889 -17.500000 308.000000
v 26.962543 -16.909596 308.000000
v 27.115934 -16.337132 308.000000
v 27.366403 -15.800000 308.000000
v 27.706338 -15.314522 308.000000
v 28.125411 -14.895449 308.000000
v 28.610889 -14.555514 308.000000
v 29.148021 -14.305045 308.000000
v 29.720485 -14.151654 308.000000
v 30.310889 -14.100000 308.000000
v 30.901293 -14.151654 308.000000
v 31.473758 -14.305045 308.000000
v 32.010889 -14.555514 308.000000
v 32.496367 -14.895449 308.000000
v 32.915440 -15.314522 308.000000
v 33.255376 -15.800000 308.000000
v 33.505844 -16.337132 308.000000
v 33.659235 -16.909596 308.000000
v 33.710889 -17.500000 316.000000
v 33.659235 -16.909596 316.000000
v 33.505844 -16.337132 316.000000
v 33.255376 -15.800000 316.000000
v 32.915440 -15.314522 316.000000
v 32.496367 -14.895449 316.000000
v 32.010889 -14.555514 316.000000
v 31.473758 -14.305045 316.000000
v 30.901293 -14.151654 316.000000
v 30.310889 -14.100000 316.000000
v 29.720485 -14.151654 316.000000
v 29.148021 -14.305045 316.000000
v 28.610889 -14.555514 316.000000
v 28.125411 -14.895449 316.000000
v 27.706338 -15.314522 316.000000
v 27.366403 -15.800000 316.000000
v 27.115934 -16.337132 316.000000
v 26.962543 -16.909596 316.000000
v 26.910889 -17.500000 316.000000
v 26.962543 -18.090404 316.000000
v 27.115934 -18.662868 316.000000
v 27.366403 -19.200000 316.000000
v 27.706338 -19.685478 316.000000
v 28.125411 -20.104551 316.000000
v 28.610889 -20.444486 316.000000
v 29.148021 -20.694955 316.000000
v 29.720485 -20.848346 316.000000
v 30.310889 -20.900000 316.000000
v 30.901293 -20.848346 316.000000
v 31.473758 -20.694955 316.000000
v 32.010889 -20.444486 316.000000
v 32.496367 -20.104551 316.000000
v 32.915440 -19.685478 316.000000
v 33.255376 -19.200000 316.000000
v 33.505844 -18.662868 316.000000
v 33.659235 -18.090404 316.000000
v 3.400000 35.000000 308.000000
v 3.348346 34.409596 308.000000
v 3.194955 33.837132 308.000000
v 2.944486 33.300000 308.000000
v 2.604551 32.814522 308.000000
v 2.185478 32.395449 308.000000
v 1.700000 32.055514 308.000000
v 1.162868 31.805045 308.000000
v 0.590404 31.651654 308.000000
v -0.000000 31.600000 308.000000
v -0.590404 31.651654 308.000000
v -1.162868 31.805045 308.000000
v -1.700000 32.055514 308.000000
v -2.185478 32.395449 308.000000
v -2.604551 32.814522 308.000000
v -2.944486 33.300000 308.000000
v -3.194955 33.837132 308.000000
v -3.348346 34.409596 308.000000
v -3.400000 35.000000 308.000000
v -3.348346 35.590404 308.000000
v -3.194955 36.162868 308.000000
v -2.944486 36.700000 308.000000
v -2.604551 37.185478 308.000000
v -2.185478 37.604551 308.000000
v -1.700000 37.944486 308.000000
v -1.162868 38.194955 308.000000
v -0.590404 38.348346 308.000000
v -0.000000 38.400000 308.000000
v 0.590404 38.348346 308.000000
v 1.162868 38.194955 308.000000
v 1.700000 37.944486 308.000000
v 2.185478 37.604551 308.000000
v 2.604551 37.185478 308.000000
v 2.944486 36.700000 308.000000
v 3.194955 36.162868 308.000000
v 3.348346 35.590404 308.000000
v 3.400000 35.000000 316.000000
v 3.348346 35.590404 316.000000
v 3.194955 36.162868 316.000000
v 2.944486 36.700000 316.000000
v 2.604551 37.185478 316.000000
v 2.185478 37.604551 316.000000
v 1.700000 37.944486 316.000000
v 1.162868 38.194955 316.000000
v 0.590404 38.348346 316.000000
v -0.000000 38.400000 316.000000
v -0.590404 38.348346 316.000000
v -1.162868 38.194955 316.000000
v -1.700000 37.944486 316.000000
v -2.185478 37.604551 316.000000
v -2.604551 37.185478 316.000000
v -2.944486 36.700000 316.000000
v -3.194955 36.162868 316.000000
v -3.348346 35.590404 316.000000
v -3.400000 35.000000 316.000000
v -3.348346 34.409596 316.000000
v -3.194955 33.837132 316.000000
v -2.944486 33.300000 316.000000
v -2.604551 32.814522 316.000000
v -2.185478 32.395449 316.000000
v -1.700000 32.055514 316.000000
v -1.162868 31.805045 316.000000
v -0.590404 31.651654 316.000000
v -0.000000 31.600000 316.000000
v 0.590404 31.651654 316.000000
v 1.162868 31.805045 316.000000
v 1.700000 32.055514 316.000000
v 2.185478 32.395449 316.000000
v 2.604551 32.814522 316.000000
v 2.944486 33.300000 316.000000
v 3.194955 33.837132 316.000000
v 3.348346 34.409596 316.000000
v 25.500000 -0.000000 308.000000
v 25.431973 1.861381 308.000000
v 25.228256 3.712830 308.000000
v 24.889935 5.544469 308.000000
v 24.418815 7.346527 308.000000
v 23.817411 9.109388 308.000000
v 23.088930 10.823646 308.000000
v 22.237260 12.480155 308.000000
v 21.266944 14.070077 308.000000
v 20.183160 15.584930 308.000000
v 18.991691 17.016630 308.000000
v 17.698892 18.357539 308.000000
v 16.311662 19.600502 308.000000
v 14.837402 20.738888 308.000000
v 13.283979 21.766624 308.000000
v 11.659679 22.678225 308.000000
v 9.973170 23.468828 308.000000
v 8.233450 24.134214 308.000000
v 6.449801 24.670834 308.000000
v 4.631740 25.075825 308.000000
v 2.788966 25.347025 308.000000
v 0.931312 25.482988 308.000000
v -0.931312 25.482988 308.000000
v -2.788966 25.347025 308.000000
v -4.631740 25.075825 308.000000
v -6.449801 24.670834 308.000000
v -8.233450 24.134214 308.000000
v -9.973170 23.468828 308.000000
v -11.659679 22.678225 308.000000
v -13.283979 21.766624 308.000000
v -14.837402 20.738888 308.000000
v -16.311662 19.600502 308.000000
v -17.698892 18.357539 308.000000
v -18.991691 17.016630 308.000000
v -20.183160 15.584930 308.000000
v -21.266944 14.070077 308.000000
v -22.237260 12.480155 308.000000
v -23.088930 10.823646 308.000000
v -23.817411 9.109388 308.000000
v -24.418815 7.346527 308.000000
v -24.889935 5.544469 308.000000
v -25.228256 3.712830 308.000000
v -25.431973 1.861381 308.000000
v -25.500000 0.000000 308.000000
v -25.431973 -1.861381 308.000000
v -25.228256 -3.712830 308.000000
v -24.889935 -5.544469 308.000000
v -24.418815 -7.346527 308.000000
v -23.817411 -9.109388 308.000000
v -23.088930 -10.823646 308.000000
v -22.237260 -12.480155 308.000000
v -21.266944 -14.070077 308.000000
v -20.183160 -15.584930 308.000000
v -18.991691 -17.016630 308.000000
v -17.698892 -18.357539 308.000000
v -16.311662 -19.600502 308.000000
v -14.837402 -20.738888 308.000000
v -13.283979 -21.766624 308.000000
v -11.659679 -22.678225 308.000000
v -9.973170 -23.468828 308.000000
v -8.233450 -24.134214 308.000000
v -6.449801 -24.670834 308.000000
v -4.631740 -25.075825 308.000000
v -2.788966 -25.347025 308.000000
v -0.931312 -25.482988 308.000000
v 0.931312 -25.482988 308.000000
v 2.788966 -25.347025 308.000000
v 4.631740 -25.075825 308.000000
v 6.449801 -24.670834 308.000000
v 8.233450 -24.134214 308.000000
v 9.973170 -23.468828 308.000000
v 11.659679 -22.678225 308.000000
v 13.283979 -21.766624 308.000000
v 14.837402 -20.738888 308.000000
v 16.311662 -19.600502 308.000000
v 17.698892 -18.357539 308.000000
v 18.991691 -17.016630 308.000000
v 20.183160 -15.584930 308.000000
v 21.266944 -14.070077 308.000000
v 22.237260 -12.480155 308.000000
v 23.088930 -10.823646 308.000000
v 23.817411 -9.109388 308.000000
v 24.418815 -7.346527 308.000000
v 24.889935 -5.544469 308.000000
v 25.228256 -3.712830 308.000000
v 25.431973 -1.861381 308.000000
v 22.500000 0.000000 305.000000
v 22.432341 1.743579 305.000000
v 22.229772 3.476673 305.000000
v 21.893510 5.188857 305.000000
v 21.425577 6.869835 305.000000
v 20.828789 8.509497 305.000000
v 20.106734 10.097982 305.000000
v 19.263755 11.625736 305.000000
v 18.304922 13.083572 305.000000
v 17.236000 14.462721 305.000000
v 16.063419 15.754890 305.000000
v 14.794231 16.952308 305.000000
v 13.436068 18.047772 305.000000
v 11.997100 19.034695 305.000000
v 10.485979 19.907140 305.000000
v 8.911795 20.659862 305.000000
v 7.284014 21.288334 305.000000
v 5.612426 21.788774 305.000000
v 3.907084 22.158174 305.000000
v 2.178245 22.394313 305.000000
v 0.436305 22.495769 305.000000
v -1.308259 22.461934 305.000000
v -3.044954 22.293009 305.000000
v -4.763337 21.990012 305.000000
v -6.453073 21.554764 305.000000
v -8.103999 20.989883 305.000000
v -9.706186 20.298767 305.000000
v -11.250000 19.485572 305.000000
v -12.726155 18.555188 305.000000
v -14.125773 17.513211 305.000000
v -15.440437 16.365907 305.000000
v -16.662240 15.120177 305.000000
v -17.783835 13.783512 305.000000
v -18.798476 12.363952 305.000000
v -19.700060 10.870033 305.000000
v -20.483166 9.310741 305.000000
v -21.143084 7.695453 305.000000
v -21.675845 6.033884 305.000000
v -22.078244 4.336026 305.000000
v -22.347863 2.612091 305.000000
v -22.483079 0.872446 305.000000
v -22.483079 -0.872446 305.000000
v -22.347863 -2.612091 305.000000
v -22.078244 -4.336026 305.000000
v -21.675845 -6.033884 305.000000
v -21.143084 -7.695453 305.000000
v -20.483166 -9.310741 305.000000
v -19.700060 -10.870033 305.000000
v -18.798476 -12.363952 305.000000
v -17.783835 -13.783512 305.000000
v -16.662240 -15.120177 305.000000
v -15.440437 -16.365907 305.000000
v -14.125773 -17.513211 305.000000
v -12.726155 -18.555188 305.000000
v -11.250000 -19.485572 305.000000
v -9.706186 -20.298767 305.000000
v -8.103999 -20.989883 305.000000
v -6.453073 -21.554764 305.000000
v -4.763337 -21.990012 305.000000
v -3.044954 -22.293009 305.000000
v -1.308259 -22.461934 305.000000
v 0.436305 -22.495769 305.000000
v 2.178245 -22.394313 305.000000
v 3.907084 -22.158174 305.000000
v 5.612426 -21.788774 305.000000
v 7.284014 -21.288334 305.000000
v 8.911795 -20.659862 305.000000
v 10.485979 -19.907140 305.000000
v 11.997100 -19.034695 305.000000
v 13.436068 -18.047772 305.000000
v 14.794231 -16.952308 305.000000
v 16.063419 -15.754890 305.000000
v 17.236000 -14.462721 305.000000
v 18.304922 -13.083572 305.000000
v 19.263755 -11.625736 305.000000
v 20.106734 -10.097982 305.000000
v 20.828789 -8.509497 305.000000
v 21.425577 -6.869835 305.000000
v 21.893510 -5.188857 305.000000
v 22.229772 -3.476673 305.000000
v 22.432341 -1.743579 305.000000
v -22.545577 0.000000 305.520945
v -22.680922 0.000000 306.026060
v -22.901924 0.000000 306.500000
v -23.201867 0.000000 306.928363
v -23.571637 0.000000 307.298133
v -24.000000 0.000000 307.598076
v -24.473940 0.000000 307.819078
v -24.979055 0.000000 307.954423
v -21.691167 -6.147868 305.520945
v -14.056937 -17.626842 305.520945
v -6.395615 -24.146414 307.954423
v -1.166990 -22.515354 305.520945
v 12.159281 -18.985650 305.520945
v 20.799221 -13.832774 307.954423
v 20.799221 13.832774 307.954423
v 12.159281 18.985650 305.520945
v -1.166990 22.515354 305.520945
v -6.395615 24.146414 307.954423
v -14.056937 17.626842 305.520945
v -21.691167 6.147868 305.520945
v 22.532143 0.778186 305.520945
v 22.667407 0.782858 306.026060
v 22.888277 0.790486 306.500000
v 23.188042 0.800839 306.928363
v 23.557592 0.813602 307.298133
v 23.985699 0.828387 307.598076
v 24.459357 0.844746 307.819078
v 24.964171 0.862181 307.954423
v 24.964171 -0.862181 307.954423
v 24.459357 -0.844746 307.819078
v 23.985699 -0.828387 307.598076
v 23.557592 -0.813602 307.298133
v 23.188042 -0.800839 306.928363
v 22.888277 -0.790486 306.500000
v 22.667407 -0.782858 306.026060
v 22.532143 -0.778186 305.520945
v 22.424767 2.330850 305.520945
v 22.559387 2.344843 306.026060
v 22.779204 2.367691 306.500000
v 23.077540 2.398700 306.928363
v 23.445329 2.436929 307.298133
v 23.871397 2.481214 307.598076
v 24.342797 2.530212 307.819078
v 24.845206 2.582433 307.954423
v 22.210527 3.872407 305.520945
v 22.343861 3.895654 306.026060
v 22.561578 3.933613 306.500000
v 22.857063 3.985131 306.928363
v 23.221339 4.048642 307.298133
v 23.643336 4.122217 307.598076
v 24.110232 4.203621 307.819078
v 24.607841 4.290379 307.954423
v 21.890443 5.395510 305.520945
v 22.021856 5.427900 306.026060
v 22.236436 5.480789 306.500000
v 22.527663 5.552570 306.928363
v 22.886688 5.641062 307.298133
v 23.302604 5.743576 307.598076
v 23.762771 5.856997 307.819078
v 24.253210 5.977879 307.954423
v 20.939345 8.357443 305.520945
v 21.065048 8.407615 306.026060
v 21.270305 8.489538 306.500000
v 21.548878 8.600724 306.928363
v 21.892305 8.737795 307.298133
v 22.290150 8.896585 307.598076
v 22.730324 9.072270 307.819078
v 23.199454 9.259512 307.954423
v 23.783362 7.635766 307.954423
v 23.302779 7.480255 307.819078
v 22.851866 7.334317 307.598076
v 22.444337 7.202348 307.298133
v 22.092586 7.088318 306.928363
v 21.807315 6.995651 306.500000
v 21.597204 6.927121 306.026060
v 21.468652 6.884767 305.520945
v 20.312863 9.782159 305.520945
v 20.434805 9.840883 306.026060
v 20.633920 9.936772 306.500000
v 20.904160 10.066913 306.928363
v 21.237311 10.227350 307.298133
v 21.623253 10.413210 307.598076
v 22.050258 10.618844 307.819078
v 22.505351 10.838006 307.954423
v 19.589580 11.160259 305.520945
v 19.707180 11.227256 306.026060
v 19.899206 11.336653 306.500000
v 20.159823 11.485128 306.928363
v 20.481112 11.668167 307.298133
v 20.853311 11.880211 307.598076
v 21.265112 12.114815 307.819078
v 21.704001 12.364852 307.954423
v 18.772945 12.485174 305.520945
v 18.885642 12.560125 306.026060
v 19.069663 12.682510 306.500000
v 19.319415 12.848611 306.928363
v 19.627311 13.053381 307.298133
v 19.983994 13.290597 307.598076
v 20.378628 13.553053 307.819078
v 17.866847 13.750592 305.520945
v 17.974106 13.833140 306.026060
v 18.149244 13.967929 306.500000
v 18.386942 14.150865 306.928363
v 18.679977 14.376389 307.298133
v 19.019444 14.637648 307.598076
v 19.395030 14.926705 307.819078
v 19.795323 15.234776 307.954423
v 16.875607 14.950483 305.520945
v 16.976914 15.040233 306.026060
v 17.142336 15.186785 306.500000
v 17.366847 15.385684 306.928363
v 17.643624 15.630887 307.298133
v 17.964258 15.914944 307.598076
v 18.319007 16.229224 307.819078
v 18.697091 16.564178 307.954423
v 15.803946 16.079127 305.520945
v 15.898820 16.175653 306.026060
v 16.053737 16.333268 306.500000
v 16.263990 16.547182 306.928363
v 16.523191 16.810896 307.298133
v 16.823464 17.116398 307.598076
v 17.155685 17.454403 307.819078
v 17.509760 17.814643 307.954423
v 14.656972 17.131147 305.520945
v 14.744960 17.233989 306.026060
v 14.888634 17.401916 306.500000
v 15.083629 17.629826 306.928363
v 15.324018 17.910794 307.298133
v 15.602498 18.236284 307.598076
v 15.910608 18.596405 307.819078
v 16.238986 18.980214 307.954423
v 13.440151 18.101530 305.520945
v 13.520834 18.210197 306.026060
v 13.652581 18.387636 306.500000
v 13.831386 18.628456 306.928363
v 14.051819 18.925339 307.298133
v 14.307180 19.269266 307.598076
v 14.589710 19.649785 307.819078
v 14.890826 20.055336 307.954423
v 10.820467 19.779295 305.520945
v 10.885425 19.898034 306.026060
v 10.991492 20.091919 306.500000
v 11.135445 20.355060 306.928363
v 11.312912 20.679461 307.298133
v 11.518499 21.055265 307.598076
v 11.745961 21.471053 307.819078
v 11.988385 21.914193 307.954423
v 13.471705 21.034885 307.954423
v 13.199286 20.609526 307.819078
v 12.943681 20.210421 307.598076
v 12.712656 19.849697 307.298133
v 12.513232 19.538312 306.928363
v 12.351466 19.285730 306.500000
v 12.232276 19.099625 306.026060
v 9.430089 20.478683 305.520945
v 9.486699 20.601620 306.026060
v 9.579137 20.802361 306.500000
v 9.704594 21.074807 306.928363
v 9.859257 21.410678 307.298133
v 10.038427 21.799770 307.598076
v 10.236661 22.230261 307.819078
v 10.447935 22.689069 307.954423
v 7.994772 21.080480 305.520945
v 8.042766 21.207031 306.026060
v 8.121134 21.413671 306.500000
v 8.227495 21.694122 306.928363
v 8.358618 22.039864 307.298133
v 8.510517 22.440390 307.598076
v 8.678579 22.883531 307.819078
v 8.857695 23.355823 307.954423
v 6.521356 21.581820 305.520945
v 6.560505 21.711380 306.026060
v 6.624430 21.922934 306.500000
v 6.711189 22.210055 306.928363
v 6.818146 22.564019 307.298133
v 6.942051 22.974071 307.598076
v 7.079139 23.427751 307.819078
v 7.225245 23.911275 307.954423
v 5.016863 21.980312 305.520945
v 5.046980 22.112264 306.026060
v 5.096157 22.327725 306.500000
v 5.162901 22.620147 306.928363
v 5.245183 22.980647 307.298133
v 5.340502 23.398270 307.598076
v 5.445964 23.860327 307.819078
v 5.558363 24.352778 307.954423
v 3.488462 22.274058 305.520945
v 3.509404 22.407773 306.026060
v 3.543599 22.626114 306.500000
v 3.590009 22.922444 306.928363
v 3.647224 23.287762 307.298133
v 3.713504 23.710966 307.598076
v 3.786836 24.179197 307.819078
v 3.864993 24.678230 307.954423
v 1.943437 22.461658 305.520945
v 1.955104 22.596500 306.026060
v 1.974155 22.816679 306.500000
v 2.000010 23.115505 306.928363
v 2.031884 23.483899 307.298133
v 2.068809 23.910668 307.598076
v 2.109663 24.382843 307.819078
v 2.153204 24.886079 307.954423
v 0.389151 22.542218 305.520945
v 0.391487 22.677543 306.026060
v 0.395302 22.898512 306.500000
v 0.400479 23.198410 306.928363
v 0.406862 23.568126 307.298133
v 0.414255 23.996425 307.598076
v 0.422436 24.470294 307.819078
v 0.431155 24.975334 307.954423
v -2.717569 22.381194 305.520945
v -2.733883 22.515553 306.026060
v -2.760522 22.734943 306.500000
v -2.796676 23.032699 306.928363
v -2.841247 23.399773 307.298133
v -2.892880 23.825013 307.598076
v -2.950007 24.295497 307.819078
v -3.010892 24.796930 307.954423
v -1.292950 24.945571 307.954423
v -1.266804 24.441132 307.819078
v -1.242272 23.967828 307.598076
v -1.220100 23.540039 307.298133
v -1.200960 23.170764 306.928363
v -1.185435 22.871223 306.500000
v -1.173995 22.650518 306.026060
v -4.255198 22.140378 305.520945
v -4.280743 22.273291 306.026060
v -4.322454 22.490320 306.500000
v -4.379065 22.784872 306.928363
v -4.448854 23.147997 307.298133
v -4.529702 23.568661 307.598076
v -4.619153 24.034083 307.819078
v -4.714487 24.530121 307.954423
v -5.772549 21.794052 305.520945
v -5.807203 21.924886 306.026060
v -5.863788 22.138521 306.500000
v -5.940585 22.428466 306.928363
v -6.035261 22.785910 307.298133
v -6.144938 23.199994 307.598076
v -6.266285 23.658136 307.819078
v -7.262391 21.343868 305.520945
v -7.305989 21.471999 306.026060
v -7.377178 21.681221 306.500000
v -7.473796 21.965177 306.928363
v -7.592906 22.315238 307.298133
v -7.730891 22.720769 307.598076
v -7.883556 23.169447 307.819078
v -8.046264 23.647639 307.954423
v -8.717625 20.791971 305.520945
v -8.769958 20.916789 306.026060
v -8.855412 21.120601 306.500000
v -8.971390 21.397214 306.928363
v -9.114368 21.738224 307.298133
v -9.280002 22.133268 307.598076
v -9.463259 22.570345 307.819078
v -9.658570 23.036172 307.954423
v -10.131315 20.140990 305.520945
v -10.192135 20.261900 306.026060
v -10.291447 20.459331 306.500000
v -10.426232 20.727284 306.928363
v -10.592396 21.057617 307.298133
v -10.784890 21.440293 307.598076
v -10.997864 21.863685 307.819078
v -11.224848 22.314928 307.954423
v -11.496725 19.394029 305.520945
v -11.565742 19.510455 306.026060
v -11.678438 19.700564 306.500000
v -11.831388 19.958579 306.928363
v -12.019946 20.276661 307.298133
v -12.238383 20.645145 307.598076
v -12.480060 21.052834 307.819078
v -12.737635 21.487342 307.954423
v -12.807347 18.554646 305.520945
v -12.884232 18.666033 306.026060
v -13.009776 18.847914 306.500000
v -13.180163 19.094762 306.928363
v -13.390216 19.399077 307.298133
v -13.633554 19.751613 307.598076
v -13.902782 20.141657 307.819078
v -14.189721 20.557360 307.954423
v -15.239539 16.615038 305.520945
v -15.331025 16.714781 306.026060
v -15.480410 16.877649 306.500000
v -15.683154 17.098693 306.928363
v -15.933098 17.371196 307.298133
v -16.222647 17.686880 307.598076
v -16.543004 18.036151 307.819078
v -16.884434 18.408398 307.954423
v -15.574186 19.529412 307.954423
v -15.259252 19.134496 307.819078
v -14.963755 18.763956 307.598076
v -14.696675 18.429048 307.298133
v -14.466127 18.139950 306.928363
v -14.279116 17.905445 306.500000
v -14.141324 17.732659 306.026060
v -16.349518 15.524055 305.520945
v -16.447667 15.617249 306.026060
v -16.607933 15.769423 306.500000
v -16.825444 15.975952 306.928363
v -17.093593 16.230563 307.298133
v -17.404231 16.525518 307.598076
v -17.747921 16.851855 307.819078
v -18.114219 17.199659 307.954423
v -17.381584 14.359094 305.520945
v -17.485929 14.445294 306.026060
v -17.656311 14.586048 306.500000
v -17.887553 14.777079 306.928363
v -18.172629 15.012583 307.298133
v -18.502876 15.285404 307.598076
v -18.868261 15.587252 307.819078
v -19.257682 15.908956 307.954423
v -18.330819 13.125704 305.520945
v -18.440862 13.204501 306.026060
v -18.620549 13.333164 306.500000
v -18.864419 13.507787 306.928363
v -19.165063 13.723062 307.298133
v -19.513346 13.972448 307.598076
v -19.898686 14.248369 307.819078
v -20.309373 14.542440 307.954423
v -19.192699 11.829765 305.520945
v -19.307916 11.900782 306.026060
v -19.496051 12.016742 306.500000
v -19.751388 12.174124 306.928363
v -20.066168 12.368144 307.298133
v -20.430827 12.592908 307.598076
v -20.834284 12.841586 307.819078
v -21.264281 13.106623 307.954423
v -19.963117 10.477452 305.520945
v -20.082959 10.540350 306.026060
v -20.278646 10.643055 306.500000
v -20.544233 10.782445 306.928363
v -20.871648 10.954286 307.298133
v -21.250945 11.153356 307.598076
v -21.670597 11.373607 307.819078
v -22.117855 11.608346 307.954423
v -20.638402 9.075209 305.520945
v -20.762298 9.129689 306.026060
v -20.964604 9.218648 306.500000
v -21.239175 9.339383 306.928363
v -21.577665 9.488226 307.298133
v -21.969792 9.660654 307.598076
v -22.403640 9.851427 307.819078
v -22.866027 10.054750 307.954423
v -21.215335 7.629718 305.520945
v -21.342695 7.675521 306.026060
v -21.550657 7.750311 306.500000
v -21.832902 7.851815 306.928363
v -22.180855 7.976950 307.298133
v -22.583944 8.121914 307.598076
v -23.029920 8.282301 307.819078
v -23.505233 8.453239 307.954423
v -22.063632 4.636721 305.520945
v -22.196084 4.664556 306.026060
v -22.412361 4.710007 306.500000
v -22.705893 4.771694 306.928363
v -23.067759 4.847741 307.298133
v -23.486965 4.935838 307.598076
v -23.950773 5.033308 307.819078
v -24.445091 5.137190 307.954423
v -24.032425 6.811444 307.954423
v -23.546451 6.673706 307.819078
v -23.090472 6.544469 307.598076
v -22.678343 6.427661 307.298133
v -22.322586 6.326830 306.928363
v -22.034010 6.245039 306.500000
v -21.821384 6.184775 306.026060
v -22.330953 3.103478 305.520945
v -22.465010 3.122109 306.026060
v -22.683908 3.152530 306.500000
v -22.980995 3.193818 306.928363
v -23.347246 3.244719 307.298133
v -23.771531 3.303684 307.598076
v -24.240959 3.368924 307.819078
v -24.741266 3.438455 307.954423
v -22.491857 1.555445 305.520945
v -22.626880 1.564783 306.026060
v -22.847355 1.580030 306.500000
v -23.146583 1.600723 306.928363
v -23.515472 1.626234 307.298133
v -23.942815 1.655787 307.598076
v -24.415625 1.688485 307.819078
v -24.919537 1.723334 307.954423
v -22.491857 -1.555445 305.520945
v -22.626880 -1.564783 306.026060
v -22.847355 -1.580030 306.500000
v -23.146583 -1.600723 306.928363
v -23.515472 -1.626234 307.298133
v -23.942815 -1.655787 307.598076
v -24.415625 -1.688485 307.819078
v -24.919537 -1.723334 307.954423
v -22.330953 -3.103478 305.520945
v -22.465010 -3.122109 306.026060
v -22.683908 -3.152530 306.500000
v -22.980995 -3.193818 306.928363
v -23.347246 -3.244719 307.298133
v -23.771531 -3.303684 307.598076
v -24.240959 -3.368924 307.819078
v -24.741266 -3.438455 307.954423
v -22.063632 -4.636721 305.520945
v -22.196084 -4.664556 306.026060
v -22.412361 -4.710007 306.500000
v -22.705893 -4.771694 306.928363
v -23.067759 -4.847741 307.298133
v -23.486965 -4.935838 307.598076
v -23.950773 -5.033308 307.819078
v -24.445091 -5.137190 307.954423
v -21.821384 -6.184775 306.026060
v -22.034010 -6.245039 306.500000
v -22.322586 -6.326830 306.928363
v -22.678343 -6.427661 307.298133
v -23.090472 -6.544469 307.598076
v -23.546451 -6.673706 307.819078
v -24.032425 -6.811444 307.954423
v -20.638402 -9.075209 305.520945
v -20.762298 -9.129689 306.026060
v -20.964604 -9.218648 306.500000
v -21.239175 -9.339383 306.928363
v -21.577665 -9.488226 307.298133
v -21.969792 -9.660654 307.598076
v -22.403640 -9.851427 307.819078
v -22.866027 -10.054750 307.954423
v -23.505233 -8.453239 307.954423
v -23.029920 -8.282301 307.819078
v -22.583944 -8.121914 307.598076
v -22.180855 -7.976950 307.298133
v -21.832902 -7.851815 306.928363
v -21.550657 -7.750311 306.500000
v -21.342695 -7.675521 306.026060
v -21.215335 -7.629718 305.520945
v -19.963117 -10.477452 305.520945
v -20.082959 -10.540350 306.026060
v -20.278646 -10.643055 306.500000
v -20.544233 -10.782445 306.928363
v -20.871648 -10.954286 307.298133
v -21.250945 -11.153356 307.598076
v -21.670597 -11.373607 307.819078
v -22.117855 -11.608346 307.954423
v -19.192699 -11.829765 305.520945
v -19.307916 -11.900782 306.026060
v -19.496051 -12.016742 306.500000
v -19.751388 -12.174124 306.928363
v -20.066168 -12.368144 307.298133
v -20.430827 -12.592908 307.598076
v -20.834284 -12.841586 307.819078
v -21.264281 -13.106623 307.954423
v -18.330819 -13.125704 305.520945
v -18.440862 -13.204501 306.026060
v -18.620549 -13.333164 306.500000
v -18.864419 -13.507787 306.928363
v -19.165063 -13.723062 307.298133
v -19.513346 -13.972448 307.598076
v -19.898686 -14.248369 307.819078
v -20.309373 -14.542440 307.954423
v -17.381584 -14.359094 305.520945
v -17.485929 -14.445294 306.026060
v -17.656311 -14.586048 306.500000
v -17.887553 -14.777079 306.928363
v -18.172629 -15.012583 307.298133
v -18.502876 -15.285404 307.598076
v -18.868261 -15.587252 307.819078
v -19.257682 -15.908956 307.954423
v -16.349518 -15.524055 305.520945
v -16.447667 -15.617249 306.026060
v -16.607933 -15.769423 306.500000
v -16.825444 -15.975952 306.928363
v -17.093593 -16.230563 307.298133
v -17.404231 -16.525518 307.598076
v -17.747921 -16.851855 307.819078
v -18.114219 -17.199659 307.954423
v -15.239539 -16.615038 305.520945
v -15.331025 -16.714781 306.026060
v -15.480410 -16.877649 306.500000
v -15.683154 -17.098693 306.928363
v -15.933098 -17.371196 307.298133
v -16.222647 -17.686880 307.598076
v -16.543004 -18.036151 307.819078
v -16.884434 -18.408398 307.954423
v -14.141324 -17.732659 306.026060
v -14.279116 -17.905445 306.500000
v -14.466127 -18.139950 306.928363
v -14.696675 -18.429048 307.298133
v -14.963755 -18.763956 307.598076
v -15.259252 -19.134496 307.819078
v -15.574186 -19.529412 307.954423
v -11.496725 -19.394029 305.520945
v -11.565742 -19.510455 306.026060
v -11.678438 -19.700564 306.500000
v -11.831388 -19.958579 306.928363
v -12.019946 -20.276661 307.298133
v -12.238383 -20.645145 307.598076
v -12.480060 -21.052834 307.819078
v -12.737635 -21.487342 307.954423
v -14.189721 -20.557360 307.954423
v -13.902782 -20.141657 307.819078
v -13.633554 -19.751613 307.598076
v -13.390216 -19.399077 307.298133
v -13.180163 -19.094762 306.928363
v -13.009776 -18.847914 306.500000
v -12.884232 -18.666033 306.026060
v -12.807347 -18.554646 305.520945
v -10.131315 -20.140990 305.520945
v -10.192135 -20.261900 306.026060
v -10.291447 -20.459331 306.500000
v -10.426232 -20.727284 306.928363
v -10.592396 -21.057617 307.298133
v -10.784890 -21.440293 307.598076
v -10.997864 -21.863685 307.819078
v -11.224848 -22.314928 307.954423
v -8.717625 -20.791971 305.520945
v -8.769958 -20.916789 306.026060
v -8.855412 -21.120601 306.500000
v -8.971390 -21.397214 306.928363
v -9.114368 -21.738224 307.298133
v -9.280002 -22.133268 307.598076
v -9.463259 -22.570345 307.819078
v -9.658570 -23.036172 307.954423
v -7.262391 -21.343868 305.520945
v -7.305989 -21.471999 306.026060
v -7.377178 -21.681221 306.500000
v -7.473796 -21.965177 306.928363
v -7.592906 -22.315238 307.298133
v -7.730891 -22.720769 307.598076
v -7.883556 -23.169447 307.819078
v -8.046264 -23.647639 307.954423
v -5.772549 -21.794052 305.520945
v -5.807203 -21.924886 306.026060
v -5.863788 -22.138521 306.500000
v -5.940585 -22.428466 306.928363
v -6.035261 -22.785910 307.298133
v -6.144938 -23.199994 307.598076
v -6.266285 -23.658136 307.819078
v -4.255198 -22.140378 305.520945
v -4.280743 -22.273291 306.026060
v -4.322454 -22.490320 306.500000
v -4.379065 -22.784872 306.928363
v -4.448854 -23.147997 307.298133
v -4.529702 -23.568661 307.598076
v -4.619153 -24.034083 307.819078
v -4.714487 -24.530121 307.954423
v -2.717569 -22.381194 305.520945
v -2.733883 -22.515553 306.026060
v -2.760522 -22.734943 306.500000
v -2.796676 -23.032699 306.928363
v -2.841247 -23.399773 307.298133
v -2.892880 -23.825013 307.598076
v -2.950007 -24.295497 307.819078
v -3.010892 -24.796930 307.954423
v -1.173995 -22.650518 306.026060
v -1.185435 -22.871223 306.500000
v -1.200960 -23.170764 306.928363
v -1.220100 -23.540039 307.298133
v -1.242272 -23.967828 307.598076
v -1.266804 -24.441132 307.819078
v -1.292950 -24.945571 307.954423
v 1.943437 -22.461658 305.520945
v 1.955104 -22.596500 306.026060
v 1.974155 -22.816679 306.500000
v 2.000010 -23.115505 306.928363
v 2.031884 -23.483899 307.298133
v 2.068809 -23.910668 307.598076
v 2.109663 -24.382843 307.819078
v 2.153204 -24.886079 307.954423
v 0.431155 -24.975334 307.954423
v 0.422436 -24.470294 307.819078
v 0.414255 -23.996425 307.598076
v 0.406862 -23.568126 307.298133
v 0.400479 -23.198410 306.928363
v 0.395302 -22.898512 306.500000
v 0.391487 -22.677543 306.026060
v 0.389151 -22.542218 305.520945
v 3.488462 -22.274058 305.520945
v 3.509404 -22.407773 306.026060
v 3.543599 -22.626114 306.500000
v 3.590009 -22.922444 306.928363
v 3.647224 -23.287762 307.298133
v 3.713504 -23.710966 307.598076
v 3.786836 -24.179197 307.819078
v 3.864993 -24.678230 307.954423
v 5.016863 -21.980312 305.520945
v 5.046980 -22.112264 306.026060
v 5.096157 -22.327725 306.500000
v 5.162901 -22.620147 306.928363
v 5.245183 -22.980647 307.298133
v 5.340502 -23.398270 307.598076
v 5.445964 -23.860327 307.819078
v 5.558363 -24.352778 307.954423
v 6.521356 -21.581820 305.520945
v 6.560505 -21.711380 306.026060
v 6.624430 -21.922934 306.500000
v 6.711189 -22.210055 306.928363
v 6.818146 -22.564019 307.298133
v 6.942051 -22.974071 307.598076
v 7.079139 -23.427751 307.819078
v 7.225245 -23.911275 307.954423
v 7.994772 -21.080480 305.520945
v 8.042766 -21.207031 306.026060
v 8.121134 -21.413671 306.500000
v 8.227495 -21.694122 306.928363
v 8.358618 -22.039864 307.298133
v 8.510517 -22.440390 307.598076
v 8.678579 -22.883531 307.819078
v 8.857695 -23.355823 307.954423
v 9.430089 -20.478683 305.520945
v 9.486699 -20.601620 306.026060
v 9.579137 -20.802361 306.500000
v 9.704594 -21.074807 306.928363
v 9.859257 -21.410678 307.298133
v 10.038427 -21.799770 307.598076
v 10.236661 -22.230261 307.819078
v 10.447935 -22.689069 307.954423
v 10.820467 -19.779295 305.520945
v 10.885425 -19.898034 306.026060
v 10.991492 -20.091919 306.500000
v 11.135445 -20.355060 306.928363
v 11.312912 -20.679461 307.298133
v 11.518499 -21.055265 307.598076
v 11.745961 -21.471053 307.819078
v 11.988385 -21.914193 307.954423
v 12.232276 -19.099625 306.026060
v 12.351466 -19.285730 306.500000
v 12.513232 -19.538312 306.928363
v 12.712656 -19.849697 307.298133
v 12.943681 -20.210421 307.598076
v 13.199286 -20.609526 307.819078
v 13.471705 -21.034885 307.954423
v 14.656972 -17.131147 305.520945
v 14.744960 -17.233989 306.026060
v 14.888634 -17.401916 306.500000
v 15.083629 -17.629826 306.928363
v 15.324018 -17.910794 307.298133
v 15.602498 -18.236284 307.598076
v 15.910608 -18.596405 307.819078
v 16.238986 -18.980214 307.954423
v 14.890826 -20.055336 307.954423
v 14.589710 -19.649785 307.819078
v 14.307180 -19.269266 307.598076
v 14.051819 -18.925339 307.298133
v 13.831386 -18.628456 306.928363
v 13.652581 -18.387636 306.500000
v 13.520834 -18.210197 306.026060
v 13.440151 -18.101530 305.520945
v 15.803946 -16.079127 305.520945
v 15.898820 -16.175653 306.026060
v 16.053737 -16.333268 306.500000
v 16.263990 -16.547182 306.928363
v 16.523191 -16.810896 307.298133
v 16.823464 -17.116398 307.598076
v 17.155685 -17.454403 307.819078
v 17.509760 -17.814643 307.954423
v 16.875607 -14.950483 305.520945
v 16.976914 -15.040233 306.026060
v 17.142336 -15.186785 306.500000
v 17.366847 -15.385684 306.928363
v 17.643624 -15.630887 307.298133
v 17.964258 -15.914944 307.598076
v 18.319007 -16.229224 307.819078
v 18.697091 -16.564178 307.954423
v 17.866847 -13.750592 305.520945
v 17.974106 -13.833140 306.026060
v 18.149244 -13.967929 306.500000
v 18.386942 -14.150865 306.928363
v 18.679977 -14.376389 307.298133
v 19.019444 -14.637648 307.598076
v 19.395030 -14.926705 307.819078
v 19.795323 -15.234776 307.954423
v 18.772945 -12.485174 305.520945
v 18.885642 -12.560125 306.026060
v 19.069663 -12.682510 306.500000
v 19.319415 -12.848611 306.928363
v 19.627311 -13.053381 307.298133
v 19.983994 -13.290597 307.598076
v 20.378628 -13.553053 307.819078
v 19.589580 -11.160259 305.520945
v 19.707180 -11.227256 306.026060
v 19.899206 -11.336653 306.500000
v 20.159823 -11.485128 306.928363
v 20.481112 -11.668167 307.298133
v 20.853311 -11.880211 307.598076
v 21.265112 -12.114815 307.819078
v 21.704001 -12.364852 307.954423
v 20.312863 -9.782159 305.520945
v 20.434805 -9.840883 306.026060
v 20.633920 -9.936772 306.500000
v 20.904160 -10.066913 306.928363
v 21.237311 -10.227350 307.298133
v 21.623253 -10.413210 307.598076
v 22.050258 -10.618844 307.819078
v 22.505351 -10.838006 307.954423
v 20.939345 -8.357443 305.520945
v 21.065048 -8.407615 306.026060
v 21.270305 -8.489538 306.500000
v 21.548878 -8.600724 306.928363
v 21.892305 -8.737795 307.298133
v 22.290150 -8.896585 307.598076
v 22.730324 -9.072270 307.819078
v 23.199454 -9.259512 307.954423
v 21.890443 -5.395510 305.520945
v 22.021856 -5.427900 306.026060
v 22.236436 -5.480789 306.500000
v 22.527663 -5.552570 306.928363
v 22.886688 -5.641062 307.298133
v 23.302604 -5.743576 307.598076
v 23.762771 -5.856997 307.819078
v 24.253210 -5.977879 307.954423
v 23.783362 -7.635766 307.954423
v 23.302779 -7.480255 307.819078
v 22.851866 -7.334317 307.598076
v 22.444337 -7.202348 307.298133
v 22.092586 -7.088318 306.928363
v 21.807315 -6.995651 306.500000
v 21.597204 -6.927121 306.026060
v 21.468652 -6.884767 305.520945
v 22.210527 -3.872407 305.520945
v 22.343861 -3.895654 306.026060
v 22.561578 -3.933613 306.500000
v 22.857063 -3.985131 306.928363
v 23.221339 -4.048642 307.298133
v 23.643336 -4.122217 307.598076
v 24.110232 -4.203621 307.819078
v 24.607841 -4.290379 307.954423
v 22.424767 -2.330850 305.520945
v 22.559387 -2.344843 306.026060
v 22.779204 -2.367691 306.500000
v 23.077540 -2.398700 306.928363
v 23.445329 -2.436929 307.298133
v 23.871397 -2.481214 307.598076
v 24.342797 -2.530212 307.819078
v 24.845206 -2.582433 307.954423
v 18.500000 0.000000 316.000000
v 18.431516 -1.590349 316.000000
v 18.226572 -3.168923 316.000000
v 17.886685 -4.724036 316.000000
v 17.414370 -6.244174 316.000000
v 16.813126 -7.718082 316.000000
v 16.087404 -9.134848 316.000000
v 15.242576 -10.483982 316.000000
v 14.284897 -11.755498 316.000000
v 13.221458 -12.939979 316.000000
v 12.060131 -14.028657 316.000000
v 10.809516 -15.013473 316.000000
v 9.478871 -15.887133 316.000000
v 8.078048 -16.643171 316.000000
v 6.617417 -17.275989 316.000000
v 5.107794 -17.780901 316.000000
v 3.560354 -18.154170 316.000000
v 1.986555 -18.393031 316.000000
v 0.398048 -18.495717 316.000000
v -1.193406 -18.461467 316.000000
v -2.776025 -18.290535 316.000000
v -4.338091 -17.984187 316.000000
v -5.868039 -17.544689 316.000000
v -7.354542 -16.975297 316.000000
v -8.786595 -16.280226 316.000000
v -10.153595 -15.464621 316.000000
v -11.445421 -14.534522 316.000000
v -12.652509 -13.496815 316.000000
v -13.765923 -12.359181 316.000000
v -14.777418 -11.130045 316.000000
v -15.679507 -9.818506 316.000000
v -16.465510 -8.434274 316.000000
v -17.129608 -6.987597 316.000000
v -17.666885 -5.489187 316.000000
v -18.073362 -3.950137 316.000000
v -18.346030 -2.381841 316.000000
v -18.482871 -0.795911 316.000000
v -18.482871 0.795911 316.000000
v -18.346030 2.381841 316.000000
v -18.073362 3.950137 316.000000
v -17.666885 5.489187 316.000000
v -17.129608 6.987597 316.000000
v -16.465510 8.434274 316.000000
v -15.679507 9.818506 316.000000
v -14.777418 11.130045 316.000000
v -13.765923 12.359181 316.000000
v -12.652509 13.496815 316.000000
v -11.445421 14.534522 316.000000
v -10.153595 15.464621 316.000000
v -8.786595 16.280226 316.000000
v -7.354542 16.975297 316.000000
v -5.868039 17.544689 316.000000
v -4.338091 17.984187 316.000000
v -2.776025 18.290535 316.000000
v -1.193406 18.461467 316.000000
v 0.398048 18.495717 316.000000
v 1.986555 18.393031 316.000000
v 3.560354 18.154170 316.000000
v 5.107794 17.780901 316.000000
v 6.617417 17.275989 316.000000
v 8.078048 16.643171 316.000000
v 9.478871 15.887133 316.000000
v 10.809516 15.013473 316.000000
v 12.060131 14.028657 316.000000
v 13.221458 12.939979 316.000000
v 14.284897 11.755498 316.000000
v 15.242576 10.483982 316.000000
v 16.087404 9.134848 316.000000
v 16.813126 7.718082 316.000000
v 17.414370 6.244174 316.000000
v 17.886685 4.724036 316.000000
v 18.226572 3.168923 316.000000
v 18.431516 1.590349 316.000000
v 18.500000 0.000000 31.600000
v 18.500000 0.000000 63.200000
v 18.500000 0.000000 94.800000
v 18.500000 0.000000 126.400000
v 18.500000 0.000000 158.000000
v 18.500000 0.000000 189.600000
v 18.500000 0.000000 221.200000
v 18.500000 0.000000 252.800000
v 18.500000 0.000000 284.400000
v 18.431516 -1.590349 31.600000
v 18.431516 -1.590349 63.200000
v 18.431516 -1.590349 94.800000
v 18.431516 -1.590349 126.400000
v 18.431516 -1.590349 158.000000
v 18.431516 -1.590349 189.600000
v 18.431516 -1.590349 221.200000
v 18.431516 -1.590349 252.800000
v 18.431516 -1.590349 284.400000
v 18.226572 -3.168923 31.600000
v 18.226572 -3.168923 63.200000
v 18.226572 -3.168923 94.800000
v 18.226572 -3.168923 126.400000
v 18.226572 -3.168923 158.000000
v 18.226572 -3.168923 189.600000
v 18.226572 -3.168923 221.200000
v 18.226572 -3.168923 252.800000
v 18.226572 -3.168923 284.400000
v 17.886685 -4.724036 31.600000
v 17.886685 -4.724036 63.200000
v 17.886685 -4.724036 94.800000
v 17.886685 -4.724036 126.400000
v 17.886685 -4.724036 158.000000
v 17.886685 -4.724036 189.600000
v 17.886685 -4.724036 221.200000
v 17.886685 -4.724036 252.800000
v 17.886685 -4.724036 284.400000
v 17.414370 -6.244174 31.600000
v 17.414370 -6.244174 63.200000
v 17.414370 -6.244174 94.800000
v 17.414370 -6.244174 126.400000
v 17.414370 -6.244174 158.000000
v 17.414370 -6.244174 189.600000
v 17.414370 -6.244174 221.200000
v 17.414370 -6.244174 252.800000
v 17.414370 -6.244174 284.400000
v 16.813126 -7.718082 31.600000
v 16.813126 -7.718082 63.200000
v 16.813126 -7.718082 94.800000
v 16.813126 -7.718082 126.400000
v 16.813126 -7.718082 158.000000
v 16.813126 -7.718082 189.600000
v 16.813126 -7.718082 221.200000
v 16.813126 -7.718082 252.800000
v 16.813126 -7.718082 284.400000
v 16.087404 -9.134848 31.600000
v 16.087404 -9.134848 63.200000
v 16.087404 -9.134848 94.800000
v 16.087404 -9.134848 126.400000
v 16.087404 -9.134848 158.000000
v 16.087404 -9.134848 189.600000
v 16.087404 -9.134848 221.200000
v 16.087404 -9.134848 252.800000
v 16.087404 -9.134848 284.400000
v 15.242576 -10.483982 31.600000
v 15.242576 -10.483982 63.200000
v 15.242576 -10.483982 94.800000
v 15.242576 -10.483982 126.400000
v 15.242576 -10.483982 158.000000
v 15.242576 -10.483982 189.600000
v 15.242576 -10.483982 221.200000
v 15.242576 -10.483982 252.800000
v 15.242576 -10.483982 284.400000
v 14.284897 -11.755498 31.600000
v 14.284897 -11.755498 63.200000
v 14.284897 -11.755498 94.800000
v 14.284897 -11.755498 126.400000
v 14.284897 -11.755498 158.000000
v 14.284897 -11.755498 189.600000
v 14.284897 -11.755498 221.200000
v 14.284897 -11.755498 252.800000
v 14.284897 -11.755498 284.400000
v 13.221458 -12.939979 31.600000
v 13.221458 -12.939979 63.200000
v 13.221458 -12.939979 94.800000
v 13.221458 -12.939979 126.400000
v 13.221458 -12.939979 158.000000
v 13.221458 -12.939979 189.600000
v 13.221458 -12.939979 221.200000
v 13.221458 -12.939979 252.800000
v 13.221458 -12.939979 284.400000
v 12.060131 -14.028657 31.600000
v 12.060131 -14.028657 63.200000
v 12.060131 -14.028657 94.800000
v 12.060131 -14.028657 126.400000
v 12.060131 -14.028657 158.000000
v 12.060131 -14.028657 189.600000
v 12.060131 -14.028657 221.200000
v 12.060131 -14.028657 252.800000
v 12.060131 -14.028657 284.400000
v 10.809516 -15.013473 31.600000
v 10.809516 -15.013473 63.200000
v 10.809516 -15.013473 94.800000
v 10.809516 -15.013473 126.400000
v 10.809516 -15.013473 158.000000
v 10.809516 -15.013473 189.600000
v 10.809516 -15.013473 221.200000
v 10.809516 -15.013473 252.800000
v 10.809516 -15.013473 284.400000
v 9.478871 -15.887133 31.600000
v 9.478871 -15.887133 63.200000
v 9.478871 -15.887133 94.800000
v 9.478871 -15.887133 126.400000
v 9.478871 -15.887133 158.000000
v 9.478871 -15.887133 189.600000
v 9.478871 -15.887133 221.200000
v 9.478871 -15.887133 252.800000
v 9.478871 -15.887133 284.400000
v 8.078048 -16.643171 31.600000
v 8.078048 -16.643171 63.200000
v 8.078048 -16.643171 94.800000
v 8.078048 -16.643171 126.400000
v 8.078048 -16.643171 158.000000
v 8.078048 -16.643171 189.600000
v 8.078048 -16.643171 221.200000
v 8.078048 -16.643171 252.800000
v 8.078048 -16.643171 284.400000
v 6.617417 -17.275989 31.600000
v 6.617417 -17.275989 63.200000
v 6.617417 -17.275989 94.800000
v 6.617417 -17.275989 126.400000
v 6.617417 -17.275989 158.000000
v 6.617417 -17.275989 189.600000
v 6.617417 -17.275989 221.200000
v 6.617417 -17.275989 252.800000
v 6.617417 -17.275989 284.400000
v 5.107794 -17.780901 31.600000
v 5.107794 -17.780901 63.200000
v 5.107794 -17.780901 94.800000
v 5.107794 -17.780901 126.400000
v 5.107794 -17.780901 158.000000
v 5.107794 -17.780901 189.600000
v 5.107794 -17.780901 221.200000
v 5.107794 -17.780901 252.800000
v 5.107794 -17.780901 284.400000
v 3.560354 -18.154170 31.600000
v 3.560354 -18.154170 63.200000
v 3.560354 -18.154170 94.800000
v 3.560354 -18.154170 126.400000
v 3.560354 -18.154170 158.000000
v 3.560354 -18.154170 189.600000
v 3.560354 -18.154170 221.200000
v 3.560354 -18.154170 252.800000
v 3.560354 -18.154170 284.400000
v 1.986555 -18.393031 31.600000
v 1.986555 -18.393031 63.200000
v 1.986555 -18.393031 94.800000
v 1.986555 -18.393031 126.400000
v 1.986555 -18.393031 158.000000
v 1.986555 -18.393031 189.600000
v 1.986555 -18.393031 221.200000
v 1.986555 -18.393031 252.800000
v 1.986555 -18.393031 284.400000
v 0.398048 -18.495717 31.600000
v 0.398048 -18.495717 63.200000
v 0.398048 -18.495717 94.800000
v 0.398048 -18.495717 126.400000
v 0.398048 -18.495717 158.000000
v 0.398048 -18.495717 189.600000
v 0.398048 -18.495717 221.200000
v 0.398048 -18.495717 252.800000
v 0.398048 -18.495717 284.400000
v -1.193406 -18.461467 31.600000
v -1.193406 -18.461467 63.200000
v -1.193406 -18.461467 94.800000
v -1.193406 -18.461467 126.400000
v -1.193406 -18.461467 158.000000
v -1.193406 -18.461467 189.600000
v -1.193406 -18.461467 221.200000
v -1.193406 -18.461467 252.800000
v -1.193406 -18.461467 284.400000
v -2.776025 -18.290535 31.600000
v -2.776025 -18.290535 63.200000
v -2.776025 -18.290535 94.800000
v -2.776025 -18.290535 126.400000
v -2.776025 -18.290535 158.000000
v -2.776025 -18.290535 189.600000
v -2.776025 -18.290535 221.200000
v -2.776025 -18.290535 252.800000
v -2.776025 -18.290535 284.400000
v -4.338091 -17.984187 31.600000
v -4.338091 -17.984187 63.200000
v -4.338091 -17.984187 94.800000
v -4.338091 -17.984187 126.400000
v -4.338091 -17.984187 158.000000
v -4.338091 -17.984187 189.600000
v -4.338091 -17.984187 221.200000
v -4.338091 -17.984187 252.800000
v -4.338091 -17.984187 284.400000
v -5.868039 -17.544689 31.600000
v -5.868039 -17.544689 63.200000
v -5.868039 -17.544689 94.800000
v -5.868039 -17.544689 126.400000
v -5.868039 -17.544689 158.000000
v -5.868039 -17.544689 189.600000
v -5.868039 -17.544689 221.200000
v -5.868039 -17.544689 252.800000
v -5.868039 -17.544689 284.400000
v -7.354542 -16.975297 31.600000
v -7.354542 -16.975297 63.200000
v -7.354542 -16.975297 94.800000
v -7.354542 -16.975297 126.400000
v -7.354542 -16.975297 158.000000
v -7.354542 -16.975297 189.600000
v -7.354542 -16.975297 221.200000
v -7.354542 -16.975297 252.800000
v -7.354542 -16.975297 284.400000
v -8.786595 -16.280226 31.600000
v -8.786595 -16.280226 63.200000
v -8.786595 -16.280226 94.800000
v -8.786595 -16.280226 126.400000
v -8.786595 -16.280226 158.000000
v -8.786595 -16.280226 189.600000
v -8.786595 -16.280226 221.200000
v -8.786595 -16.280226 252.800000
v -8.786595 -16.280226 284.400000
v -10.153595 -15.464621 31.600000
v -10.153595 -15.464621 63.200000
v -10.153595 -15.464621 94.800000
v -10.153595 -15.464621 126.400000
v -10.153595 -15.464621 158.000000
v -10.153595 -15.464621 189.600000
v -10.153595 -15.464621 221.200000
v -10.153595 -15.464621 252.800000
v -10.153595 -15.464621 284.400000
v -11.445421 -14.534522 31.600000
v -11.445421 -14.534522 63.200000
v -11.445421 -14.534522 94.800000
v -11.445421 -14.534522 126.400000
v -11.445421 -14.534522 158.000000
v -11.445421 -14.534522 189.600000
v -11.445421 -14.534522 221.200000
v -11.445421 -14.534522 252.800000
v -11.445421 -14.534522 284.400000
v -12.652509 -13.496815 31.600000
v -12.652509 -13.496815 63.200000
v -12.652509 -13.496815 94.800000
v -12.652509 -13.496815 126.400000
v -12.652509 -13.496815 158.000000
v -12.652509 -13.496815 189.600000
v -12.652509 -13.496815 221.200000
v -12.652509 -13.496815 252.800000
v -12.652509 -13.496815 284.400000
v -13.765923 -12.359181 31.600000
v -13.765923 -12.359181 63.200000
v -13.765923 -12.359181 94.800000
v -13.765923 -12.359181 126.400000
v -13.765923 -12.359181 158.000000
v -13.765923 -12.359181 189.600000
v -13.765923 -12.359181 221.200000
v -13.765923 -12.359181 252.800000
v -13.765923 -12.359181 284.400000
v -14.777418 -11.130045 31.600000
v -14.777418 -11.130045 63.200000
v -14.777418 -11.130045 94.800000
v -14.777418 -11.130045 126.400000
v -14.777418 -11.130045 158.000000
v -14.777418 -11.130045 189.600000
v -14.777418 -11.130045 221.200000
v -14.777418 -11.130045 252.800000
v -14.777418 -11.130045 284.400000
v -15.679507 -9.818506 31.600000
v -15.679507 -9.818506 63.200000
v -15.679507 -9.818506 94.800000
v -15.679507 -9.818506 126.400000
v -15.679507 -9.818506 158.000000
v -15.679507 -9.818506 189.600000
v -15.679507 -9.818506 221.200000
v -15.679507 -9.818506 252.800000
v -15.679507 -9.818506 284.400000
v -16.465510 -8.434274 31.600000
v -16.465510 -8.434274 63.200000
v -16.465510 -8.434274 94.800000
v -16.465510 -8.434274 126.400000
v -16.465510 -8.434274 158.000000
v -16.465510 -8.434274 189.600000
v -16.465510 -8.434274 221.200000
v -16.465510 -8.434274 252.800000
v -16.465510 -8.434274 284.400000
v -17.129608 -6.987597 31.600000
v -17.129608 -6.987597 63.200000
v -17.129608 -6.987597 94.800000
v -17.129608 -6.987597 126.400000
v -17.129608 -6.987597 158.000000
v -17.129608 -6.987597 189.600000
v -17.129608 -6.987597 221.200000
v -17.129608 -6.987597 252.800000
v -17.129608 -6.987597 284.400000
v -17.666885 -5.489187 31.600000
v -17.666885 -5.489187 63.200000
v -17.666885 -5.489187 94.800000
v -17.666885 -5.489187 126.400000
v -17.666885 -5.489187 158.000000
v -17.666885 -5.489187 189.600000
v -17.666885 -5.489187 221.200000
v -17.666885 -5.489187 252.800000
v -17.666885 -5.489187 284.400000
v -18.073362 -3.950137 31.600000
v -18.073362 -3.950137 63.200000
v -18.073362 -3.950137 94.800000
v -18.073362 -3.950137 126.400000
v -18.073362 -3.950137 158.000000
v -18.073362 -3.950137 189.600000
v -18.073362 -3.950137 221.200000
v -18.073362 -3.950137 252.800000
v -18.073362 -3.950137 284.400000
v -18.346030 -2.381841 31.600000
v -18.346030 -2.381841 63.200000
v -18.346030 -2.381841 94.800000
v -18.346030 -2.381841 126.400000
v -18.346030 -2.381841 158.000000
v -18.346030 -2.381841 189.600000
v -18.346030 -2.381841 221.200000
v -18.346030 -2.381841 252.800000
v -18.346030 -2.381841 284.400000
v -18.482871 -0.795911 31.600000
v -18.482871 -0.795911 63.200000
v -18.482871 -0.795911 94.800000
v -18.482871 -0.795911 126.400000
v -18.482871 -0.795911 158.000000
v -18.482871 -0.795911 189.600000
v -18.482871 -0.795911 221.200000
v -18.482871 -0.795911 252.800000
v -18.482871 -0.795911 284.400000
v -18.482871 0.795911 31.600000
v -18.482871 0.795911 63.200000
v -18.482871 0.795911 94.800000
v -18.482871 0.795911 126.400000
v -18.482871 0.795911 158.000000
v -18.482871 0.795911 189.600000
v -18.482871 0.795911 221.200000
v -18.482871 0.795911 252.800000
v -18.482871 0.795911 284.400000
v -18.346030 2.381841 31.600000
v -18.346030 2.381841 63.200000
v -18.346030 2.381841 94.800000
v -18.346030 2.381841 126.400000
v -18.346030 2.381841 158.000000
v -18.346030 2.381841 189.600000
v -18.346030 2.381841 221.200000
v -18.346030 2.381841 252.800000
v -18.346030 2.381841 284.400000
v -18.073362 3.950137 31.600000
v -18.073362 3.950137 63.200000
v -18.073362 3.950137 94.800000
v -18.073362 3.950137 126.400000
v -18.073362 3.950137 158.000000
v -18.073362 3.950137 189.600000
v -18.073362 3.950137 221.200000
v -18.073362 3.950137 252.800000
v -18.073362 3.950137 284.400000
v -17.666885 5.489187 31.600000
v -17.666885 5.489187 63.200000
v -17.666885 5.489187 94.800000
v -17.666885 5.489187 126.400000
v -17.666885 5.489187 158.000000
v -17.666885 5.489187 189.600000
v -17.666885 5.489187 221.200000
v -17.666885 5.489187 252.800000
v -17.666885 5.489187 284.400000
v -17.129608 6.987597 31.600000
v -17.129608 6.987597 63.200000
v -17.129608 6.987597 94.800000
v -17.129608 6.987597 126.400000
v -17.129608 6.987597 158.000000
v -17.129608 6.987597 189.600000
v -17.129608 6.987597 221.200000
v -17.129608 6.987597 252.800000
v -17.129608 6.987597 284.400000
v -16.465510 8.434274 31.600000
v -16.465510 8.434274 63.200000
v -16.465510 8.434274 94.800000
v -16.465510 8.434274 126.400000
v -16.465510 8.434274 158.000000
v -16.465510 8.434274 189.600000
v -16.465510 8.434274 221.200000
v -16.465510 8.434274 252.800000
v -16.465510 8.434274 284.400000
v -15.679507 9.818506 31.600000
v -15.679507 9.818506 63.200000
v -15.679507 9.818506 94.800000
v -15.679507 9.818506 126.400000
v -15.679507 9.818506 158.000000
v -15.679507 9.818506 189.600000
v -15.679507 9.818506 221.200000
v -15.679507 9.818506 252.800000
v -15.679507 9.818506 284.400000
v -14.777418 11.130045 31.600000
v -14.777418 11.130045 63.200000
v -14.777418 11.130045 94.800000
v -14.777418 11.130045 126.400000
v -14.777418 11.130045 158.000000
v -14.777418 11.130045 189.600000
v -14.777418 11.130045 221.200000
v -14.777418 11.130045 252.800000
v -14.777418 11.130045 284.400000
v -13.765923 12.359181 31.600000
v -13.765923 12.359181 63.200000
v -13.765923 12.359181 94.800000
v -13.765923 12.359181 126.400000
v -13.765923 12.359181 158.000000
v -13.765923 12.359181 189.600000
v -13.765923 12.359181 221.200000
v -13.765923 12.359181 252.800000
v -13.765923 12.359181 284.400000
v -12.652509 13.496815 31.600000
v -12.652509 13.496815 63.200000
v -12.652509 13.496815 94.800000
v -12.652509 13.496815 126.400000
v -12.652509 13.496815 158.000000
v -12.652509 13.496815 189.600000
v -12.652509 13.496815 221.200000
v -12.652509 13.496815 252.800000
v -12.652509 13.496815 284.400000
v -11.445421 14.534522 31.600000
v -11.445421 14.534522 63.200000
v -11.445421 14.534522 94.800000
v -11.445421 14.534522 126.400000
v -11.445421 14.534522 158.000000
v -11.445421 14.534522 189.600000
v -11.445421 14.534522 221.200000
v -11.445421 14.534522 252.800000
v -11.445421 14.534522 284.400000
v -10.153595 15.464621 31.600000
v -10.153595 15.464621 63.200000
v -10.153595 15.464621 94.800000
v -10.153595 15.464621 126.400000
v -10.153595 15.464621 158.000000
v -10.153595 15.464621 189.600000
v -10.153595 15.464621 221.200000
v -10.153595 15.464621 252.800000
v -10.153595 15.464621 284.400000
v -8.786595 16.280226 31.600000
v -8.786595 16.280226 63.200000
v -8.786595 16.280226 94.800000
v -8.786595 16.280226 126.400000
v -8.786595 16.280226 158.000000
v -8.786595 16.280226 189.600000
v -8.786595 16.280226 221.200000
v -8.786595 16.280226 252.800000
v -8.786595 16.280226 284.400000
v -7.354542 16.975297 31.600000
v -7.354542 16.975297 63.200000
v -7.354542 16.975297 94.800000
v -7.354542 16.975297 126.400000
v -7.354542 16.975297 158.000000
v -7.354542 16.975297 189.600000
v -7.354542 16.975297 221.200000
v -7.354542 16.975297 252.800000
v -7.354542 16.975297 284.400000
v -5.868039 17.544689 31.600000
v -5.868039 17.544689 63.200000
v -5.868039 17.544689 94.800000
v -5.868039 17.544689 126.400000
v -5.868039 17.544689 158.000000
v -5.868039 17.544689 189.600000
v -5.868039 17.544689 221.200000
v -5.868039 17.544689 252.800000
v -5.868039 17.544689 284.400000
v -4.338091 17.984187 31.600000
v -4.338091 17.984187 63.200000
v -4.338091 17.984187 94.800000
v -4.338091 17.984187 126.400000
v -4.338091 17.984187 158.000000
v -4.338091 17.984187 189.600000
v -4.338091 17.984187 221.200000
v -4.338091 17.984187 252.800000
v -4.338091 17.984187 284.400000
v -2.776025 18.290535 31.600000
v -2.776025 18.290535 63.200000
v -2.776025 18.290535 94.800000
v -2.776025 18.290535 126.400000
v -2.776025 18.290535 158.000000
v -2.776025 18.290535 189.600000
v -2.776025 18.290535 221.200000
v -2.776025 18.290535 252.800000
v -2.776025 18.290535 284.400000
v -1.193406 18.461467 31.600000
v -1.193406 18.461467 63.200000
v -1.193406 18.461467 94.800000
v -1.193406 18.461467 126.400000
v -1.193406 18.461467 158.000000
v -1.193406 18.461467 189.600000
v -1.193406 18.461467 221.200000
v -1.193406 18.461467 252.800000
v -1.193406 18.461467 284.400000
v 0.398048 18.495717 31.600000
v 0.398048 18.495717 63.200000
v 0.398048 18.495717 94.800000
v 0.398048 18.495717 126.400000
v 0.398048 18.495717 158.000000
v 0.398048 18.495717 189.600000
v 0.398048 18.495717 221.200000
v 0.398048 18.495717 252.800000
v 0.398048 18.495717 284.400000
v 1.986555 18.393031 31.600000
v 1.986555 18.393031 63.200000
v 1.986555 18.393031 94.800000
v 1.986555 18.393031 126.400000
v 1.986555 18.393031 158.000000
v 1.986555 18.393031 189.600000
v 1.986555 18.393031 221.200000
v 1.986555 18.393031 252.800000
v 1.986555 18.393031 284.400000
v 3.560354 18.154170 31.600000
v 3.560354 18.154170 63.200000
v 3.560354 18.154170 94.800000
v 3.560354 18.154170 126.400000
v 3.560354 18.154170 158.000000
v 3.560354 18.154170 189.600000
v 3.560354 18.154170 221.200000
v 3.560354 18.154170 252.800000
v 3.560354 18.154170 284.400000
v 5.107794 17.780901 31.600000
v 5.107794 17.780901 63.200000
v 5.107794 17.780901 94.800000
v 5.107794 17.780901 126.400000
v 5.107794 17.780901 158.000000
v 5.107794 17.780901 189.600000
v 5.107794 17.780901 221.200000
v 5.107794 17.780901 252.800000
v 5.107794 17.780901 284.400000
v 6.617417 17.275989 31.600000
v 6.617417 17.275989 63.200000
v 6.617417 17.275989 94.800000
v 6.617417 17.275989 126.400000
v 6.617417 17.275989 158.000000
v 6.617417 17.275989 189.600000
v 6.617417 17.275989 221.200000
v 6.617417 17.275989 252.800000
v 6.617417 17.275989 284.400000
v 8.078048 16.643171 31.600000
v 8.078048 16.643171 63.200000
v 8.078048 16.643171 94.800000
v 8.078048 16.643171 126.400000
v 8.078048 16.643171 158.000000
v 8.078048 16.643171 189.600000
v 8.078048 16.643171 221.200000
v 8.078048 16.643171 252.800000
v 8.078048 16.643171 284.400000
v 9.478871 15.887133 31.600000
v 9.478871 15.887133 63.200000
v 9.478871 15.887133 94.800000
v 9.478871 15.887133 126.400000
v 9.478871 15.887133 158.000000
v 9.478871 15.887133 189.600000
v 9.478871 15.887133 221.200000
v 9.478871 15.887133 252.800000
v 9.478871 15.887133 284.400000
v 10.809516 15.013473 31.600000
v 10.809516 15.013473 63.200000
v 10.809516 15.013473 94.800000
v 10.809516 15.013473 126.400000
v 10.809516 15.013473 158.000000
v 10.809516 15.013473 189.600000
v 10.809516 15.013473 221.200000
v 10.809516 15.013473 252.800000
v 10.809516 15.013473 284.400000
v 12.060131 14.028657 31.600000
v 12.060131 14.028657 63.200000
v 12.060131 14.028657 94.800000
v 12.060131 14.028657 126.400000
v 12.060131 14.028657 158.000000
v 12.060131 14.028657 189.600000
v 12.060131 14.028657 221.200000
v 12.060131 14.028657 252.800000
v 12.060131 14.028657 284.400000
v 13.221458 12.939979 31.600000
v 13.221458 12.939979 63.200000
v 13.221458 12.939979 94.800000
v 13.221458 12.939979 126.400000
v 13.221458 12.939979 158.000000
v 13.221458 12.939979 189.600000
v 13.221458 12.939979 221.200000
v 13.221458 12.939979 252.800000
v 13.221458 12.939979 284.400000
v 14.284897 11.755498 31.600000
v 14.284897 11.755498 63.200000
v 14.284897 11.755498 94.800000
v 14.284897 11.755498 126.400000
v 14.284897 11.755498 158.000000
v 14.284897 11.755498 189.600000
v 14.284897 11.755498 221.200000
v 14.284897 11.755498 252.800000
v 14.284897 11.755498 284.400000
v 15.242576 10.483982 31.600000
v 15.242576 10.483982 63.200000
v 15.242576 10.483982 94.800000
v 15.242576 10.483982 126.400000
v 15.242576 10.483982 158.000000
v 15.242576 10.483982 189.600000
v 15.242576 10.483982 221.200000
v 15.242576 10.483982 252.800000
v 15.242576 10.483982 284.400000
v 16.087404 9.134848 31.600000
v 16.087404 9.134848 63.200000
v 16.087404 9.134848 94.800000
v 16.087404 9.134848 126.400000
v 16.087404 9.134848 158.000000
v 16.087404 9.134848 189.600000
v 16.087404 9.134848 221.200000
v 16.087404 9.134848 252.800000
v 16.087404 9.134848 284.400000
v 16.813126 7.718082 31.600000
v 16.813126 7.718082 63.200000
v 16.813126 7.718082 94.800000
v 16.813126 7.718082 126.400000
v 16.813126 7.718082 158.000000
v 16.813126 7.718082 189.600000
v 16.813126 7.718082 221.200000
v 16.813126 7.718082 252.800000
v 16.813126 7.718082 284.400000
v 17.414370 6.244174 31.600000
v 17.414370 6.244174 63.200000
v 17.414370 6.244174 94.800000
v 17.414370 6.244174 126.400000
v 17.414370 6.244174 158.000000
v 17.414370 6.244174 189.600000
v 17.414370 6.244174 221.200000
v 17.414370 6.244174 252.800000
v 17.414370 6.244174 284.400000
v 17.886685 4.724036 31.600000
v 17.886685 4.724036 63.200000
v 17.886685 4.724036 94.800000
v 17.886685 4.724036 126.400000
v 17.886685 4.724036 158.000000
v 17.886685 4.724036 189.600000
v 17.886685 4.724036 221.200000
v 17.886685 4.724036 252.800000
v 17.886685 4.724036 284.400000
v 18.226572 3.168923 31.600000
v 18.226572 3.168923 63.200000
v 18.226572 3.168923 94.800000
v 18.226572 3.168923 126.400000
v 18.226572 3.168923 158.000000
v 18.226572 3.168923 189.600000
v 18.226572 3.168923 221.200000
v 18.226572 3.168923 252.800000
v 18.226572 3.168923 284.400000
v 18.431516 1.590349 31.600000
v 18.431516 1.590349 63.200000
v 18.431516 1.590349 94.800000
v 18.431516 1.590349 126.400000
v 18.431516 1.590349 158.000000
v 18.431516 1.590349 189.600000
v 18.431516 1.590349 221.200000
v 18.431516 1.590349 252.800000
v 18.431516 1.590349 284.400000
v 22.500000 -0.000000 47.750000
v 22.500000 -0.000000 84.500000
v 22.500000 -0.000000 121.250000
v 22.500000 -0.000000 158.000000
v 22.500000 -0.000000 194.750000
v 22.500000 -0.000000 231.500000
v 22.500000 -0.000000 268.250000
v 22.432341 1.743579 47.750000
v 22.432341 1.743579 84.500000
v 22.432341 1.743579 121.250000
v 22.432341 1.743579 158.000000
v 22.432341 1.743579 194.750000
v 22.432341 1.743579 231.500000
v 22.432341 1.743579 268.250000
v 22.229772 3.476673 47.750000
v 22.229772 3.476673 84.500000
v 22.229772 3.476673 121.250000
v 22.229772 3.476673 158.000000
v 22.229772 3.476673 194.750000
v 22.229772 3.476673 231.500000
v 22.229772 3.476673 268.250000
v 21.893510 5.188857 47.750000
v 21.893510 5.188857 84.500000
v 21.893510 5.188857 121.250000
v 21.893510 5.188857 158.000000
v 21.893510 5.188857 194.750000
v 21.893510 5.188857 231.500000
v 21.893510 5.188857 268.250000
v 21.425577 6.869835 47.750000
v 21.425577 6.869835 84.500000
v 21.425577 6.869835 121.250000
v 21.425577 6.869835 158.000000
v 21.425577 6.869835 194.750000
v 21.425577 6.869835 231.500000
v 21.425577 6.869835 268.250000
v 20.828789 8.509497 47.750000
v 20.828789 8.509497 84.500000
v 20.828789 8.509497 121.250000
v 20.828789 8.509497 158.000000
v 20.828789 8.509497 194.750000
v 20.828789 8.509497 231.500000
v 20.828789 8.509497 268.250000
v 20.106734 10.097982 47.750000
v 20.106734 10.097982 84.500000
v 20.106734 10.097982 121.250000
v 20.106734 10.097982 158.000000
v 20.106734 10.097982 194.750000
v 20.106734 10.097982 231.500000
v 20.106734 10.097982 268.250000
v 19.263755 11.625736 47.750000
v 19.263755 11.625736 84.500000
v 19.263755 11.625736 121.250000
v 19.263755 11.625736 158.000000
v 19.263755 11.625736 194.750000
v 19.263755 11.625736 231.500000
v 19.263755 11.625736 268.250000
v 18.304922 13.083572 47.750000
v 18.304922 13.083572 84.500000
v 18.304922 13.083572 121.250000
v 18.304922 13.083572 158.000000
v 18.304922 13.083572 194.750000
v 18.304922 13.083572 231.500000
v 18.304922 13.083572 268.250000
v 17.236000 14.462721 47.750000
v 17.236000 14.462721 84.500000
v 17.236000 14.462721 121.250000
v 17.236000 14.462721 158.000000
v 17.236000 14.462721 194.750000
v 17.236000 14.462721 231.500000
v 17.236000 14.462721 268.250000
v 16.063419 15.754890 47.750000
v 16.063419 15.754890 84.500000
v 16.063419 15.754890 121.250000
v 16.063419 15.754890 158.000000
v 16.063419 15.754890 194.750000
v 16.063419 15.754890 231.500000
v 16.063419 15.754890 268.250000
v 14.794231 16.952308 47.750000
v 14.794231 16.952308 84.500000
v 14.794231 16.952308 121.250000
v 14.794231 16.952308 158.000000
v 14.794231 16.952308 194.750000
v 14.794231 16.952308 231.500000
v 14.794231 16.952308 268.250000
v 13.436068 18.047772 47.750000
v 13.436068 18.047772 84.500000
v 13.436068 18.047772 121.250000
v 13.436068 18.047772 158.000000
v 13.436068 18.047772 194.750000
v 13.436068 18.047772 231.500000
v 13.436068 18.047772 268.250000
v 11.997100 19.034695 47.750000
v 11.997100 19.034695 84.500000
v 11.997100 19.034695 121.250000
v 11.997100 19.034695 158.000000
v 11.997100 19.034695 194.750000
v 11.997100 19.034695 231.500000
v 11.997100 19.034695 268.250000
v 10.485979 19.907140 47.750000
v 10.485979 19.907140 84.500000
v 10.485979 19.907140 121.250000
v 10.485979 19.907140 158.000000
v 10.485979 19.907140 194.750000
v 10.485979 19.907140 231.500000
v 10.485979 19.907140 268.250000
v 8.911795 20.659862 47.750000
v 8.911795 20.659862 84.500000
v 8.911795 20.659862 121.250000
v 8.911795 20.659862 158.000000
v 8.911795 20.659862 194.750000
v 8.911795 20.659862 231.500000
v 8.911795 20.659862 268.250000
v 7.284014 21.288334 47.750000
v 7.284014 21.288334 84.500000
v 7.284014 21.288334 121.250000
v 7.284014 21.288334 158.000000
v 7.284014 21.288334 194.750000
v 7.284014 21.288334 231.500000
v 7.284014 21.288334 268.250000
v 5.612426 21.788774 47.750000
v 5.612426 21.788774 84.500000
v 5.612426 21.788774 121.250000
v 5.612426 21.788774 158.000000
v 5.612426 21.788774 194.750000
v 5.612426 21.788774 231.500000
v 5.612426 21.788774 268.250000
v 3.907084 22.158174 47.750000
v 3.907084 22.158174 84.500000
v 3.907084 22.158174 121.250000
v 3.907084 22.158174 158.000000
v 3.907084 22.158174 194.750000
v 3.907084 22.158174 231.500000
v 3.907084 22.158174 268.250000
v 2.178245 22.394313 47.750000
v 2.178245 22.394313 84.500000
v 2.178245 22.394313 121.250000
v 2.178245 22.394313 158.000000
v 2.178245 22.394313 194.750000
v 2.178245 22.394313 231.500000
v 2.178245 22.394313 268.250000
v 0.436305 22.495769 47.750000
v 0.436305 22.495769 84.500000
v 0.436305 22.495769 121.250000
v 0.436305 22.495769 158.000000
v 0.436305 22.495769 194.750000
v 0.436305 22.495769 231.500000
v 0.436305 22.495769 268.250000
v -1.308259 22.461934 47.750000
v -1.308259 22.461934 84.500000
v -1.308259 22.461934 121.250000
v -1.308259 22.461934 158.000000
v -1.308259 22.461934 194.750000
v -1.308259 22.461934 231.500000
v -1.308259 22.461934 268.250000
v -3.044954 22.293009 47.750000
v -3.044954 22.293009 84.500000
v -3.044954 22.293009 121.250000
v -3.044954 22.293009 158.000000
v -3.044954 22.293009 194.750000
v -3.044954 22.293009 231.500000
v -3.044954 22.293009 268.250000
v -4.763337 21.990012 47.750000
v -4.763337 21.990012 84.500000
v -4.763337 21.990012 121.250000
v -4.763337 21.990012 158.000000
v -4.763337 21.990012 194.750000
v -4.763337 21.990012 231.500000
v -4.763337 21.990012 268.250000
v -6.453073 21.554764 47.750000
v -6.453073 21.554764 84.500000
v -6.453073 21.554764 121.250000
v -6.453073 21.554764 158.000000
v -6.453073 21.554764 194.750000
v -6.453073 21.554764 231.500000
v -6.453073 21.554764 268.250000
v -8.103999 20.989883 47.750000
v -8.103999 20.989883 84.500000
v -8.103999 20.989883 121.250000
v -8.103999 20.989883 158.000000
v -8.103999 20.989883 194.750000
v -8.103999 20.989883 231.500000
v -8.103999 20.989883 268.250000
v -9.706186 20.298767 47.750000
v -9.706186 20.298767 84.500000
v -9.706186 20.298767 121.250000
v -9.706186 20.298767 158.000000
v -9.706186 20.298767 194.750000
v -9.706186 20.298767 231.500000
v -9.706186 20.298767 268.250000
v -11.250000 19.485572 47.750000
v -11.250000 19.485572 84.500000
v -11.250000 19.485572 121.250000
v -11.250000 19.485572 158.000000
v -11.250000 19.485572 194.750000
v -11.250000 19.485572 231.500000
v -11.250000 19.485572 268.250000
v -12.726155 18.555188 47.750000
v -12.726155 18.555188 84.500000
v -12.726155 18.555188 121.250000
v -12.726155 18.555188 158.000000
v -12.726155 18.555188 194.750000
v -12.726155 18.555188 231.500000
v -12.726155 18.555188 268.250000
v -14.125773 17.513211 47.750000
v -14.125773 17.513211 84.500000
v -14.125773 17.513211 121.250000
v -14.125773 17.513211 158.000000
v -14.125773 17.513211 194.750000
v -14.125773 17.513211 231.500000
v -14.125773 17.513211 268.250000
v -15.440437 16.365907 47.750000
v -15.440437 16.365907 84.500000
v -15.440437 16.365907 121.250000
v -15.440437 16.365907 158.000000
v -15.440437 16.365907 194.750000
v -15.440437 16.365907 231.500000
v -15.440437 16.365907 268.250000
v -16.662240 15.120177 47.750000
v -16.662240 15.120177 84.500000
v -16.662240 15.120177 121.250000
v -16.662240 15.120177 158.000000
v -16.662240 15.120177 194.750000
v -16.662240 15.120177 231.500000
v -16.662240 15.120177 268.250000
v -17.783835 13.783512 47.750000
v -17.783835 13.783512 84.500000
v -17.783835 13.783512 121.250000
v -17.783835 13.783512 158.000000
v -17.783835 13.783512 194.750000
v -17.783835 13.783512 231.500000
v -17.783835 13.783512 268.250000
v -18.798476 12.363952 47.750000
v -18.798476 12.363952 84.500000
v -18.798476 12.363952 121.250000
v -18.798476 12.363952 158.000000
v -18.798476 12.363952 194.750000
v -18.798476 12.363952 231.500000
v -18.798476 12.363952 268.250000
v -19.700060 10.870033 47.750000
v -19.700060 10.870033 84.500000
v -19.700060 10.870033 121.250000
v -19.700060 10.870033 158.000000
v -19.700060 10.870033 194.750000
v -19.700060 10.870033 231.500000
v -19.700060 10.870033 268.250000
v -20.483166 9.310741 47.750000
v -20.483166 9.310741 84.500000
v -20.483166 9.310741 121.250000
v -20.483166 9.310741 158.000000
v -20.483166 9.310741 194.750000
v -20.483166 9.310741 231.500000
v -20.483166 9.310741 268.250000
v -21.143084 7.695453 47.750000
v -21.143084 7.695453 84.500000
v -21.143084 7.695453 121.250000
v -21.143084 7.695453 158.000000
v -21.143084 7.695453 194.750000
v -21.143084 7.695453 231.500000
v -21.143084 7.695453 268.250000
v -21.675845 6.033884 47.750000
v -21.675845 6.033884 84.500000
v -21.675845 6.033884 121.250000
v -21.675845 6.033884 158.000000
v -21.675845 6.033884 194.750000
v -21.675845 6.033884 231.500000
v -21.675845 6.033884 268.250000
v -22.078244 4.336026 47.750000
v -22.078244 4.336026 84.500000
v -22.078244 4.336026 121.250000
v -22.078244 4.336026 158.000000
v -22.078244 4.336026 194.750000
v -22.078244 4.336026 231.500000
v -22.078244 4.336026 268.250000
v -22.347863 2.612091 47.750000
v -22.347863 2.612091 84.500000
v -22.347863 2.612091 121.250000
v -22.347863 2.612091 158.000000
v -22.347863 2.612091 194.750000
v -22.347863 2.612091 231.500000
v -22.347863 2.612091 268.250000
v -22.483079 0.872446 47.750000
v -22.483079 0.872446 84.500000
v -22.483079 0.872446 121.250000
v -22.483079 0.872446 158.000000
v -22.483079 0.872446 194.750000
v -22.483079 0.872446 231.500000
v -22.483079 0.872446 268.250000
v -22.483079 -0.872446 47.750000
v -22.483079 -0.872446 84.500000
v -22.483079 -0.872446 121.250000
v -22.483079 -0.872446 158.000000
v -22.483079 -0.872446 194.750000
v -22.483079 -0.872446 231.500000
v -22.483079 -0.872446 268.250000
v -22.347863 -2.612091 47.750000
v -22.347863 -2.612091 84.500000
v -22.347863 -2.612091 121.250000
v -22.347863 -2.612091 158.000000
v -22.347863 -2.612091 194.750000
v -22.347863 -2.612091 231.500000
v -22.347863 -2.612091 268.250000
v -22.078244 -4.336026 47.750000
v -22.078244 -4.336026 84.500000
v -22.078244 -4.336026 121.250000
v -22.078244 -4.336026 158.000000
v -22.078244 -4.336026 194.750000
v -22.078244 -4.336026 231.500000
v -22.078244 -4.336026 268.250000
v -21.675845 -6.033884 47.750000
v -21.675845 -6.033884 84.500000
v -21.675845 -6.033884 121.250000
v -21.675845 -6.033884 158.000000
v -21.675845 -6.033884 194.750000
v -21.675845 -6.033884 231.500000
v -21.675845 -6.033884 268.250000
v -21.143084 -7.695453 47.750000
v -21.143084 -7.695453 84.500000
v -21.143084 -7.695453 121.250000
v -21.143084 -7.695453 158.000000
v -21.143084 -7.695453 194.750000
v -21.143084 -7.695453 231.500000
v -21.143084 -7.695453 268.250000
v -20.483166 -9.310741 47.750000
v -20.483166 -9.310741 84.500000
v -20.483166 -9.310741 121.250000
v -20.483166 -9.310741 158.000000
v -20.483166 -9.310741 194.750000
v -20.483166 -9.310741 231.500000
v -20.483166 -9.310741 268.250000
v -19.700060 -10.870033 47.750000
v -19.700060 -10.870033 84.500000
v -19.700060 -10.870033 121.250000
v -19.700060 -10.870033 158.000000
v -19.700060 -10.870033 194.750000
v -19.700060 -10.870033 231.500000
v -19.700060 -10.870033 268.250000
v -18.798476 -12.363952 47.750000
v -18.798476 -12.363952 84.500000
v -18.798476 -12.363952 121.250000
v -18.798476 -12.363952 158.000000
v -18.798476 -12.363952 194.750000
v -18.798476 -12.363952 231.500000
v -18.798476 -12.363952 268.250000
v -17.783835 -13.783512 47.750000
v -17.783835 -13.783512 84.500000
v -17.783835 -13.783512 121.250000
v -17.783835 -13.783512 158.000000
v -17.783835 -13.783512 194.750000
v -17.783835 -13.783512 231.500000
v -17.783835 -13.783512 268.250000
v -16.662240 -15.120177 47.750000
v -16.662240 -15.120177 84.500000
v -16.662240 -15.120177 121.250000
v -16.662240 -15.120177 158.000000
v -16.662240 -15.120177 194.750000
v -16.662240 -15.120177 231.500000
v -16.662240 -15.120177 268.250000
v -15.440437 -16.365907 47.750000
v -15.440437 -16.365907 84.500000
v -15.440437 -16.365907 121.250000
v -15.440437 -16.365907 158.000000
v -15.440437 -16.365907 194.750000
v -15.440437 -16.365907 231.500000
v -15.440437 -16.365907 268.250000
v -14.125773 -17.513211 47.750000
v -14.125773 -17.513211 84.500000
v -14.125773 -17.513211 121.250000
v -14.125773 -17.513211 158.000000
v -14.125773 -17.513211 194.750000
v -14.125773 -17.513211 231.500000
v -14.125773 -17.513211 268.250000
v -12.726155 -18.555188 47.750000
v -12.726155 -18.555188 84.500000
v -12.726155 -18.555188 121.250000
v -12.726155 -18.555188 158.000000
v -12.726155 -18.555188 194.750000
v -12.726155 -18.555188 231.500000
v -12.726155 -18.555188 268.250000
v -11.250000 -19.485572 47.750000
v -11.250000 -19.485572 84.500000
v -11.250000 -19.485572 121.250000
v -11.250000 -19.485572 158.000000
v -11.250000 -19.485572 194.750000
v -11.250000 -19.485572 231.500000
v -11.250000 -19.485572 268.250000
v -9.706186 -20.298767 47.750000
v -9.706186 -20.298767 84.500000
v -9.706186 -20.298767 121.250000
v -9.706186 -20.298767 158.000000
v -9.706186 -20.298767 194.750000
v -9.706186 -20.298767 231.500000
v -9.706186 -20.298767 268.250000
v -8.103999 -20.989883 47.750000
v -8.103999 -20.989883 84.500000
v -8.103999 -20.989883 121.250000
v -8.103999 -20.989883 158.000000
v -8.103999 -20.989883 194.750000
v -8.103999 -20.989883 231.500000
v -8.103999 -20.989883 268.250000
v -6.453073 -21.554764 47.750000
v -6.453073 -21.554764 84.500000
v -6.453073 -21.554764 121.250000
v -6.453073 -21.554764 158.000000
v -6.453073 -21.554764 194.750000
v -6.453073 -21.554764 231.500000
v -6.453073 -21.554764 268.250000
v -4.763337 -21.990012 47.750000
v -4.763337 -21.990012 84.500000
v -4.763337 -21.990012 121.250000
v -4.763337 -21.990012 158.000000
v -4.763337 -21.990012 194.750000
v -4.763337 -21.990012 231.500000
v -4.763337 -21.990012 268.250000
v -3.044954 -22.293009 47.750000
v -3.044954 -22.293009 84.500000
v -3.044954 -22.293009 121.250000
v -3.044954 -22.293009 158.000000
v -3.044954 -22.293009 194.750000
v -3.044954 -22.293009 231.500000
v -3.044954 -22.293009 268.250000
v -1.308259 -22.461934 47.750000
v -1.308259 -22.461934 84.500000
v -1.308259 -22.461934 121.250000
v -1.308259 -22.461934 158.000000
v -1.308259 -22.461934 194.750000
v -1.308259 -22.461934 231.500000
v -1.308259 -22.461934 268.250000
v 0.436305 -22.495769 47.750000
v 0.436305 -22.495769 84.500000
v 0.436305 -22.495769 121.250000
v 0.436305 -22.495769 158.000000
v 0.436305 -22.495769 194.750000
v 0.436305 -22.495769 231.500000
v 0.436305 -22.495769 268.250000
v 2.178245 -22.394313 47.750000
v 2.178245 -22.394313 84.500000
v 2.178245 -22.394313 121.250000
v 2.178245 -22.394313 158.000000
v 2.178245 -22.394313 194.750000
v 2.178245 -22.394313 231.500000
v 2.178245 -22.394313 268.250000
v 3.907084 -22.158174 47.750000
v 3.907084 -22.158174 84.500000
v 3.907084 -22.158174 121.250000
v 3.907084 -22.158174 158.000000
v 3.907084 -22.158174 194.750000
v 3.907084 -22.158174 231.500000
v 3.907084 -22.158174 268.250000
v 5.612426 -21.788774 47.750000
v 5.612426 -21.788774 84.500000
v 5.612426 -21.788774 121.250000
v 5.612426 -21.788774 158.000000
v 5.612426 -21.788774 194.750000
v 5.612426 -21.788774 231.500000
v 5.612426 -21.788774 268.250000
v 7.284014 -21.288334 47.750000
v 7.284014 -21.288334 84.500000
v 7.284014 -21.288334 121.250000
v 7.284014 -21.288334 158.000000
v 7.284014 -21.288334 194.750000
v 7.284014 -21.288334 231.500000
v 7.284014 -21.288334 268.250000
v 8.911795 -20.659862 47.750000
v 8.911795 -20.659862 84.500000
v 8.911795 -20.659862 121.250000
v 8.911795 -20.659862 158.000000
v 8.911795 -20.659862 194.750000
v 8.911795 -20.659862 231.500000
v 8.911795 -20.659862 268.250000
v 10.485979 -19.907140 47.750000
v 10.485979 -19.907140 84.500000
v 10.485979 -19.907140 121.250000
v 10.485979 -19.907140 158.000000
v 10.485979 -19.907140 194.750000
v 10.485979 -19.907140 231.500000
v 10.485979 -19.907140 268.250000
v 11.997100 -19.034695 47.750000
v 11.997100 -19.034695 84.500000
v 11.997100 -19.034695 121.250000
v 11.997100 -19.034695 158.000000
v 11.997100 -19.034695 194.750000
v 11.997100 -19.034695 231.500000
v 11.997100 -19.034695 268.250000
v 13.436068 -18.047772 47.750000
v 13.436068 -18.047772 84.500000
v 13.436068 -18.047772 121.250000
v 13.436068 -18.047772 158.000000
v 13.436068 -18.047772 194.750000
v 13.436068 -18.047772 231.500000
v 13.436068 -18.047772 268.250000
v 14.794231 -16.952308 47.750000
v 14.794231 -16.952308 84.500000
v 14.794231 -16.952308 121.250000
v 14.794231 -16.952308 158.000000
v 14.794231 -16.952308 194.750000
v 14.794231 -16.952308 231.500000
v 14.794231 -16.952308 268.250000
v 16.063419 -15.754890 47.750000
v 16.063419 -15.754890 84.500000
v 16.063419 -15.754890 121.250000
v 16.063419 -15.754890 158.000000
v 16.063419 -15.754890 194.750000
v 16.063419 -15.754890 231.500000
v 16.063419 -15.754890 268.250000
v 17.236000 -14.462721 47.750000
v 17.236000 -14.462721 84.500000
v 17.236000 -14.462721 121.250000
v 17.236000 -14.462721 158.000000
v 17.236000 -14.462721 194.750000
v 17.236000 -14.462721 231.500000
v 17.236000 -14.462721 268.250000
v 18.304922 -13.083572 47.750000
v 18.304922 -13.083572 84.500000
v 18.304922 -13.083572 121.250000
v 18.304922 -13.083572 158.000000
v 18.304922 -13.083572 194.750000
v 18.304922 -13.083572 231.500000
v 18.304922 -13.083572 268.250000
v 19.263755 -11.625736 47.750000
v 19.263755 -11.625736 84.500000
v 19.263755 -11.625736 121.250000
v 19.263755 -11.625736 158.000000
v 19.263755 -11.625736 194.750000
v 19.263755 -11.625736 231.500000
v 19.263755 -11.625736 268.250000
v 20.106734 -10.097982 47.750000
v 20.106734 -10.097982 84.500000
v 20.106734 -10.097982 121.250000
v 20.106734 -10.097982 158.000000
v 20.106734 -10.097982 194.750000
v 20.106734 -10.097982 231.500000
v 20.106734 -10.097982 268.250000
v 20.828789 -8.509497 47.750000
v 20.828789 -8.509497 84.500000
v 20.828789 -8.509497 121.250000
v 20.828789 -8.509497 158.000000
v 20.828789 -8.509497 194.750000
v 20.828789 -8.509497 231.500000
v 20.828789 -8.509497 268.250000
v 21.425577 -6.869835 47.750000
v 21.425577 -6.869835 84.500000
v 21.425577 -6.869835 121.250000
v 21.425577 -6.869835 158.000000
v 21.425577 -6.869835 194.750000
v 21.425577 -6.869835 231.500000
v 21.425577 -6.869835 268.250000
v 21.893510 -5.188857 47.750000
v 21.893510 -5.188857 84.500000
v 21.893510 -5.188857 121.250000
v 21.893510 -5.188857 158.000000
v 21.893510 -5.188857 194.750000
v 21.893510 -5.188857 231.500000
v 21.893510 -5.188857 268.250000
v 22.229772 -3.476673 47.750000
v 22.229772 -3.476673 84.500000
v 22.229772 -3.476673 121.250000
v 22.229772 -3.476673 158.000000
v 22.229772 -3.476673 194.750000
v 22.229772 -3.476673 231.500000
v 22.229772 -3.476673 268.250000
v 22.432341 -1.743579 47.750000
v 22.432341 -1.743579 84.500000
v 22.432341 -1.743579 121.250000
v 22.432341 -1.743579 158.000000
v 22.432341 -1.743579 194.750000
v 22.432341 -1.743579 231.500000
v 22.432341 -1.743579 268.250000
vt -4.358899 -31.600000 0.000000
vt -0.000000 -31.600000 0.000000
vt -4.358899 -30.800000 0.000000
vt -0.000000 -30.800000 0.000000
vt 2.179449 -4.500000 0.000000
vt 3.031089 -2.090000 0.000000
vt -2.179449 -4.500000 0.000000
vt -3.031089 -2.090000 0.000000
vt -2.411467 -4.380049 0.000000
vt -2.636904 -4.248145 0.000000
vt -2.855145 -4.104649 0.000000
vt -3.065595 -3.949953 0.000000
vt -3.267680 -3.784477 0.000000
vt -3.460848 -3.608675 0.000000
vt -3.644572 -3.423025 0.000000
vt -3.818350 -3.228034 0.000000
vt -3.981709 -3.024234 0.000000
vt -4.134203 -2.812182 0.000000
vt -4.275415 -2.592456 0.000000
vt -4.404960 -2.365656 0.000000
vt -4.522485 -2.132400 0.000000
vt -3.090129 -2.084835 0.000000
vt -3.147376 -2.069495 0.000000
vt 2.411467 -4.380049 0.000000
vt 2.636904 -4.248145 0.000000
vt 2.855145 -4.104649 0.000000
vt 3.065595 -3.949953 0.000000
vt 3.267680 -3.784477 0.000000
vt 3.460848 -3.608675 0.000000
vt 3.644572 -3.423025 0.000000
vt 3.818350 -3.228034 0.000000
vt 3.090129 -2.084835 0.000000
vt 3.147376 -2.069495 0.000000
vt 3.981709 -3.024234 0.000000
vt 3.201089 -2.044449 0.000000
vt 4.134203 -2.812182 0.000000
vt 3.249637 -2.010455 0.000000
vt 4.275415 -2.592456 0.000000
vt 3.291544 -1.968548 0.000000
vt 3.325538 -1.920000 0.000000
vt 4.404960 -2.365656 0.000000
vt 3.350584 -1.866287 0.000000
vt 4.522485 -2.132400 0.000000
vt 3.365924 -1.809040 0.000000
vt 3.371089 -1.750000 0.000000
vt 4.627669 -1.893325 0.000000
vt 3.365924 -1.690960 0.000000
vt 4.720225 -1.649084 0.000000
vt 3.350584 -1.633713 0.000000
vt 4.799900 -1.400343 0.000000
vt 3.325538 -1.580000 0.000000
vt 3.291544 -1.531452 0.000000
vt 4.866477 -1.147780 0.000000
vt 3.249637 -1.489545 0.000000
vt 4.919775 -0.892086 0.000000
vt 3.201089 -1.455551 0.000000
vt 4.959647 -0.633957 0.000000
vt 4.985985 -0.374098 0.000000
vt 3.147376 -1.430505 0.000000
vt 4.998718 -0.113218 0.000000
vt 3.090129 -1.415165 0.000000
vt 4.997810 0.147970 0.000000
vt 1.848287 0.079591 0.000000
vt 4.983264 0.408755 0.000000
vt 1.834603 0.238184 0.000000
vt 4.955119 0.668425 0.000000
vt 1.807336 0.395014 0.000000
vt 4.913453 0.926270 0.000000
vt 4.858379 1.181588 0.000000
vt 1.766688 0.548919 0.000000
vt 4.790048 1.433682 0.000000
vt 1.712961 0.698760 0.000000
vt 4.708645 1.681863 0.000000
vt 4.614393 1.925455 0.000000
vt 1.646551 0.843427 0.000000
vt 4.507549 2.163792 0.000000
vt 4.388406 2.396225 0.000000
vt 1.567951 0.981851 0.000000
vt 4.257287 2.622120 0.000000
vt 1.477742 1.113005 0.000000
vt 4.114550 2.840858 0.000000
vt 3.960586 3.051845 0.000000
vt 1.376592 1.235918 0.000000
vt 3.795814 3.254504 0.000000
vt 1.265251 1.349681 0.000000
vt 1.144542 1.453452 0.000000
vt 3.620684 3.448282 0.000000
vt 3.435674 3.632650 0.000000
vt 3.241288 3.807105 0.000000
vt 3.038058 3.971172 0.000000
vt 1.015359 1.546462 0.000000
vt 2.826537 4.124401 0.000000
vt 0.319495 3.383713 0.000000
vt 2.607304 4.266376 0.000000
vt 0.334835 3.440960 0.000000
vt 2.380955 4.396709 0.000000
vt 2.148109 4.515044 0.000000
vt 0.340000 3.500000 0.000000
vt 1.909402 4.621059 0.000000
vt 0.334835 3.559040 0.000000
vt 1.665484 4.714463 0.000000
vt 0.319495 3.616287 0.000000
vt 1.417021 4.795003 0.000000
vt 0.294449 3.670000 0.000000
vt 1.164691 4.862458 0.000000
vt 0.260455 3.718548 0.000000
vt 0.909184 4.916644 0.000000
vt 0.218548 3.760455 0.000000
vt 0.651195 4.957413 0.000000
vt 0.170000 3.794449 0.000000
vt 0.391429 4.984655 0.000000
vt 0.116287 3.819495 0.000000
vt 0.059040 3.834835 0.000000
vt 0.130595 4.998294 0.000000
vt 0.000000 3.840000 0.000000
vt -0.130595 4.998294 0.000000
vt -0.059040 3.834835 0.000000
vt -0.391429 4.984655 0.000000
vt -0.116287 3.819495 0.000000
vt -0.170000 3.794449 0.000000
vt -0.651195 4.957413 0.000000
vt -0.218548 3.760455 0.000000
vt -0.909184 4.916644 0.000000
vt -0.260455 3.718548 0.000000
vt -1.164691 4.862458 0.000000
vt -0.294449 3.670000 0.000000
vt -1.417021 4.795003 0.000000
vt -0.319495 3.616287 0.000000
vt -1.665484 4.714463 0.000000
vt -0.334835 3.559040 0.000000
vt -1.909402 4.621059 0.000000
vt -0.340000 3.500000 0.000000
vt -2.148109 4.515044 0.000000
vt -0.334835 3.440960 0.000000
vt -2.380955 4.396709 0.000000
vt -2.607304 4.266376 0.000000
vt -0.319495 3.383713 0.000000
vt -2.826537 4.124401 0.000000
vt -0.947887 1.588713 0.000000
vt -1.080952 1.501347 0.000000
vt -3.038058 3.971172 0.000000
vt -3.241288 3.807105 0.000000
vt -1.206013 1.402866 0.000000
vt -3.435674 3.632650 0.000000
vt -3.620684 3.448282 0.000000
vt -1.322146 1.293998 0.000000
vt -3.795814 3.254504 0.000000
vt -1.428490 1.175550 0.000000
vt -3.960586 3.051845 0.000000
vt -4.114550 2.840858 0.000000
vt -1.524258 1.048398 0.000000
vt -4.257287 2.622120 0.000000
vt -4.388406 2.396225 0.000000
vt -1.608740 0.913485 0.000000
vt -4.507549 2.163792 0.000000
vt -1.681313 0.771808 0.000000
vt -4.614393 1.925455 0.000000
vt -4.708645 1.681863 0.000000
vt -1.741437 0.624417 0.000000
vt -4.790048 1.433682 0.000000
vt -1.788668 0.472404 0.000000
vt -4.858379 1.181588 0.000000
vt -4.913453 0.926270 0.000000
vt -1.822657 0.316892 0.000000
vt -4.955119 0.668425 0.000000
vt -1.843152 0.159035 0.000000
vt -4.983264 0.408755 0.000000
vt -4.997810 0.147970 0.000000
vt -4.998718 -0.113218 0.000000
vt -3.090129 -1.415165 0.000000
vt -1.850000 0.000000 0.000000
vt -3.147376 -1.430505 0.000000
vt -4.985985 -0.374098 0.000000
vt -3.201089 -1.455551 0.000000
vt -4.959647 -0.633957 0.000000
vt -4.919775 -0.892086 0.000000
vt -3.249637 -1.489545 0.000000
vt -4.866477 -1.147780 0.000000
vt -3.291544 -1.531452 0.000000
vt -4.799900 -1.400343 0.000000
vt -3.325538 -1.580000 0.000000
vt -3.350584 -1.633713 0.000000
vt -4.720225 -1.649084 0.000000
vt -3.365924 -1.690960 0.000000
vt -4.627669 -1.893325 0.000000
vt -3.371089 -1.750000 0.000000
vt -3.365924 -1.809040 0.000000
vt -3.350584 -1.866287 0.000000
vt -3.325538 -1.920000 0.000000
vt -3.291544 -1.968548 0.000000
vt -3.249637 -2.010455 0.000000
vt -3.201089 -2.044449 0.000000
vt -0.294449 3.330000 0.000000
vt -0.807805 1.664317 0.000000
vt -0.260455 3.281452 0.000000
vt -0.661742 1.727599 0.000000
vt -0.218548 3.239545 0.000000
vt -0.510779 1.778090 0.000000
vt -0.170000 3.205551 0.000000
vt -0.356035 1.815417 0.000000
vt -0.116287 3.180505 0.000000
vt -0.198655 1.839303 0.000000
vt -0.059040 3.165165 0.000000
vt -0.039805 1.849572 0.000000
vt 0.000000 3.160000 0.000000
vt 0.119341 1.846147 0.000000
vt 0.059040 3.165165 0.000000
vt 0.277602 1.829054 0.000000
vt 0.433809 1.798419 0.000000
vt 0.586804 1.754469 0.000000
vt 0.735454 1.697530 0.000000
vt 0.878659 1.628023 0.000000
vt 0.116287 3.180505 0.000000
vt 0.170000 3.205551 0.000000
vt 0.218548 3.239545 0.000000
vt 0.260455 3.281452 0.000000
vt 0.294449 3.330000 0.000000
vt 1.848287 -0.079591 0.000000
vt 3.031089 -1.410000 0.000000
vt 1.834603 -0.238184 0.000000
vt 2.972049 -1.415165 0.000000
vt 1.807336 -0.395014 0.000000
vt 2.914802 -1.430505 0.000000
vt 1.766688 -0.548919 0.000000
vt 2.861089 -1.455551 0.000000
vt 1.712961 -0.698760 0.000000
vt 2.812541 -1.489545 0.000000
vt 1.646551 -0.843427 0.000000
vt 2.770634 -1.531452 0.000000
vt 2.736640 -1.580000 0.000000
vt 1.567951 -0.981851 0.000000
vt 2.711593 -1.633713 0.000000
vt 1.477742 -1.113005 0.000000
vt 2.696254 -1.690960 0.000000
vt 1.376592 -1.235918 0.000000
vt 2.691089 -1.750000 0.000000
vt 1.265251 -1.349681 0.000000
vt 2.696254 -1.809040 0.000000
vt 1.144542 -1.453452 0.000000
vt 2.711593 -1.866287 0.000000
vt 2.736640 -1.920000 0.000000
vt 1.015359 -1.546462 0.000000
vt 2.770634 -1.968548 0.000000
vt 0.878659 -1.628023 0.000000
vt 0.735454 -1.697530 0.000000
vt 2.812541 -2.010455 0.000000
vt 0.586804 -1.754469 0.000000
vt 2.861089 -2.044449 0.000000
vt 0.433809 -1.798419 0.000000
vt 2.914802 -2.069495 0.000000
vt 0.277602 -1.829054 0.000000
vt 0.119341 -1.846147 0.000000
vt 2.972049 -2.084835 0.000000
vt -0.039805 -1.849572 0.000000
vt -2.972049 -2.084835 0.000000
vt -2.914802 -2.069495 0.000000
vt -2.861089 -2.044449 0.000000
vt -2.812541 -2.010455 0.000000
vt -2.770634 -1.968548 0.000000
vt -2.736640 -1.920000 0.000000
vt -2.711593 -1.866287 0.000000
vt -0.198655 -1.839303 0.000000
vt -0.356035 -1.815417 0.000000
vt -0.510779 -1.778090 0.000000
vt -0.661742 -1.727599 0.000000
vt -0.807805 -1.664317 0.000000
vt -0.947887 -1.588713 0.000000
vt -1.080952 -1.501347 0.000000
vt -1.206013 -1.402866 0.000000
vt -2.696254 -1.809040 0.000000
vt -1.322146 -1.293998 0.000000
vt -2.691089 -1.750000 0.000000
vt -1.428490 -1.175550 0.000000
vt -2.696254 -1.690960 0.000000
vt -2.711593 -1.633713 0.000000
vt -1.524258 -1.048398 0.000000
vt -2.736640 -1.580000 0.000000
vt -1.608740 -0.913485 0.000000
vt -2.770634 -1.531452 0.000000
vt -1.681313 -0.771808 0.000000
vt -2.812541 -1.489545 0.000000
vt -1.741437 -0.624417 0.000000
vt -2.861089 -1.455551 0.000000
vt -1.788668 -0.472404 0.000000
vt -2.914802 -1.430505 0.000000
vt -2.972049 -1.415165 0.000000
vt -1.822657 -0.316892 0.000000
vt -3.031089 -1.410000 0.000000
vt -1.843152 -0.159035 0.000000
vt 0.942478 -7.163280 0.000000
vt 0.890118 -7.183208 0.000000
vt 0.942478 -7.344629 0.000000
vt 0.890118 -7.344629 0.000000
vt 0.942478 7.344629 0.000000
vt 0.890118 7.344629 0.000000
vt 0.890118 7.183208 0.000000
vt 0.837758 7.344629 0.000000
vt 0.837758 7.183208 0.000000
vt 0.785398 7.344629 0.000000
vt 0.785398 7.183208 0.000000
vt 0.733038 7.344629 0.000000
vt 0.733038 7.183208 0.000000
vt 0.680678 7.344629 0.000000
vt 0.680678 7.183208 0.000000
vt 0.628319 7.344629 0.000000
vt 0.628319 7.183208 0.000000
vt 0.575959 7.344629 0.000000
vt 0.575959 7.183208 0.000000
vt 0.523599 7.344629 0.000000
vt 0.523599 7.183208 0.000000
vt 0.471239 7.344629 0.000000
vt 0.471239 7.173824 0.000000
vt 0.890118 -7.021788 0.000000
vt 0.942478 -6.981931 0.000000
vt 0.890118 -6.860368 0.000000
vt 0.942478 -6.800582 0.000000
vt 0.890118 -6.698947 0.000000
vt 0.942478 -6.619233 0.000000
vt 0.890118 -6.537527 0.000000
vt 0.942478 -6.437885 0.000000
vt 0.890118 -6.376106 0.000000
vt 0.942478 -6.256536 0.000000
vt 0.890118 -6.214686 0.000000
vt 0.942478 -6.075187 0.000000
vt 0.890118 -6.053266 0.000000
vt 0.942478 -5.893838 0.000000
vt 0.890118 -5.891845 0.000000
vt 0.890118 -5.730425 0.000000
vt 0.837758 -5.730425 0.000000
vt 0.837758 -5.569004 0.000000
vt 0.785398 -5.569004 0.000000
vt 0.785398 -5.407584 0.000000
vt 0.733038 -5.407584 0.000000
vt 0.733038 -5.246163 0.000000
vt 0.680678 -5.246163 0.000000
vt 0.680678 -5.084743 0.000000
vt 0.628319 -5.084743 0.000000
vt 0.628319 -4.923323 0.000000
vt 0.575959 -4.923323 0.000000
vt 0.575959 -4.761902 0.000000
vt 0.523599 -4.761902 0.000000
vt 0.523599 -4.600482 0.000000
vt 0.471239 -4.611744 0.000000
vt 0.471239 -4.440938 0.000000
vt 0.523599 -4.439061 0.000000
vt 0.523599 -4.277641 0.000000
vt 0.575959 -4.439061 0.000000
vt 0.575959 -4.277641 0.000000
vt 0.628319 -4.439061 0.000000
vt 0.628319 -4.277641 0.000000
vt 0.680678 -4.439061 0.000000
vt 0.680678 -4.277641 0.000000
vt 0.733038 -4.439061 0.000000
vt 0.733038 -4.277641 0.000000
vt 0.785398 -4.439061 0.000000
vt 0.785398 -4.277641 0.000000
vt 0.837758 -4.439061 0.000000
vt 0.837758 -4.277641 0.000000
vt 0.890118 -4.439061 0.000000
vt 0.890118 -4.277641 0.000000
vt 0.942478 -4.443047 0.000000
vt 0.942478 -4.261698 0.000000
vt 0.942478 -5.712489 0.000000
vt 0.890118 -5.569004 0.000000
vt 0.837758 -5.407584 0.000000
vt 0.785398 -5.246163 0.000000
vt 0.733038 -5.084743 0.000000
vt 0.680678 -4.923323 0.000000
vt 0.628319 -4.761902 0.000000
vt 0.575959 -4.600482 0.000000
vt 0.942478 -5.531140 0.000000
vt 0.890118 -5.407584 0.000000
vt 0.837758 -5.246163 0.000000
vt 0.785398 -5.084743 0.000000
vt 0.733038 -4.923323 0.000000
vt 0.680678 -4.761902 0.000000
vt 0.628319 -4.600482 0.000000
vt 0.942478 -5.349791 0.000000
vt 0.890118 -5.246163 0.000000
vt 0.837758 -5.084743 0.000000
vt 0.785398 -4.923323 0.000000
vt 0.733038 -4.761902 0.000000
vt 0.680678 -4.600482 0.000000
vt 0.942478 -5.168443 0.000000
vt 0.890118 -5.084743 0.000000
vt 0.837758 -4.923323 0.000000
vt 0.785398 -4.761902 0.000000
vt 0.733038 -4.600482 0.000000
vt 0.942478 -4.987094 0.000000
vt 0.890118 -4.923323 0.000000
vt 0.837758 -4.761902 0.000000
vt 0.785398 -4.600482 0.000000
vt 0.942478 -4.805745 0.000000
vt 0.890118 -4.761902 0.000000
vt 0.837758 -4.600482 0.000000
vt 0.942478 -4.624396 0.000000
vt 0.890118 -4.600482 0.000000
vt 0.890118 -4.116221 0.000000
vt 0.942478 -4.080349 0.000000
vt 0.890118 -3.954800 0.000000
vt 0.942478 -3.899000 0.000000
vt 0.890118 -3.793380 0.000000
vt 0.942478 -3.717652 0.000000
vt 0.890118 -3.631959 0.000000
vt 0.942478 -3.536303 0.000000
vt 0.890118 -3.470539 0.000000
vt 0.942478 -3.354954 0.000000
vt 0.890118 -3.309118 0.000000
vt 0.942478 -3.173605 0.000000
vt 0.890118 -3.147698 0.000000
vt 0.942478 -2.992256 0.000000
vt 0.890118 -2.986278 0.000000
vt 0.890118 -2.824857 0.000000
vt 0.837758 -2.824857 0.000000
vt 0.837758 -2.663437 0.000000
vt 0.785398 -2.663437 0.000000
vt 0.785398 -2.502016 0.000000
vt 0.733038 -2.502016 0.000000
vt 0.733038 -2.340596 0.000000
vt 0.680678 -2.340596 0.000000
vt 0.680678 -2.179176 0.000000
vt 0.628319 -2.179176 0.000000
vt 0.628319 -2.017755 0.000000
vt 0.575959 -2.017755 0.000000
vt 0.575959 -1.856335 0.000000
vt 0.523599 -1.856335 0.000000
vt 0.523599 -1.694914 0.000000
vt 0.471239 -1.708053 0.000000
vt 0.471239 -1.537248 0.000000
vt 0.523599 -1.533494 0.000000
vt 0.523599 -1.372074 0.000000
vt 0.575959 -1.533494 0.000000
vt 0.575959 -1.372074 0.000000
vt 0.628319 -1.533494 0.000000
vt 0.628319 -1.372074 0.000000
vt 0.680678 -1.533494 0.000000
vt 0.680678 -1.372074 0.000000
vt 0.733038 -1.533494 0.000000
vt 0.733038 -1.372074 0.000000
vt 0.785398 -1.533494 0.000000
vt 0.785398 -1.372074 0.000000
vt 0.837758 -1.533494 0.000000
vt 0.837758 -1.372074 0.000000
vt 0.890118 -1.533494 0.000000
vt 0.890118 -1.372074 0.000000
vt 0.942478 -1.541465 0.000000
vt 0.942478 -1.360116 0.000000
vt 0.942478 -2.810907 0.000000
vt 0.890118 -2.663437 0.000000
vt 0.837758 -2.502016 0.000000
vt 0.785398 -2.340596 0.000000
vt 0.733038 -2.179176 0.000000
vt 0.680678 -2.017755 0.000000
vt 0.628319 -1.856335 0.000000
vt 0.575959 -1.694914 0.000000
vt 0.942478 -2.629558 0.000000
vt 0.890118 -2.502016 0.000000
vt 0.837758 -2.340596 0.000000
vt 0.785398 -2.179176 0.000000
vt 0.733038 -2.017755 0.000000
vt 0.680678 -1.856335 0.000000
vt 0.628319 -1.694914 0.000000
vt 0.942478 -2.448210 0.000000
vt 0.890118 -2.340596 0.000000
vt 0.837758 -2.179176 0.000000
vt 0.785398 -2.017755 0.000000
vt 0.733038 -1.856335 0.000000
vt 0.680678 -1.694914 0.000000
vt 0.942478 -2.266861 0.000000
vt 0.890118 -2.179176 0.000000
vt 0.837758 -2.017755 0.000000
vt 0.785398 -1.856335 0.000000
vt 0.733038 -1.694914 0.000000
vt 0.942478 -2.085512 0.000000
vt 0.890118 -2.017755 0.000000
vt 0.837758 -1.856335 0.000000
vt 0.785398 -1.694914 0.000000
vt 0.942478 -1.904163 0.000000
vt 0.890118 -1.856335 0.000000
vt 0.837758 -1.694914 0.000000
vt 0.942478 -1.722814 0.000000
vt 0.890118 -1.694914 0.000000
vt 0.890118 -1.210653 0.000000
vt 0.942478 -1.178768 0.000000
vt 0.890118 -1.049233 0.000000
vt 0.942478 -0.997419 0.000000
vt 0.890118 -0.887812 0.000000
vt 0.942478 -0.816070 0.000000
vt 0.890118 -0.726392 0.000000
vt 0.942478 -0.634721 0.000000
vt 0.890118 -0.564971 0.000000
vt 0.942478 -0.453372 0.000000
vt 0.890118 -0.403551 0.000000
vt 0.942478 -0.272023 0.000000
vt 0.890118 -0.242131 0.000000
vt 0.942478 -0.090674 0.000000
vt 0.890118 -0.080710 0.000000
vt 0.942478 0.090674 0.000000
vt 0.890118 0.080710 0.000000
vt 0.890118 0.242131 0.000000
vt 0.837758 0.242131 0.000000
vt 0.837758 0.403551 0.000000
vt 0.785398 0.403551 0.000000
vt 0.785398 0.564971 0.000000
vt 0.733038 0.564971 0.000000
vt 0.733038 0.726392 0.000000
vt 0.680678 0.726392 0.000000
vt 0.680678 0.887812 0.000000
vt 0.628319 0.887812 0.000000
vt 0.628319 1.049233 0.000000
vt 0.575959 1.049233 0.000000
vt 0.575959 1.210653 0.000000
vt 0.523599 1.210653 0.000000
vt 0.523599 1.372074 0.000000
vt 0.471239 1.366443 0.000000
vt 0.471239 1.537248 0.000000
vt 0.523599 1.533494 0.000000
vt 0.523599 1.694914 0.000000
vt 0.575959 1.533494 0.000000
vt 0.575959 1.694914 0.000000
vt 0.628319 1.533494 0.000000
vt 0.628319 1.694914 0.000000
vt 0.680678 1.533494 0.000000
vt 0.680678 1.694914 0.000000
vt 0.733038 1.533494 0.000000
vt 0.733038 1.694914 0.000000
vt 0.785398 1.533494 0.000000
vt 0.785398 1.694914 0.000000
vt 0.837758 1.533494 0.000000
vt 0.837758 1.694914 0.000000
vt 0.890118 1.533494 0.000000
vt 0.890118 1.694914 0.000000
vt 0.942478 1.541465 0.000000
vt 0.942478 1.722814 0.000000
vt 0.942478 0.272023 0.000000
vt 0.890118 0.403551 0.000000
vt 0.837758 0.564971 0.000000
vt 0.785398 0.726392 0.000000
vt 0.733038 0.887812 0.000000
vt 0.680678 1.049233 0.000000
vt 0.628319 1.210653 0.000000
vt 0.575959 1.372074 0.000000
vt 0.942478 0.453372 0.000000
vt 0.890118 0.564971 0.000000
vt 0.837758 0.726392 0.000000
vt 0.785398 0.887812 0.000000
vt 0.733038 1.049233 0.000000
vt 0.680678 1.210653 0.000000
vt 0.628319 1.372074 0.000000
vt 0.942478 0.634721 0.000000
vt 0.890118 0.726392 0.000000
vt 0.837758 0.887812 0.000000
vt 0.785398 1.049233 0.000000
vt 0.733038 1.210653 0.000000
vt 0.680678 1.372074 0.000000
vt 0.942478 0.816070 0.000000
vt 0.890118 0.887812 0.000000
vt 0.837758 1.049233 0.000000
vt 0.785398 1.210653 0.000000
vt 0.733038 1.372074 0.000000
vt 0.942478 0.997419 0.000000
vt 0.890118 1.049233 0.000000
vt 0.837758 1.210653 0.000000
vt 0.785398 1.372074 0.000000
vt 0.942478 1.178768 0.000000
vt 0.890118 1.210653 0.000000
vt 0.837758 1.372074 0.000000
vt 0.942478 1.360116 0.000000
vt 0.890118 1.372074 0.000000
vt 0.890118 1.856335 0.000000
vt 0.942478 1.904163 0.000000
vt 0.890118 2.017755 0.000000
vt 0.942478 2.085512 0.000000
vt 0.890118 2.179176 0.000000
vt 0.942478 2.266861 0.000000
vt 0.890118 2.340596 0.000000
vt 0.942478 2.448210 0.000000
vt 0.890118 2.502016 0.000000
vt 0.942478 2.629558 0.000000
vt 0.890118 2.663437 0.000000
vt 0.942478 2.810907 0.000000
vt 0.890118 2.824857 0.000000
vt 0.942478 2.992256 0.000000
vt 0.890118 2.986278 0.000000
vt 0.890118 3.147698 0.000000
vt 0.837758 3.147698 0.000000
vt 0.837758 3.309118 0.000000
vt 0.785398 3.309118 0.000000
vt 0.785398 3.470539 0.000000
vt 0.733038 3.470539 0.000000
vt 0.733038 3.631959 0.000000
vt 0.680678 3.631959 0.000000
vt 0.680678 3.793380 0.000000
vt 0.628319 3.793380 0.000000
vt 0.628319 3.954800 0.000000
vt 0.575959 3.954800 0.000000
vt 0.575959 4.116221 0.000000
vt 0.523599 4.116221 0.000000
vt 0.523599 4.277641 0.000000
vt 0.471239 4.270133 0.000000
vt 0.471239 4.440938 0.000000
vt 0.523599 4.439061 0.000000
vt 0.523599 4.600482 0.000000
vt 0.575959 4.439061 0.000000
vt 0.575959 4.600482 0.000000
vt 0.628319 4.439061 0.000000
vt 0.628319 4.600482 0.000000
vt 0.680678 4.439061 0.000000
vt 0.680678 4.600482 0.000000
vt 0.733038 4.439061 0.000000
vt 0.733038 4.600482 0.000000
vt 0.785398 4.439061 0.000000
vt 0.785398 4.600482 0.000000
vt 0.837758 4.439061 0.000000
vt 0.837758 4.600482 0.000000
vt 0.890118 4.439061 0.000000
vt 0.890118 4.600482 0.000000
vt 0.942478 4.443047 0.000000
vt 0.942478 4.624396 0.000000
vt 0.942478 3.173605 0.000000
vt 0.890118 3.309118 0.000000
vt 0.837758 3.470539 0.000000
vt 0.785398 3.631959 0.000000
vt 0.733038 3.793380 0.000000
vt 0.680678 3.954800 0.000000
vt 0.628319 4.116221 0.000000
vt 0.575959 4.277641 0.000000
vt 0.942478 3.354954 0.000000
vt 0.890118 3.470539 0.000000
vt 0.837758 3.631959 0.000000
vt 0.785398 3.793380 0.000000
vt 0.733038 3.954800 0.000000
vt 0.680678 4.116221 0.000000
vt 0.628319 4.277641 0.000000
vt 0.942478 3.536303 0.000000
vt 0.890118 3.631959 0.000000
vt 0.837758 3.793380 0.000000
vt 0.785398 3.954800 0.000000
vt 0.733038 4.116221 0.000000
vt 0.680678 4.277641 0.000000
vt 0.942478 3.717652 0.000000
vt 0.890118 3.793380 0.000000
vt 0.837758 3.954800 0.000000
vt 0.785398 4.116221 0.000000
vt 0.733038 4.277641 0.000000
vt 0.942478 3.899000 0.000000
vt 0.890118 3.954800 0.000000
vt 0.837758 4.116221 0.000000
vt 0.785398 4.277641 0.000000
vt 0.942478 4.080349 0.000000
vt 0.890118 4.116221 0.000000
vt 0.837758 4.277641 0.000000
vt 0.942478 4.261698 0.000000
vt 0.890118 4.277641 0.000000
vt 0.890118 4.761902 0.000000
vt 0.942478 4.805745 0.000000
vt 0.890118 4.923323 0.000000
vt 0.942478 4.987094 0.000000
vt 0.890118 5.084743 0.000000
vt 0.942478 5.168443 0.000000
vt 0.890118 5.246163 0.000000
vt 0.942478 5.349791 0.000000
vt 0.890118 5.407584 0.000000
vt 0.942478 5.531140 0.000000
vt 0.890118 5.569004 0.000000
vt 0.942478 5.712489 0.000000
vt 0.890118 5.730425 0.000000
vt 0.942478 5.893838 0.000000
vt 0.890118 5.891845 0.000000
vt 0.890118 6.053266 0.000000
vt 0.837758 6.053266 0.000000
vt 0.837758 6.214686 0.000000
vt 0.785398 6.214686 0.000000
vt 0.785398 6.376106 0.000000
vt 0.733038 6.376106 0.000000
vt 0.733038 6.537527 0.000000
vt 0.680678 6.537527 0.000000
vt 0.680678 6.698947 0.000000
vt 0.628319 6.698947 0.000000
vt 0.628319 6.860368 0.000000
vt 0.575959 6.860368 0.000000
vt 0.575959 7.021788 0.000000
vt 0.523599 7.021788 0.000000
vt 0.942478 6.075187 0.000000
vt 0.890118 6.214686 0.000000
vt 0.837758 6.376106 0.000000
vt 0.785398 6.537527 0.000000
vt 0.733038 6.698947 0.000000
vt 0.680678 6.860368 0.000000
vt 0.628319 7.021788 0.000000
vt 0.942478 6.256536 0.000000
vt 0.890118 6.376106 0.000000
vt 0.837758 6.537527 0.000000
vt 0.785398 6.698947 0.000000
vt 0.733038 6.860368 0.000000
vt 0.680678 7.021788 0.000000
vt 0.942478 6.437885 0.000000
vt 0.890118 6.537527 0.000000
vt 0.837758 6.698947 0.000000
vt 0.785398 6.860368 0.000000
vt 0.733038 7.021788 0.000000
vt 0.942478 6.619233 0.000000
vt 0.890118 6.698947 0.000000
vt 0.837758 6.860368 0.000000
vt 0.785398 7.021788 0.000000
vt 0.942478 6.800582 0.000000
vt 0.890118 6.860368 0.000000
vt 0.837758 7.021788 0.000000
vt 0.942478 6.981931 0.000000
vt 0.890118 7.021788 0.000000
vt 0.942478 7.163280 0.000000
vt 0.471239 7.003018 0.000000
vt 0.523599 6.860368 0.000000
vt 0.575959 6.698947 0.000000
vt 0.628319 6.537527 0.000000
vt 0.680678 6.376106 0.000000
vt 0.733038 6.214686 0.000000
vt 0.785398 6.053266 0.000000
vt 0.837758 5.891845 0.000000
vt 0.471239 6.832213 0.000000
vt 0.523599 6.698947 0.000000
vt 0.575959 6.537527 0.000000
vt 0.628319 6.376106 0.000000
vt 0.680678 6.214686 0.000000
vt 0.733038 6.053266 0.000000
vt 0.785398 5.891845 0.000000
vt 0.837758 5.730425 0.000000
vt 0.471239 6.661408 0.000000
vt 0.523599 6.537527 0.000000
vt 0.575959 6.376106 0.000000
vt 0.628319 6.214686 0.000000
vt 0.680678 6.053266 0.000000
vt 0.733038 5.891845 0.000000
vt 0.785398 5.730425 0.000000
vt 0.837758 5.569004 0.000000
vt 0.471239 6.490602 0.000000
vt 0.523599 6.376106 0.000000
vt 0.575959 6.214686 0.000000
vt 0.628319 6.053266 0.000000
vt 0.680678 5.891845 0.000000
vt 0.733038 5.730425 0.000000
vt 0.785398 5.569004 0.000000
vt 0.837758 5.407584 0.000000
vt 0.471239 6.319797 0.000000
vt 0.523599 6.214686 0.000000
vt 0.575959 6.053266 0.000000
vt 0.628319 5.891845 0.000000
vt 0.680678 5.730425 0.000000
vt 0.733038 5.569004 0.000000
vt 0.785398 5.407584 0.000000
vt 0.837758 5.246163 0.000000
vt 0.471239 6.148992 0.000000
vt 0.523599 6.053266 0.000000
vt 0.575959 5.891845 0.000000
vt 0.628319 5.730425 0.000000
vt 0.680678 5.569004 0.000000
vt 0.733038 5.407584 0.000000
vt 0.785398 5.246163 0.000000
vt 0.837758 5.084743 0.000000
vt 0.471239 5.978186 0.000000
vt 0.523599 5.891845 0.000000
vt 0.575959 5.730425 0.000000
vt 0.628319 5.569004 0.000000
vt 0.680678 5.407584 0.000000
vt 0.733038 5.246163 0.000000
vt 0.785398 5.084743 0.000000
vt 0.837758 4.923323 0.000000
vt 0.471239 5.807381 0.000000
vt 0.523599 5.730425 0.000000
vt 0.575959 5.569004 0.000000
vt 0.628319 5.407584 0.000000
vt 0.680678 5.246163 0.000000
vt 0.733038 5.084743 0.000000
vt 0.785398 4.923323 0.000000
vt 0.837758 4.761902 0.000000
vt 0.471239 5.636576 0.000000
vt 0.523599 5.569004 0.000000
vt 0.575959 5.407584 0.000000
vt 0.628319 5.246163 0.000000
vt 0.680678 5.084743 0.000000
vt 0.733038 4.923323 0.000000
vt 0.785398 4.761902 0.000000
vt 0.471239 5.465770 0.000000
vt 0.523599 5.407584 0.000000
vt 0.575959 5.246163 0.000000
vt 0.628319 5.084743 0.000000
vt 0.680678 4.923323 0.000000
vt 0.733038 4.761902 0.000000
vt 0.471239 5.294965 0.000000
vt 0.523599 5.246163 0.000000
vt 0.575959 5.084743 0.000000
vt 0.628319 4.923323 0.000000
vt 0.680678 4.761902 0.000000
vt 0.471239 5.124160 0.000000
vt 0.523599 5.084743 0.000000
vt 0.575959 4.923323 0.000000
vt 0.628319 4.761902 0.000000
vt 0.471239 4.953354 0.000000
vt 0.523599 4.923323 0.000000
vt 0.575959 4.761902 0.000000
vt 0.471239 4.782549 0.000000
vt 0.523599 4.761902 0.000000
vt 0.471239 4.611744 0.000000
vt 0.471239 4.099328 0.000000
vt 0.523599 3.954800 0.000000
vt 0.575959 3.793380 0.000000
vt 0.628319 3.631959 0.000000
vt 0.680678 3.470539 0.000000
vt 0.733038 3.309118 0.000000
vt 0.785398 3.147698 0.000000
vt 0.837758 2.986278 0.000000
vt 0.471239 3.928522 0.000000
vt 0.523599 3.793380 0.000000
vt 0.575959 3.631959 0.000000
vt 0.628319 3.470539 0.000000
vt 0.680678 3.309118 0.000000
vt 0.733038 3.147698 0.000000
vt 0.785398 2.986278 0.000000
vt 0.837758 2.824857 0.000000
vt 0.471239 3.757717 0.000000
vt 0.523599 3.631959 0.000000
vt 0.575959 3.470539 0.000000
vt 0.628319 3.309118 0.000000
vt 0.680678 3.147698 0.000000
vt 0.733038 2.986278 0.000000
vt 0.785398 2.824857 0.000000
vt 0.837758 2.663437 0.000000
vt 0.471239 3.586912 0.000000
vt 0.523599 3.470539 0.000000
vt 0.575959 3.309118 0.000000
vt 0.628319 3.147698 0.000000
vt 0.680678 2.986278 0.000000
vt 0.733038 2.824857 0.000000
vt 0.785398 2.663437 0.000000
vt 0.837758 2.502016 0.000000
vt 0.471239 3.416106 0.000000
vt 0.523599 3.309118 0.000000
vt 0.575959 3.147698 0.000000
vt 0.628319 2.986278 0.000000
vt 0.680678 2.824857 0.000000
vt 0.733038 2.663437 0.000000
vt 0.785398 2.502016 0.000000
vt 0.837758 2.340596 0.000000
vt 0.471239 3.245301 0.000000
vt 0.523599 3.147698 0.000000
vt 0.575959 2.986278 0.000000
vt 0.628319 2.824857 0.000000
vt 0.680678 2.663437 0.000000
vt 0.733038 2.502016 0.000000
vt 0.785398 2.340596 0.000000
vt 0.837758 2.179176 0.000000
vt 0.471239 3.074496 0.000000
vt 0.523599 2.986278 0.000000
vt 0.575959 2.824857 0.000000
vt 0.628319 2.663437 0.000000
vt 0.680678 2.502016 0.000000
vt 0.733038 2.340596 0.000000
vt 0.785398 2.179176 0.000000
vt 0.837758 2.017755 0.000000
vt 0.471239 2.903690 0.000000
vt 0.523599 2.824857 0.000000
vt 0.575959 2.663437 0.000000
vt 0.628319 2.502016 0.000000
vt 0.680678 2.340596 0.000000
vt 0.733038 2.179176 0.000000
vt 0.785398 2.017755 0.000000
vt 0.837758 1.856335 0.000000
vt 0.471239 2.732885 0.000000
vt 0.523599 2.663437 0.000000
vt 0.575959 2.502016 0.000000
vt 0.628319 2.340596 0.000000
vt 0.680678 2.179176 0.000000
vt 0.733038 2.017755 0.000000
vt 0.785398 1.856335 0.000000
vt 0.471239 2.562080 0.000000
vt 0.523599 2.502016 0.000000
vt 0.575959 2.340596 0.000000
vt 0.628319 2.179176 0.000000
vt 0.680678 2.017755 0.000000
vt 0.733038 1.856335 0.000000
vt 0.471239 2.391275 0.000000
vt 0.523599 2.340596 0.000000
vt 0.575959 2.179176 0.000000
vt 0.628319 2.017755 0.000000
vt 0.680678 1.856335 0.000000
vt 0.471239 2.220469 0.000000
vt 0.523599 2.179176 0.000000
vt 0.575959 2.017755 0.000000
vt 0.628319 1.856335 0.000000
vt 0.471239 2.049664 0.000000
vt 0.523599 2.017755 0.000000
vt 0.575959 1.856335 0.000000
vt 0.471239 1.878859 0.000000
vt 0.523599 1.856335 0.000000
vt 0.471239 1.708053 0.000000
vt 0.471239 1.195637 0.000000
vt 0.523599 1.049233 0.000000
vt 0.575959 0.887812 0.000000
vt 0.628319 0.726392 0.000000
vt 0.680678 0.564971 0.000000
vt 0.733038 0.403551 0.000000
vt 0.785398 0.242131 0.000000
vt 0.837758 0.080710 0.000000
vt 0.471239 1.024832 0.000000
vt 0.523599 0.887812 0.000000
vt 0.575959 0.726392 0.000000
vt 0.628319 0.564971 0.000000
vt 0.680678 0.403551 0.000000
vt 0.733038 0.242131 0.000000
vt 0.785398 0.080710 0.000000
vt 0.837758 -0.080710 0.000000
vt 0.471239 0.854027 0.000000
vt 0.523599 0.726392 0.000000
vt 0.575959 0.564971 0.000000
vt 0.628319 0.403551 0.000000
vt 0.680678 0.242131 0.000000
vt 0.733038 0.080710 0.000000
vt 0.785398 -0.080710 0.000000
vt 0.837758 -0.242131 0.000000
vt 0.471239 0.683221 0.000000
vt 0.523599 0.564971 0.000000
vt 0.575959 0.403551 0.000000
vt 0.628319 0.242131 0.000000
vt 0.680678 0.080710 0.000000
vt 0.733038 -0.080710 0.000000
vt 0.785398 -0.242131 0.000000
vt 0.837758 -0.403551 0.000000
vt 0.471239 0.512416 0.000000
vt 0.523599 0.403551 0.000000
vt 0.575959 0.242131 0.000000
vt 0.628319 0.080710 0.000000
vt 0.680678 -0.080710 0.000000
vt 0.733038 -0.242131 0.000000
vt 0.785398 -0.403551 0.000000
vt 0.837758 -0.564971 0.000000
vt 0.471239 0.341611 0.000000
vt 0.523599 0.242131 0.000000
vt 0.575959 0.080710 0.000000
vt 0.628319 -0.080710 0.000000
vt 0.680678 -0.242131 0.000000
vt 0.733038 -0.403551 0.000000
vt 0.785398 -0.564971 0.000000
vt 0.837758 -0.726392 0.000000
vt 0.471239 0.170805 0.000000
vt 0.523599 0.080710 0.000000
vt 0.575959 -0.080710 0.000000
vt 0.628319 -0.242131 0.000000
vt 0.680678 -0.403551 0.000000
vt 0.733038 -0.564971 0.000000
vt 0.785398 -0.726392 0.000000
vt 0.837758 -0.887812 0.000000
vt 0.471239 0.000000 0.000000
vt 0.523599 -0.080710 0.000000
vt 0.575959 -0.242131 0.000000
vt 0.628319 -0.403551 0.000000
vt 0.680678 -0.564971 0.000000
vt 0.733038 -0.726392 0.000000
vt 0.785398 -0.887812 0.000000
vt 0.837758 -1.049233 0.000000
vt 0.471239 -0.170805 0.000000
vt 0.523599 -0.242131 0.000000
vt 0.575959 -0.403551 0.000000
vt 0.628319 -0.564971 0.000000
vt 0.680678 -0.726392 0.000000
vt 0.733038 -0.887812 0.000000
vt 0.785398 -1.049233 0.000000
vt 0.837758 -1.210653 0.000000
vt 0.471239 -0.341611 0.000000
vt 0.523599 -0.403551 0.000000
vt 0.575959 -0.564971 0.000000
vt 0.628319 -0.726392 0.000000
vt 0.680678 -0.887812 0.000000
vt 0.733038 -1.049233 0.000000
vt 0.785398 -1.210653 0.000000
vt 0.471239 -0.512416 0.000000
vt 0.523599 -0.564971 0.000000
vt 0.575959 -0.726392 0.000000
vt 0.628319 -0.887812 0.000000
vt 0.680678 -1.049233 0.000000
vt 0.733038 -1.210653 0.000000
vt 0.471239 -0.683221 0.000000
vt 0.523599 -0.726392 0.000000
vt 0.575959 -0.887812 0.000000
vt 0.628319 -1.049233 0.000000
vt 0.680678 -1.210653 0.000000
vt 0.471239 -0.854027 0.000000
vt 0.523599 -0.887812 0.000000
vt 0.575959 -1.049233 0.000000
vt 0.628319 -1.210653 0.000000
vt 0.471239 -1.024832 0.000000
vt 0.523599 -1.049233 0.000000
vt 0.575959 -1.210653 0.000000
vt 0.471239 -1.195637 0.000000
vt 0.523599 -1.210653 0.000000
vt 0.471239 -1.366443 0.000000
vt 0.471239 -1.878859 0.000000
vt 0.523599 -2.017755 0.000000
vt 0.575959 -2.179176 0.000000
vt 0.628319 -2.340596 0.000000
vt 0.680678 -2.502016 0.000000
vt 0.733038 -2.663437 0.000000
vt 0.785398 -2.824857 0.000000
vt 0.837758 -2.986278 0.000000
vt 0.471239 -2.049664 0.000000
vt 0.523599 -2.179176 0.000000
vt 0.575959 -2.340596 0.000000
vt 0.628319 -2.502016 0.000000
vt 0.680678 -2.663437 0.000000
vt 0.733038 -2.824857 0.000000
vt 0.785398 -2.986278 0.000000
vt 0.837758 -3.147698 0.000000
vt 0.471239 -2.220469 0.000000
vt 0.523599 -2.340596 0.000000
vt 0.575959 -2.502016 0.000000
vt 0.628319 -2.663437 0.000000
vt 0.680678 -2.824857 0.000000
vt 0.733038 -2.986278 0.000000
vt 0.785398 -3.147698 0.000000
vt 0.837758 -3.309118 0.000000
vt 0.471239 -2.391275 0.000000
vt 0.523599 -2.502016 0.000000
vt 0.575959 -2.663437 0.000000
vt 0.628319 -2.824857 0.000000
vt 0.680678 -2.986278 0.000000
vt 0.733038 -3.147698 0.000000
vt 0.785398 -3.309118 0.000000
vt 0.837758 -3.470539 0.000000
vt 0.471239 -2.562080 0.000000
vt 0.523599 -2.663437 0.000000
vt 0.575959 -2.824857 0.000000
vt 0.628319 -2.986278 0.000000
vt 0.680678 -3.147698 0.000000
vt 0.733038 -3.309118 0.000000
vt 0.785398 -3.470539 0.000000
vt 0.837758 -3.631959 0.000000
vt 0.471239 -2.732885 0.000000
vt 0.523599 -2.824857 0.000000
vt 0.575959 -2.986278 0.000000
vt 0.628319 -3.147698 0.000000
vt 0.680678 -3.309118 0.000000
vt 0.733038 -3.470539 0.000000
vt 0.785398 -3.631959 0.000000
vt 0.837758 -3.793380 0.000000
vt 0.471239 -2.903690 0.000000
vt 0.523599 -2.986278 0.000000
vt 0.575959 -3.147698 0.000000
vt 0.628319 -3.309118 0.000000
vt 0.680678 -3.470539 0.000000
vt 0.733038 -3.631959 0.000000
vt 0.785398 -3.793380 0.000000
vt 0.837758 -3.954800 0.000000
vt 0.471239 -3.074496 0.000000
vt 0.523599 -3.147698 0.000000
vt 0.575959 -3.309118 0.000000
vt 0.628319 -3.470539 0.000000
vt 0.680678 -3.631959 0.000000
vt 0.733038 -3.793380 0.000000
vt 0.785398 -3.954800 0.000000
vt 0.837758 -4.116221 0.000000
vt 0.471239 -3.245301 0.000000
vt 0.523599 -3.309118 0.000000
vt 0.575959 -3.470539 0.000000
vt 0.628319 -3.631959 0.000000
vt 0.680678 -3.793380 0.000000
vt 0.733038 -3.954800 0.000000
vt 0.785398 -4.116221 0.000000
vt 0.471239 -3.416106 0.000000
vt 0.523599 -3.470539 0.000000
vt 0.575959 -3.631959 0.000000
vt 0.628319 -3.793380 0.000000
vt 0.680678 -3.954800 0.000000
vt 0.733038 -4.116221 0.000000
vt 0.471239 -3.586912 0.000000
vt 0.523599 -3.631959 0.000000
vt 0.575959 -3.793380 0.000000
vt 0.628319 -3.954800 0.000000
vt 0.680678 -4.116221 0.000000
vt 0.471239 -3.757717 0.000000
vt 0.523599 -3.793380 0.000000
vt 0.575959 -3.954800 0.000000
vt 0.628319 -4.116221 0.000000
vt 0.471239 -3.928522 0.000000
vt 0.523599 -3.954800 0.000000
vt 0.575959 -4.116221 0.000000
vt 0.471239 -4.099328 0.000000
vt 0.523599 -4.116221 0.000000
vt 0.471239 -4.270133 0.000000
vt 0.471239 -4.782549 0.000000
vt 0.523599 -4.923323 0.000000
vt 0.575959 -5.084743 0.000000
vt 0.628319 -5.246163 0.000000
vt 0.680678 -5.407584 0.000000
vt 0.733038 -5.569004 0.000000
vt 0.785398 -5.730425 0.000000
vt 0.837758 -5.891845 0.000000
vt 0.471239 -4.953354 0.000000
vt 0.523599 -5.084743 0.000000
vt 0.575959 -5.246163 0.000000
vt 0.628319 -5.407584 0.000000
vt 0.680678 -5.569004 0.000000
vt 0.733038 -5.730425 0.000000
vt 0.785398 -5.891845 0.000000
vt 0.837758 -6.053266 0.000000
vt 0.471239 -5.124160 0.000000
vt 0.523599 -5.246163 0.000000
vt 0.575959 -5.407584 0.000000
vt 0.628319 -5.569004 0.000000
vt 0.680678 -5.730425 0.000000
vt 0.733038 -5.891845 0.000000
vt 0.785398 -6.053266 0.000000
vt 0.837758 -6.214686 0.000000
vt 0.471239 -5.294965 0.000000
vt 0.523599 -5.407584 0.000000
vt 0.575959 -5.569004 0.000000
vt 0.628319 -5.730425 0.000000
vt 0.680678 -5.891845 0.000000
vt 0.733038 -6.053266 0.000000
vt 0.785398 -6.214686 0.000000
vt 0.837758 -6.376106 0.000000
vt 0.471239 -5.465770 0.000000
vt 0.523599 -5.569004 0.000000
vt 0.575959 -5.730425 0.000000
vt 0.628319 -5.891845 0.000000
vt 0.680678 -6.053266 0.000000
vt 0.733038 -6.214686 0.000000
vt 0.785398 -6.376106 0.000000
vt 0.837758 -6.537527 0.000000
vt 0.471239 -5.636576 0.000000
vt 0.523599 -5.730425 0.000000
vt 0.575959 -5.891845 0.000000
vt 0.628319 -6.053266 0.000000
vt 0.680678 -6.214686 0.000000
vt 0.733038 -6.376106 0.000000
vt 0.785398 -6.537527 0.000000
vt 0.837758 -6.698947 0.000000
vt 0.471239 -5.807381 0.000000
vt 0.523599 -5.891845 0.000000
vt 0.575959 -6.053266 0.000000
vt 0.628319 -6.214686 0.000000
vt 0.680678 -6.376106 0.000000
vt 0.733038 -6.537527 0.000000
vt 0.785398 -6.698947 0.000000
vt 0.837758 -6.860368 0.000000
vt 0.471239 -5.978186 0.000000
vt 0.523599 -6.053266 0.000000
vt 0.575959 -6.214686 0.000000
vt 0.628319 -6.376106 0.000000
vt 0.680678 -6.537527 0.000000
vt 0.733038 -6.698947 0.000000
vt 0.785398 -6.860368 0.000000
vt 0.837758 -7.021788 0.000000
vt 0.471239 -6.148992 0.000000
vt 0.523599 -6.214686 0.000000
vt 0.575959 -6.376106 0.000000
vt 0.628319 -6.537527 0.000000
vt 0.680678 -6.698947 0.000000
vt 0.733038 -6.860368 0.000000
vt 0.785398 -7.021788 0.000000
vt 0.837758 -7.183208 0.000000
vt 0.471239 -6.319797 0.000000
vt 0.523599 -6.376106 0.000000
vt 0.575959 -6.537527 0.000000
vt 0.628319 -6.698947 0.000000
vt 0.680678 -6.860368 0.000000
vt 0.733038 -7.021788 0.000000
vt 0.785398 -7.183208 0.000000
vt 0.837758 -7.344629 0.000000
vt 0.471239 -6.490602 0.000000
vt 0.523599 -6.537527 0.000000
vt 0.575959 -6.698947 0.000000
vt 0.628319 -6.860368 0.000000
vt 0.680678 -7.021788 0.000000
vt 0.733038 -7.183208 0.000000
vt 0.785398 -7.344629 0.000000
vt 0.471239 -6.661408 0.000000
vt 0.523599 -6.698947 0.000000
vt 0.575959 -6.860368 0.000000
vt 0.628319 -7.021788 0.000000
vt 0.680678 -7.183208 0.000000
vt 0.733038 -7.344629 0.000000
vt 0.471239 -6.832213 0.000000
vt 0.523599 -6.860368 0.000000
vt 0.575959 -7.021788 0.000000
vt 0.628319 -7.183208 0.000000
vt 0.680678 -7.344629 0.000000
vt 0.471239 -7.003018 0.000000
vt 0.523599 -7.021788 0.000000
vt 0.575959 -7.183208 0.000000
vt 0.628319 -7.344629 0.000000
vt 0.471239 -7.173824 0.000000
vt 0.523599 -7.183208 0.000000
vt 0.575959 -7.344629 0.000000
vt 0.471239 -7.344629 0.000000
vt 0.523599 -7.344629 0.000000
vt 2.179449 -4.500000 0.000000
vt -0.093131 -2.548299 0.000000
vt -2.179449 -4.500000 0.000000
vt -0.278897 -2.534702 0.000000
vt -0.463174 -2.507582 0.000000
vt 2.411467 -4.380049 0.000000
vt 1.165968 -2.267822 0.000000
vt 0.997317 -2.346883 0.000000
vt 0.823345 -2.413421 0.000000
vt 2.636904 -4.248145 0.000000
vt 1.328398 -2.176662 0.000000
vt 2.855145 -4.104649 0.000000
vt 1.483740 -2.073889 0.000000
vt 3.065595 -3.949953 0.000000
vt 2.861089 -2.044449 0.000000
vt 2.914802 -2.069495 0.000000
vt 3.267680 -3.784477 0.000000
vt 2.972049 -2.084835 0.000000
vt 3.460848 -3.608675 0.000000
vt 3.644572 -3.423025 0.000000
vt 3.031089 -2.090000 0.000000
vt 3.818350 -3.228034 0.000000
vt 3.090129 -2.084835 0.000000
vt 3.147376 -2.069495 0.000000
vt 3.981709 -3.024234 0.000000
vt 3.201089 -2.044449 0.000000
vt 4.134203 -2.812182 0.000000
vt 3.249637 -2.010455 0.000000
vt 4.275415 -2.592456 0.000000
vt 3.291544 -1.968548 0.000000
vt 3.325538 -1.920000 0.000000
vt 4.404960 -2.365656 0.000000
vt 3.350584 -1.866287 0.000000
vt 4.522485 -2.132400 0.000000
vt 3.365924 -1.809040 0.000000
vt 3.371089 -1.750000 0.000000
vt 4.627669 -1.893325 0.000000
vt 3.365924 -1.690960 0.000000
vt 4.720225 -1.649084 0.000000
vt 3.350584 -1.633713 0.000000
vt 4.799900 -1.400343 0.000000
vt 3.325538 -1.580000 0.000000
vt 3.291544 -1.531452 0.000000
vt 4.866477 -1.147780 0.000000
vt 3.249637 -1.489545 0.000000
vt 4.919775 -0.892086 0.000000
vt 3.201089 -1.455551 0.000000
vt 4.959647 -0.633957 0.000000
vt 2.522826 -0.371283 0.000000
vt 2.543197 -0.186138 0.000000
vt 4.985985 -0.374098 0.000000
vt 4.998718 -0.113218 0.000000
vt 2.550000 0.000000 0.000000
vt 4.997810 0.147970 0.000000
vt 2.543197 0.186138 0.000000
vt 4.983264 0.408755 0.000000
vt 2.522826 0.371283 0.000000
vt 4.955119 0.668425 0.000000
vt 4.913453 0.926270 0.000000
vt 2.488993 0.554447 0.000000
vt 4.858379 1.181588 0.000000
vt 2.441882 0.734653 0.000000
vt 4.790048 1.433682 0.000000
vt 2.381741 0.910939 0.000000
vt 4.708645 1.681863 0.000000
vt 4.614393 1.925455 0.000000
vt 2.308893 1.082365 0.000000
vt 4.507549 2.163792 0.000000
vt 2.223726 1.248016 0.000000
vt 4.388406 2.396225 0.000000
vt 2.126694 1.407008 0.000000
vt 4.257287 2.622120 0.000000
vt 4.114550 2.840858 0.000000
vt 2.018316 1.558493 0.000000
vt 3.960586 3.051845 0.000000
vt 1.899169 1.701663 0.000000
vt 3.795814 3.254504 0.000000
vt 1.769889 1.835754 0.000000
vt 3.620684 3.448282 0.000000
vt 3.435674 3.632650 0.000000
vt 1.631166 1.960050 0.000000
vt 3.241288 3.807105 0.000000
vt 1.483740 2.073889 0.000000
vt 3.038058 3.971172 0.000000
vt 2.826537 4.124401 0.000000
vt 1.328398 2.176662 0.000000
vt 2.607304 4.266376 0.000000
vt 1.165968 2.267822 0.000000
vt 2.380955 4.396709 0.000000
vt 2.148109 4.515044 0.000000
vt 1.909402 4.621059 0.000000
vt 0.340000 3.500000 0.000000
vt 0.997317 2.346883 0.000000
vt 0.334835 3.559040 0.000000
vt 1.665484 4.714463 0.000000
vt 0.319495 3.616287 0.000000
vt 1.417021 4.795003 0.000000
vt 0.294449 3.670000 0.000000
vt 1.164691 4.862458 0.000000
vt 0.260455 3.718548 0.000000
vt 0.909184 4.916644 0.000000
vt 0.218548 3.760455 0.000000
vt 0.651195 4.957413 0.000000
vt 0.170000 3.794449 0.000000
vt 0.391429 4.984655 0.000000
vt 0.116287 3.819495 0.000000
vt 0.059040 3.834835 0.000000
vt 0.130595 4.998294 0.000000
vt -0.000000 3.840000 0.000000
vt -0.130595 4.998294 0.000000
vt -0.059040 3.834835 0.000000
vt -0.391429 4.984655 0.000000
vt -0.116287 3.819495 0.000000
vt -0.170000 3.794449 0.000000
vt -0.651195 4.957413 0.000000
vt -0.218548 3.760455 0.000000
vt -0.909184 4.916644 0.000000
vt -0.260455 3.718548 0.000000
vt -1.164691 4.862458 0.000000
vt -0.294449 3.670000 0.000000
vt -1.417021 4.795003 0.000000
vt -0.319495 3.616287 0.000000
vt -1.665484 4.714463 0.000000
vt -0.334835 3.559040 0.000000
vt -1.909402 4.621059 0.000000
vt -0.340000 3.500000 0.000000
vt -2.148109 4.515044 0.000000
vt -0.997317 2.346883 0.000000
vt -1.165968 2.267822 0.000000
vt -2.380955 4.396709 0.000000
vt -2.607304 4.266376 0.000000
vt -1.328398 2.176662 0.000000
vt -2.826537 4.124401 0.000000
vt -1.483740 2.073889 0.000000
vt -3.038058 3.971172 0.000000
vt -3.241288 3.807105 0.000000
vt -1.631166 1.960050 0.000000
vt -3.435674 3.632650 0.000000
vt -1.769889 1.835754 0.000000
vt -3.620684 3.448282 0.000000
vt -3.795814 3.254504 0.000000
vt -1.899169 1.701663 0.000000
vt -3.960586 3.051845 0.000000
vt -2.018316 1.558493 0.000000
vt -4.114550 2.840858 0.000000
vt -2.126694 1.407008 0.000000
vt -4.257287 2.622120 0.000000
vt -4.388406 2.396225 0.000000
vt -2.223726 1.248016 0.000000
vt -4.507549 2.163792 0.000000
vt -2.308893 1.082365 0.000000
vt -4.614393 1.925455 0.000000
vt -2.381741 0.910939 0.000000
vt -4.708645 1.681863 0.000000
vt -4.790048 1.433682 0.000000
vt -2.441882 0.734653 0.000000
vt -4.858379 1.181588 0.000000
vt -2.488993 0.554447 0.000000
vt -4.913453 0.926270 0.000000
vt -2.522826 0.371283 0.000000
vt -4.955119 0.668425 0.000000
vt -4.983264 0.408755 0.000000
vt -2.543197 0.186138 0.000000
vt -4.997810 0.147970 0.000000
vt -2.550000 0.000000 0.000000
vt -4.998718 -0.113218 0.000000
vt -2.543197 -0.186138 0.000000
vt -4.985985 -0.374098 0.000000
vt -4.959647 -0.633957 0.000000
vt -4.919775 -0.892086 0.000000
vt -3.201089 -1.455551 0.000000
vt -2.522826 -0.371283 0.000000
vt -3.249637 -1.489545 0.000000
vt -4.866477 -1.147780 0.000000
vt -3.291544 -1.531452 0.000000
vt -4.799900 -1.400343 0.000000
vt -3.325538 -1.580000 0.000000
vt -3.350584 -1.633713 0.000000
vt -4.720225 -1.649084 0.000000
vt -3.365924 -1.690960 0.000000
vt -4.627669 -1.893325 0.000000
vt -3.371089 -1.750000 0.000000
vt -4.522485 -2.132400 0.000000
vt -3.365924 -1.809040 0.000000
vt -3.350584 -1.866287 0.000000
vt -4.404960 -2.365656 0.000000
vt -3.325538 -1.920000 0.000000
vt -4.275415 -2.592456 0.000000
vt -3.291544 -1.968548 0.000000
vt -3.249637 -2.010455 0.000000
vt -4.134203 -2.812182 0.000000
vt -3.201089 -2.044449 0.000000
vt -3.981709 -3.024234 0.000000
vt -3.147376 -2.069495 0.000000
vt -3.090129 -2.084835 0.000000
vt -3.031089 -2.090000 0.000000
vt -2.972049 -2.084835 0.000000
vt -3.818350 -3.228034 0.000000
vt -2.914802 -2.069495 0.000000
vt -1.328398 -2.176662 0.000000
vt -2.861089 -2.044449 0.000000
vt -1.483740 -2.073889 0.000000
vt -2.812541 -2.010455 0.000000
vt -1.631166 -1.960050 0.000000
vt -2.770634 -1.968548 0.000000
vt -1.769889 -1.835754 0.000000
vt -2.736640 -1.920000 0.000000
vt -1.899169 -1.701663 0.000000
vt -2.711593 -1.866287 0.000000
vt -2.696254 -1.809040 0.000000
vt -2.018316 -1.558493 0.000000
vt -2.691089 -1.750000 0.000000
vt -2.696254 -1.690960 0.000000
vt -2.126694 -1.407008 0.000000
vt -2.711593 -1.633713 0.000000
vt -2.736640 -1.580000 0.000000
vt -2.223726 -1.248016 0.000000
vt -2.770634 -1.531452 0.000000
vt -2.308893 -1.082365 0.000000
vt -2.812541 -1.489545 0.000000
vt -2.861089 -1.455551 0.000000
vt -2.381741 -0.910939 0.000000
vt -2.914802 -1.430505 0.000000
vt -2.972049 -1.415165 0.000000
vt -2.441882 -0.734653 0.000000
vt -3.031089 -1.410000 0.000000
vt -2.488993 -0.554447 0.000000
vt -3.090129 -1.415165 0.000000
vt -3.147376 -1.430505 0.000000
vt -3.644572 -3.423025 0.000000
vt -0.644980 -2.467083 0.000000
vt -0.823345 -2.413421 0.000000
vt -3.460848 -3.608675 0.000000
vt -3.267680 -3.784477 0.000000
vt -3.065595 -3.949953 0.000000
vt -2.855145 -4.104649 0.000000
vt -2.636904 -4.248145 0.000000
vt -2.411467 -4.380049 0.000000
vt 2.812541 -2.010455 0.000000
vt 1.631166 -1.960050 0.000000
vt 2.770634 -1.968548 0.000000
vt 1.769889 -1.835754 0.000000
vt 2.736640 -1.920000 0.000000
vt 1.899169 -1.701663 0.000000
vt 2.711593 -1.866287 0.000000
vt 2.696254 -1.809040 0.000000
vt 2.018316 -1.558493 0.000000
vt 2.691089 -1.750000 0.000000
vt 2.696254 -1.690960 0.000000
vt 2.126694 -1.407008 0.000000
vt 2.711593 -1.633713 0.000000
vt 2.736640 -1.580000 0.000000
vt 2.223726 -1.248016 0.000000
vt 2.770634 -1.531452 0.000000
vt 2.308893 -1.082365 0.000000
vt 2.812541 -1.489545 0.000000
vt 2.861089 -1.455551 0.000000
vt 2.381741 -0.910939 0.000000
vt 2.914802 -1.430505 0.000000
vt 2.972049 -1.415165 0.000000
vt 2.441882 -0.734653 0.000000
vt 3.031089 -1.410000 0.000000
vt 2.488993 -0.554447 0.000000
vt 3.090129 -1.415165 0.000000
vt 3.147376 -1.430505 0.000000
vt 0.334835 3.440960 0.000000
vt 0.823345 2.413421 0.000000
vt 0.319495 3.383713 0.000000
vt 0.294449 3.330000 0.000000
vt 0.644980 2.467083 0.000000
vt 0.260455 3.281452 0.000000
vt 0.463174 2.507582 0.000000
vt 0.218548 3.239545 0.000000
vt 0.170000 3.205551 0.000000
vt 0.278897 2.534702 0.000000
vt 0.116287 3.180505 0.000000
vt 0.093131 2.548299 0.000000
vt 0.059040 3.165165 0.000000
vt -0.000000 3.160000 0.000000
vt -0.093131 2.548299 0.000000
vt -0.059040 3.165165 0.000000
vt -0.116287 3.180505 0.000000
vt -0.278897 2.534702 0.000000
vt -0.170000 3.205551 0.000000
vt -0.463174 2.507582 0.000000
vt -0.218548 3.239545 0.000000
vt -0.260455 3.281452 0.000000
vt -0.644980 2.467083 0.000000
vt -0.294449 3.330000 0.000000
vt -0.823345 2.413421 0.000000
vt -0.319495 3.383713 0.000000
vt -0.334835 3.440960 0.000000
vt 0.644980 -2.467083 0.000000
vt 0.463174 -2.507582 0.000000
vt 0.278897 -2.534702 0.000000
vt 0.093131 -2.548299 0.000000
vt -0.997317 -2.346883 0.000000
vt -1.165968 -2.267822 0.000000
vt 31.600000 -1.008800 0.000000
vt 30.800000 -1.008800 0.000000
vt 31.600000 -1.068142 0.000000
vt 30.800000 -1.068142 0.000000
vt 31.600000 1.068142 0.000000
vt 30.800000 1.068142 0.000000
vt 31.600000 1.008800 0.000000
vt 30.800000 1.008800 0.000000
vt 31.600000 0.949459 0.000000
vt 30.800000 0.949459 0.000000
vt 31.600000 0.890118 0.000000
vt 30.800000 0.890118 0.000000
vt 31.600000 0.830777 0.000000
vt 30.800000 0.830777 0.000000
vt 31.600000 0.771436 0.000000
vt 30.800000 0.771436 0.000000
vt 31.600000 0.712094 0.000000
vt 30.800000 0.712094 0.000000
vt 31.600000 0.652753 0.000000
vt 30.800000 0.652753 0.000000
vt 31.600000 0.593412 0.000000
vt 30.800000 0.593412 0.000000
vt 31.600000 0.534071 0.000000
vt 30.800000 0.534071 0.000000
vt 31.600000 0.474730 0.000000
vt 30.800000 0.474730 0.000000
vt 31.600000 0.415388 0.000000
vt 30.800000 0.415388 0.000000
vt 31.600000 0.356047 0.000000
vt 30.800000 0.356047 0.000000
vt 31.600000 0.296706 0.000000
vt 30.800000 0.296706 0.000000
vt 31.600000 0.237365 0.000000
vt 30.800000 0.237365 0.000000
vt 31.600000 0.178024 0.000000
vt 30.800000 0.178024 0.000000
vt 31.600000 0.118682 0.000000
vt 30.800000 0.118682 0.000000
vt 31.600000 0.059341 0.000000
vt 30.800000 0.059341 0.000000
vt 31.600000 0.000000 0.000000
vt 30.800000 0.000000 0.000000
vt 31.600000 -0.059341 0.000000
vt 30.800000 -0.059341 0.000000
vt 31.600000 -0.118682 0.000000
vt 30.800000 -0.118682 0.000000
vt 31.600000 -0.178024 0.000000
vt 30.800000 -0.178024 0.000000
vt 31.600000 -0.237365 0.000000
vt 30.800000 -0.237365 0.000000
vt 31.600000 -0.296706 0.000000
vt 30.800000 -0.296706 0.000000
vt 31.600000 -0.356047 0.000000
vt 30.800000 -0.356047 0.000000
vt 31.600000 -0.415388 0.000000
vt 30.800000 -0.415388 0.000000
vt 31.600000 -0.474730 0.000000
vt 30.800000 -0.474730 0.000000
vt 31.600000 -0.534071 0.000000
vt 30.800000 -0.534071 0.000000
vt 31.600000 -0.593412 0.000000
vt 30.800000 -0.593412 0.000000
vt 31.600000 -0.652753 0.000000
vt 30.800000 -0.652753 0.000000
vt 31.600000 -0.712094 0.000000
vt 30.800000 -0.712094 0.000000
vt 31.600000 -0.771436 0.000000
vt 30.800000 -0.771436 0.000000
vt 31.600000 -0.830777 0.000000
vt 30.800000 -0.830777 0.000000
vt 31.600000 -0.890118 0.000000
vt 30.800000 -0.890118 0.000000
vt 31.600000 -0.949459 0.000000
vt 30.800000 -0.949459 0.000000
vt 31.600000 -1.008800 0.000000
vt 30.800000 -1.008800 0.000000
vt 31.600000 -1.068142 0.000000
vt 30.800000 -1.068142 0.000000
vt 31.600000 1.068142 0.000000
vt 30.800000 1.068142 0.000000
vt 31.600000 1.008800 0.000000
vt 30.800000 1.008800 0.000000
vt 31.600000 0.949459 0.000000
vt 30.800000 0.949459 0.000000
vt 31.600000 0.890118 0.000000
vt 30.800000 0.890118 0.000000
vt 31.600000 0.830777 0.000000
vt 30.800000 0.830777 0.000000
vt 31.600000 0.771436 0.000000
vt 30.800000 0.771436 0.000000
vt 31.600000 0.712094 0.000000
vt 30.800000 0.712094 0.000000
vt 31.600000 0.652753 0.000000
vt 30.800000 0.652753 0.000000
vt 31.600000 0.593412 0.000000
vt 30.800000 0.593412 0.000000
vt 31.600000 0.534071 0.000000
vt 30.800000 0.534071 0.000000
vt 31.600000 0.474730 0.000000
vt 30.800000 0.474730 0.000000
vt 31.600000 0.415388 0.000000
vt 30.800000 0.415388 0.000000
vt 31.600000 0.356047 0.000000
vt 30.800000 0.356047 0.000000
vt 31.600000 0.296706 0.000000
vt 30.800000 0.296706 0.000000
vt 31.600000 0.237365 0.000000
vt 30.800000 0.237365 0.000000
vt 31.600000 0.178024 0.000000
vt 30.800000 0.178024 0.000000
vt 31.600000 0.118682 0.000000
vt 30.800000 0.118682 0.000000
vt 31.600000 0.059341 0.000000
vt 30.800000 0.059341 0.000000
vt 31.600000 0.000000 0.000000
vt 30.800000 0.000000 0.000000
vt 31.600000 -0.059341 0.000000
vt 30.800000 -0.059341 0.000000
vt 31.600000 -0.118682 0.000000
vt 30.800000 -0.118682 0.000000
vt 31.600000 -0.178024 0.000000
vt 30.800000 -0.178024 0.000000
vt 31.600000 -0.237365 0.000000
vt 30.800000 -0.237365 0.000000
vt 31.600000 -0.296706 0.000000
vt 30.800000 -0.296706 0.000000
vt 31.600000 -0.356047 0.000000
vt 30.800000 -0.356047 0.000000
vt 31.600000 -0.415388 0.000000
vt 30.800000 -0.415388 0.000000
vt 31.600000 -0.474730 0.000000
vt 30.800000 -0.474730 0.000000
vt 31.600000 -0.534071 0.000000
vt 30.800000 -0.534071 0.000000
vt 31.600000 -0.593412 0.000000
vt 30.800000 -0.593412 0.000000
vt 31.600000 -0.652753 0.000000
vt 30.800000 -0.652753 0.000000
vt 31.600000 -0.712094 0.000000
vt 30.800000 -0.712094 0.000000
vt 31.600000 -0.771436 0.000000
vt 30.800000 -0.771436 0.000000
vt 31.600000 -0.830777 0.000000
vt 30.800000 -0.830777 0.000000
vt 31.600000 -0.890118 0.000000
vt 30.800000 -0.890118 0.000000
vt 31.600000 -0.949459 0.000000
vt 30.800000 -0.949459 0.000000
vt 31.600000 -1.008800 0.000000
vt 30.800000 -1.008800 0.000000
vt 31.600000 -1.068142 0.000000
vt 30.800000 -1.068142 0.000000
vt 31.600000 1.068142 0.000000
vt 30.800000 1.068142 0.000000
vt 31.600000 1.008800 0.000000
vt 30.800000 1.008800 0.000000
vt 31.600000 0.949459 0.000000
vt 30.800000 0.949459 0.000000
vt 31.600000 0.890118 0.000000
vt 30.800000 0.890118 0.000000
vt 31.600000 0.830777 0.000000
vt 30.800000 0.830777 0.000000
vt 31.600000 0.771436 0.000000
vt 30.800000 0.771436 0.000000
vt 31.600000 0.712094 0.000000
vt 30.800000 0.712094 0.000000
vt 31.600000 0.652753 0.000000
vt 30.800000 0.652753 0.000000
vt 31.600000 0.593412 0.000000
vt 30.800000 0.593412 0.000000
vt 31.600000 0.534071 0.000000
vt 30.800000 0.534071 0.000000
vt 31.600000 0.474730 0.000000
vt 30.800000 0.474730 0.000000
vt 31.600000 0.415388 0.000000
vt 30.800000 0.415388 0.000000
vt 31.600000 0.356047 0.000000
vt 30.800000 0.356047 0.000000
vt 31.600000 0.296706 0.000000
vt 30.800000 0.296706 0.000000
vt 31.600000 0.237365 0.000000
vt 30.800000 0.237365 0.000000
vt 31.600000 0.178024 0.000000
vt 30.800000 0.178024 0.000000
vt 31.600000 0.118682 0.000000
vt 30.800000 0.118682 0.000000
vt 31.600000 0.059341 0.000000
vt 30.800000 0.059341 0.000000
vt 31.600000 0.000000 0.000000
vt 30.800000 0.000000 0.000000
vt 31.600000 -0.059341 0.000000
vt 30.800000 -0.059341 0.000000
vt 31.600000 -0.118682 0.000000
vt 30.800000 -0.118682 0.000000
vt 31.600000 -0.178024 0.000000
vt 30.800000 -0.178024 0.000000
vt 31.600000 -0.237365 0.000000
vt 30.800000 -0.237365 0.000000
vt 31.600000 -0.296706 0.000000
vt 30.800000 -0.296706 0.000000
vt 31.600000 -0.356047 0.000000
vt 30.800000 -0.356047 0.000000
vt 31.600000 -0.415388 0.000000
vt 30.800000 -0.415388 0.000000
vt 31.600000 -0.474730 0.000000
vt 30.800000 -0.474730 0.000000
vt 31.600000 -0.534071 0.000000
vt 30.800000 -0.534071 0.000000
vt 31.600000 -0.593412 0.000000
vt 30.800000 -0.593412 0.000000
vt 31.600000 -0.652753 0.000000
vt 30.800000 -0.652753 0.000000
vt 31.600000 -0.712094 0.000000
vt 30.800000 -0.712094 0.000000
vt 31.600000 -0.771436 0.000000
vt 30.800000 -0.771436 0.000000
vt 31.600000 -0.830777 0.000000
vt 30.800000 -0.830777 0.000000
vt 31.600000 -0.890118 0.000000
vt 30.800000 -0.890118 0.000000
vt 31.600000 -0.949459 0.000000
vt 30.800000 -0.949459 0.000000
vt -0.800000 -5.598848 0.000000
vt -0.000000 -5.598848 0.000000
vt -0.800000 -5.337628 0.000000
vt -0.000000 -5.337628 0.000000
vt -0.800000 -5.076408 0.000000
vt -0.000000 -5.076408 0.000000
vt -0.800000 -4.815188 0.000000
vt -0.000000 -4.815188 0.000000
vt -0.800000 -4.553968 0.000000
vt -0.000000 -4.553968 0.000000
vt -0.800000 -4.292748 0.000000
vt -0.000000 -4.292748 0.000000
vt -0.800000 -4.031528 0.000000
vt -0.000000 -4.031528 0.000000
vt -0.800000 -3.770308 0.000000
vt -0.000000 -3.770308 0.000000
vt -0.800000 -3.509088 0.000000
vt -0.000000 -3.509088 0.000000
vt -0.800000 -3.247868 0.000000
vt -0.000000 -3.247868 0.000000
vt -0.800000 -2.986648 0.000000
vt -0.000000 -2.986648 0.000000
vt -0.800000 -2.725428 0.000000
vt -0.000000 -2.725428 0.000000
vt -0.800000 -2.464208 0.000000
vt -0.000000 -2.464208 0.000000
vt -0.800000 -2.202988 0.000000
vt -0.000000 -2.202988 0.000000
vt -0.800000 -1.941768 0.000000
vt -0.000000 -1.941768 0.000000
vt -0.800000 -1.680548 0.000000
vt -0.000000 -1.680548 0.000000
vt -0.800000 -1.419328 0.000000
vt -0.000000 -1.419328 0.000000
vt -0.800000 -1.158108 0.000000
vt -0.000000 -1.158108 0.000000
vt -0.800000 -0.896888 0.000000
vt -0.000000 -0.896888 0.000000
vt -0.800000 -0.635668 0.000000
vt -0.000000 -0.635668 0.000000
vt -0.800000 -0.374448 0.000000
vt -0.000000 -0.374448 0.000000
vt -0.800000 -0.113228 0.000000
vt -0.000000 -0.113228 0.000000
vt -0.800000 0.147992 0.000000
vt -0.000000 0.147992 0.000000
vt -0.800000 0.409212 0.000000
vt -0.000000 0.409212 0.000000
vt -0.800000 0.670432 0.000000
vt -0.000000 0.670432 0.000000
vt -0.800000 0.931652 0.000000
vt -0.000000 0.931652 0.000000
vt -0.800000 1.192872 0.000000
vt -0.000000 1.192872 0.000000
vt -0.800000 1.454092 0.000000
vt -0.000000 1.454092 0.000000
vt -0.800000 1.715312 0.000000
vt -0.000000 1.715312 0.000000
vt -0.800000 1.976532 0.000000
vt -0.000000 1.976532 0.000000
vt -0.800000 2.237752 0.000000
vt -0.000000 2.237752 0.000000
vt -0.800000 2.498972 0.000000
vt -0.000000 2.498972 0.000000
vt -0.800000 2.760192 0.000000
vt -0.000000 2.760192 0.000000
vt -0.800000 3.021412 0.000000
vt -0.000000 3.021412 0.000000
vt -0.800000 3.282632 0.000000
vt -0.000000 3.282632 0.000000
vt -0.800000 3.543852 0.000000
vt -0.000000 3.543852 0.000000
vt -0.800000 3.805072 0.000000
vt -0.000000 3.805072 0.000000
vt -0.800000 4.066292 0.000000
vt -0.000000 4.066292 0.000000
vt -0.800000 4.327512 0.000000
vt -0.000000 4.327512 0.000000
vt -0.800000 4.588732 0.000000
vt -0.000000 4.588732 0.000000
vt -0.800000 4.849952 0.000000
vt -0.000000 4.849952 0.000000
vt -0.800000 5.111172 0.000000
vt -0.000000 5.111172 0.000000
vt -0.800000 5.372392 0.000000
vt -0.000000 5.372392 0.000000
vt -0.800000 5.633612 0.000000
vt -0.000000 5.633612 0.000000
vt -0.800000 5.894832 0.000000
vt -0.000000 5.894832 0.000000
vt -0.800000 6.156052 0.000000
vt -0.000000 6.156052 0.000000
vt -0.800000 6.417272 0.000000
vt -0.000000 6.417272 0.000000
vt -0.800000 6.678492 0.000000
vt -0.000000 6.678492 0.000000
vt -0.800000 6.939712 0.000000
vt -0.000000 6.939712 0.000000
vt -0.800000 7.200932 0.000000
vt -0.000000 7.200932 0.000000
vt -0.800000 7.462152 0.000000
vt -0.000000 7.462152 0.000000
vt -0.800000 7.723372 0.000000
vt -0.000000 7.723372 0.000000
vt -0.800000 7.984592 0.000000
vt -0.000000 7.984592 0.000000
vt -0.800000 8.245812 0.000000
vt -0.000000 8.245812 0.000000
vt -0.800000 8.507032 0.000000
vt -0.000000 8.507032 0.000000
vt -0.800000 8.768252 0.000000
vt -0.000000 8.768252 0.000000
vt -0.800000 9.029472 0.000000
vt -0.000000 9.029472 0.000000
vt -0.800000 9.290692 0.000000
vt -0.000000 9.290692 0.000000
vt -0.800000 9.551912 0.000000
vt -0.000000 9.551912 0.000000
vt -0.800000 9.813132 0.000000
vt -0.000000 9.813132 0.000000
vt -0.800000 10.074351 0.000000
vt -0.000000 10.074351 0.000000
vt -0.800000 10.335571 0.000000
vt -0.000000 10.335571 0.000000
vt -0.800000 10.596791 0.000000
vt -0.000000 10.596791 0.000000
vt -0.800000 10.858011 0.000000
vt -0.000000 10.858011 0.000000
vt -0.800000 11.119231 0.000000
vt -0.000000 11.119231 0.000000
vt -0.800000 11.380451 0.000000
vt -0.000000 11.380451 0.000000
vt -0.800000 11.641671 0.000000
vt -0.000000 11.641671 0.000000
vt -0.800000 11.902891 0.000000
vt -0.000000 11.902891 0.000000
vt -0.800000 12.164111 0.000000
vt -0.000000 12.164111 0.000000
vt -0.800000 12.425331 0.000000
vt -0.000000 12.425331 0.000000
vt -0.800000 12.686551 0.000000
vt -0.000000 12.686551 0.000000
vt -0.800000 12.947771 0.000000
vt -0.000000 12.947771 0.000000
vt -0.800000 13.208991 0.000000
vt -0.000000 13.208991 0.000000
vt -0.800000 13.470211 0.000000
vt -0.000000 13.470211 0.000000
vt -0.800000 13.731431 0.000000
vt -0.000000 13.731431 0.000000
vt -0.800000 13.992651 0.000000
vt -0.000000 13.992651 0.000000
vt -0.800000 14.253871 0.000000
vt -0.000000 14.253871 0.000000
vt -0.800000 14.515091 0.000000
vt -0.000000 14.515091 0.000000
vt -0.800000 14.776311 0.000000
vt -0.000000 14.776311 0.000000
vt -0.800000 15.037531 0.000000
vt -0.000000 15.037531 0.000000
vt -0.800000 15.298751 0.000000
vt -0.000000 15.298751 0.000000
vt -0.800000 15.559971 0.000000
vt -0.000000 15.559971 0.000000
vt -0.800000 15.821191 0.000000
vt -0.000000 15.821191 0.000000
vt -0.800000 16.082411 0.000000
vt -0.000000 16.082411 0.000000
vt -0.800000 16.343631 0.000000
vt -0.000000 16.343631 0.000000
vt -0.800000 16.604851 0.000000
vt -0.000000 16.604851 0.000000
vt -0.800000 16.866071 0.000000
vt -0.000000 16.866071 0.000000
vt -0.800000 17.127291 0.000000
vt -0.000000 17.127291 0.000000
vt -0.800000 17.388511 0.000000
vt -0.000000 17.388511 0.000000
vt -0.800000 17.649731 0.000000
vt -0.000000 17.649731 0.000000
vt -0.800000 17.910951 0.000000
vt -0.000000 17.910951 0.000000
vt -0.800000 18.172171 0.000000
vt -0.000000 18.172171 0.000000
vt -0.800000 18.433391 0.000000
vt -0.000000 18.433391 0.000000
vt -0.800000 18.694611 0.000000
vt -0.000000 18.694611 0.000000
vt -0.800000 18.955831 0.000000
vt -0.000000 18.955831 0.000000
vt -0.800000 19.217051 0.000000
vt -0.000000 19.217051 0.000000
vt -0.800000 19.478271 0.000000
vt -0.000000 19.478271 0.000000
vt -0.800000 19.739491 0.000000
vt -0.000000 19.739491 0.000000
vt -0.800000 20.000711 0.000000
vt -0.000000 20.000711 0.000000
vt -0.800000 20.261931 0.000000
vt -0.000000 20.261931 0.000000
vt -0.800000 20.523151 0.000000
vt -0.000000 20.523151 0.000000
vt -0.800000 20.784371 0.000000
vt -0.000000 20.784371 0.000000
vt -0.800000 21.045591 0.000000
vt -0.000000 21.045591 0.000000
vt -0.800000 21.306811 0.000000
vt -0.000000 21.306811 0.000000
vt -0.000000 5.598848 0.000000
vt -0.800000 5.598848 0.000000
vt -0.000000 5.337628 0.000000
vt -0.800000 5.337628 0.000000
vt -0.000000 5.076408 0.000000
vt -0.800000 5.076408 0.000000
vt -0.000000 4.815188 0.000000
vt -0.800000 4.815188 0.000000
vt -0.000000 4.553968 0.000000
vt -0.800000 4.553968 0.000000
vt -0.000000 4.292748 0.000000
vt -0.800000 4.292748 0.000000
vt -0.000000 4.031528 0.000000
vt -0.800000 4.031528 0.000000
vt -0.000000 3.770308 0.000000
vt -0.800000 3.770308 0.000000
vt -0.000000 3.509088 0.000000
vt -0.800000 3.509088 0.000000
vt -0.000000 3.247868 0.000000
vt -0.800000 3.247868 0.000000
vt -0.000000 2.986648 0.000000
vt -0.800000 2.986648 0.000000
vt -0.000000 2.725428 0.000000
vt -0.800000 2.725428 0.000000
vt -0.000000 2.464208 0.000000
vt -0.800000 2.464208 0.000000
vt -0.000000 2.202988 0.000000
vt -0.800000 2.202988 0.000000
vt -0.000000 1.941768 0.000000
vt -0.800000 1.941768 0.000000
vt -0.000000 1.680548 0.000000
vt -0.800000 1.680548 0.000000
vt -0.000000 1.419328 0.000000
vt -0.800000 1.419328 0.000000
vt -0.000000 1.158108 0.000000
vt -0.800000 1.158108 0.000000
vt -0.000000 0.896888 0.000000
vt -0.800000 0.896888 0.000000
vt -0.000000 0.635668 0.000000
vt -0.800000 0.635668 0.000000
vt -0.000000 0.374448 0.000000
vt -0.800000 0.374448 0.000000
vt -0.000000 0.113228 0.000000
vt -0.800000 0.113228 0.000000
vt -0.000000 -0.147992 0.000000
vt -0.800000 -0.147992 0.000000
vt -0.000000 -0.409212 0.000000
vt -0.800000 -0.409212 0.000000
vt -0.000000 -0.670432 0.000000
vt -0.800000 -0.670432 0.000000
vt -0.000000 -0.931652 0.000000
vt -0.800000 -0.931652 0.000000
vt -0.000000 -1.192872 0.000000
vt -0.800000 -1.192872 0.000000
vt -0.000000 -1.454092 0.000000
vt -0.800000 -1.454092 0.000000
vt -0.000000 -1.715312 0.000000
vt -0.800000 -1.715312 0.000000
vt -0.000000 -1.976532 0.000000
vt -0.800000 -1.976532 0.000000
vt -0.000000 -2.237752 0.000000
vt -0.800000 -2.237752 0.000000
vt -0.000000 -2.498972 0.000000
vt -0.800000 -2.498972 0.000000
vt -0.000000 -2.760192 0.000000
vt -0.800000 -2.760192 0.000000
vt -0.000000 -3.021412 0.000000
vt -0.800000 -3.021412 0.000000
vt -0.000000 -3.282632 0.000000
vt -0.800000 -3.282632 0.000000
vt -0.000000 -3.543852 0.000000
vt -0.800000 -3.543852 0.000000
vt -0.000000 -3.805072 0.000000
vt -0.800000 -3.805072 0.000000
vt -0.000000 -4.066292 0.000000
vt -0.800000 -4.066292 0.000000
vt -0.000000 -4.327512 0.000000
vt -0.800000 -4.327512 0.000000
vt -0.000000 -4.588732 0.000000
vt -0.800000 -4.588732 0.000000
vt -0.000000 -4.849952 0.000000
vt -0.800000 -4.849952 0.000000
vt -0.000000 -5.111172 0.000000
vt -0.800000 -5.111172 0.000000
vt -0.000000 -5.372392 0.000000
vt -0.800000 -5.372392 0.000000
vt -0.000000 -5.633612 0.000000
vt -0.800000 -5.633612 0.000000
vt -0.000000 -5.894832 0.000000
vt -0.800000 -5.894832 0.000000
vt -0.000000 -6.156052 0.000000
vt -0.800000 -6.156052 0.000000
vt -0.000000 -6.417272 0.000000
vt -0.800000 -6.417272 0.000000
vt -0.000000 -6.678492 0.000000
vt -0.800000 -6.678492 0.000000
vt -0.000000 -6.939712 0.000000
vt -0.800000 -6.939712 0.000000
vt -0.000000 -7.200932 0.000000
vt -0.800000 -7.200932 0.000000
vt -0.000000 -7.462152 0.000000
vt -0.800000 -7.462152 0.000000
vt -0.000000 -7.723372 0.000000
vt -0.800000 -7.723372 0.000000
vt -0.000000 -7.984592 0.000000
vt -0.800000 -7.984592 0.000000
vt -0.000000 -8.245812 0.000000
vt -0.800000 -8.245812 0.000000
vt -0.000000 -8.507032 0.000000
vt -0.800000 -8.507032 0.000000
vt -0.000000 -8.768252 0.000000
vt -0.800000 -8.768252 0.000000
vt -0.000000 -9.029472 0.000000
vt -0.800000 -9.029472 0.000000
vt -0.000000 -9.290692 0.000000
vt -0.800000 -9.290692 0.000000
vt -0.000000 -9.551912 0.000000
vt -0.800000 -9.551912 0.000000
vt -0.000000 -9.813132 0.000000
vt -0.800000 -9.813132 0.000000
vt -0.000000 -10.074351 0.000000
vt -0.800000 -10.074351 0.000000
vt -0.000000 -10.335571 0.000000
vt -0.800000 -10.335571 0.000000
vt -0.000000 -10.596791 0.000000
vt -0.800000 -10.596791 0.000000
vt -0.000000 -10.858011 0.000000
vt -0.800000 -10.858011 0.000000
vt -0.000000 -11.119231 0.000000
vt -0.800000 -11.119231 0.000000
vt -0.000000 -11.380451 0.000000
vt -0.800000 -11.380451 0.000000
vt -0.000000 -11.641671 0.000000
vt -0.800000 -11.641671 0.000000
vt -0.000000 -11.902891 0.000000
vt -0.800000 -11.902891 0.000000
vt -0.000000 -12.164111 0.000000
vt -0.800000 -12.164111 0.000000
vt -0.000000 -12.425331 0.000000
vt -0.800000 -12.425331 0.000000
vt -0.000000 -12.686551 0.000000
vt -0.800000 -12.686551 0.000000
vt -0.000000 -12.947771 0.000000
vt -0.800000 -12.947771 0.000000
vt -0.000000 -13.208991 0.000000
vt -0.800000 -13.208991 0.000000
vt -0.000000 -13.470211 0.000000
vt -0.800000 -13.470211 0.000000
vt -0.000000 -13.731431 0.000000
vt -0.800000 -13.731431 0.000000
vt -0.000000 -13.992651 0.000000
vt -0.800000 -13.992651 0.000000
vt -0.000000 -14.253871 0.000000
vt -0.800000 -14.253871 0.000000
vt -0.000000 -14.515091 0.000000
vt -0.800000 -14.515091 0.000000
vt -0.000000 -14.776311 0.000000
vt -0.800000 -14.776311 0.000000
vt -0.000000 -15.037531 0.000000
vt -0.800000 -15.037531 0.000000
vt -0.000000 -15.298751 0.000000
vt -0.800000 -15.298751 0.000000
vt -0.000000 -15.559971 0.000000
vt -0.800000 -15.559971 0.000000
vt -0.000000 -15.821191 0.000000
vt -0.800000 -15.821191 0.000000
vt -0.000000 -16.082411 0.000000
vt -0.800000 -16.082411 0.000000
vt -0.000000 -16.343631 0.000000
vt -0.800000 -16.343631 0.000000
vt -0.000000 -16.604851 0.000000
vt -0.800000 -16.604851 0.000000
vt -0.000000 -16.866071 0.000000
vt -0.800000 -16.866071 0.000000
vt -0.000000 -17.127291 0.000000
vt -0.800000 -17.127291 0.000000
vt -0.000000 -17.388511 0.000000
vt -0.800000 -17.388511 0.000000
vt -0.000000 -17.649731 0.000000
vt -0.800000 -17.649731 0.000000
vt -0.000000 -17.910951 0.000000
vt -0.800000 -17.910951 0.000000
vt -0.000000 -18.172171 0.000000
vt -0.800000 -18.172171 0.000000
vt -0.000000 -18.433391 0.000000
vt -0.800000 -18.433391 0.000000
vt -0.000000 -18.694611 0.000000
vt -0.800000 -18.694611 0.000000
vt -0.000000 -18.955831 0.000000
vt -0.800000 -18.955831 0.000000
vt -0.000000 -19.217051 0.000000
vt -0.800000 -19.217051 0.000000
vt -0.000000 -19.478271 0.000000
vt -0.800000 -19.478271 0.000000
vt -0.000000 -19.739491 0.000000
vt -0.800000 -19.739491 0.000000
vt -0.000000 -20.000711 0.000000
vt -0.800000 -20.000711 0.000000
vt -0.000000 -20.261931 0.000000
vt -0.800000 -20.261931 0.000000
vt -0.000000 -20.523151 0.000000
vt -0.800000 -20.523151 0.000000
vt -0.000000 -20.784371 0.000000
vt -0.800000 -20.784371 0.000000
vt -0.000000 -21.045591 0.000000
vt -0.800000 -21.045591 0.000000
vt -0.000000 -21.306811 0.000000
vt -0.800000 -21.306811 0.000000
vt 0.800000 -1.008800 0.000000
vt 0.000000 -1.008800 0.000000
vt 0.800000 -1.068142 0.000000
vt 0.000000 -1.068142 0.000000
vt 0.800000 1.068142 0.000000
vt 0.000000 1.068142 0.000000
vt 0.800000 1.008800 0.000000
vt 0.000000 1.008800 0.000000
vt 0.800000 0.949459 0.000000
vt 0.000000 0.949459 0.000000
vt 0.800000 0.890118 0.000000
vt 0.000000 0.890118 0.000000
vt 0.800000 0.830777 0.000000
vt 0.000000 0.830777 0.000000
vt 0.800000 0.771436 0.000000
vt 0.000000 0.771436 0.000000
vt 0.800000 0.712094 0.000000
vt 0.000000 0.712094 0.000000
vt 0.800000 0.652753 0.000000
vt 0.000000 0.652753 0.000000
vt 0.800000 0.593412 0.000000
vt 0.000000 0.593412 0.000000
vt 0.800000 0.534071 0.000000
vt 0.000000 0.534071 0.000000
vt 0.800000 0.474730 0.000000
vt 0.000000 0.474730 0.000000
vt 0.800000 0.415388 0.000000
vt 0.000000 0.415388 0.000000
vt 0.800000 0.356047 0.000000
vt 0.000000 0.356047 0.000000
vt 0.800000 0.296706 0.000000
vt 0.000000 0.296706 0.000000
vt 0.800000 0.237365 0.000000
vt 0.000000 0.237365 0.000000
vt 0.800000 0.178024 0.000000
vt 0.000000 0.178024 0.000000
vt 0.800000 0.118682 0.000000
vt 0.000000 0.118682 0.000000
vt 0.800000 0.059341 0.000000
vt 0.000000 0.059341 0.000000
vt 0.800000 0.000000 0.000000
vt 0.000000 0.000000 0.000000
vt 0.800000 -0.059341 0.000000
vt -0.000000 -0.059341 0.000000
vt 0.800000 -0.118682 0.000000
vt -0.000000 -0.118682 0.000000
vt 0.800000 -0.178024 0.000000
vt 0.000000 -0.178024 0.000000
vt 0.800000 -0.237365 0.000000
vt -0.000000 -0.237365 0.000000
vt 0.800000 -0.296706 0.000000
vt -0.000000 -0.296706 0.000000
vt 0.800000 -0.356047 0.000000
vt 0.000000 -0.356047 0.000000
vt 0.800000 -0.415388 0.000000
vt -0.000000 -0.415388 0.000000
vt 0.800000 -0.474730 0.000000
vt -0.000000 -0.474730 0.000000
vt 0.800000 -0.534071 0.000000
vt 0.000000 -0.534071 0.000000
vt 0.800000 -0.593412 0.000000
vt 0.000000 -0.593412 0.000000
vt 0.800000 -0.652753 0.000000
vt 0.000000 -0.652753 0.000000
vt 0.800000 -0.712094 0.000000
vt 0.000000 -0.712094 0.000000
vt 0.800000 -0.771436 0.000000
vt 0.000000 -0.771436 0.000000
vt 0.800000 -0.830777 0.000000
vt 0.000000 -0.830777 0.000000
vt 0.800000 -0.890118 0.000000
vt 0.000000 -0.890118 0.000000
vt 0.800000 -0.949459 0.000000
vt 0.000000 -0.949459 0.000000
vt 0.800000 -1.008800 0.000000
vt 0.000000 -1.008800 0.000000
vt 0.800000 -1.068142 0.000000
vt 0.000000 -1.068142 0.000000
vt 0.800000 1.068142 0.000000
vt 0.000000 1.068142 0.000000
vt 0.800000 1.008800 0.000000
vt 0.000000 1.008800 0.000000
vt 0.800000 0.949459 0.000000
vt 0.000000 0.949459 0.000000
vt 0.800000 0.890118 0.000000
vt 0.000000 0.890118 0.000000
vt 0.800000 0.830777 0.000000
vt 0.000000 0.830777 0.000000
vt 0.800000 0.771436 0.000000
vt 0.000000 0.771436 0.000000
vt 0.800000 0.712094 0.000000
vt 0.000000 0.712094 0.000000
vt 0.800000 0.652753 0.000000
vt 0.000000 0.652753 0.000000
vt 0.800000 0.593412 0.000000
vt 0.000000 0.593412 0.000000
vt 0.800000 0.534071 0.000000
vt 0.000000 0.534071 0.000000
vt 0.800000 0.474730 0.000000
vt 0.000000 0.474730 0.000000
vt 0.800000 0.415388 0.000000
vt 0.000000 0.415388 0.000000
vt 0.800000 0.356047 0.000000
vt 0.000000 0.356047 0.000000
vt 0.800000 0.296706 0.000000
vt 0.000000 0.296706 0.000000
vt 0.800000 0.237365 0.000000
vt 0.000000 0.237365 0.000000
vt 0.800000 0.178024 0.000000
vt 0.000000 0.178024 0.000000
vt 0.800000 0.118682 0.000000
vt 0.000000 0.118682 0.000000
vt 0.800000 0.059341 0.000000
vt 0.000000 0.059341 0.000000
vt 0.800000 0.000000 0.000000
vt 0.000000 0.000000 0.000000
vt 0.800000 -0.059341 0.000000
vt -0.000000 -0.059341 0.000000
vt 0.800000 -0.118682 0.000000
vt -0.000000 -0.118682 0.000000
vt 0.800000 -0.178024 0.000000
vt 0.000000 -0.178024 0.000000
vt 0.800000 -0.237365 0.000000
vt -0.000000 -0.237365 0.000000
vt 0.800000 -0.296706 0.000000
vt -0.000000 -0.296706 0.000000
vt 0.800000 -0.356047 0.000000
vt 0.000000 -0.356047 0.000000
vt 0.800000 -0.415388 0.000000
vt -0.000000 -0.415388 0.000000
vt 0.800000 -0.474730 0.000000
vt -0.000000 -0.474730 0.000000
vt 0.800000 -0.534071 0.000000
vt 0.000000 -0.534071 0.000000
vt 0.800000 -0.593412 0.000000
vt 0.000000 -0.593412 0.000000
vt 0.800000 -0.652753 0.000000
vt 0.000000 -0.652753 0.000000
vt 0.800000 -0.712094 0.000000
vt 0.000000 -0.712094 0.000000
vt 0.800000 -0.771436 0.000000
vt 0.000000 -0.771436 0.000000
vt 0.800000 -0.830777 0.000000
vt 0.000000 -0.830777 0.000000
vt 0.800000 -0.890118 0.000000
vt 0.000000 -0.890118 0.000000
vt 0.800000 -0.949459 0.000000
vt 0.000000 -0.949459 0.000000
vt 0.800000 -1.008800 0.000000
vt 0.000000 -1.008800 0.000000
vt 0.800000 -1.068142 0.000000
vt 0.000000 -1.068142 0.000000
vt 0.800000 1.068142 0.000000
vt 0.000000 1.068142 0.000000
vt 0.800000 1.008800 0.000000
vt 0.000000 1.008800 0.000000
vt 0.800000 0.949459 0.000000
vt 0.000000 0.949459 0.000000
vt 0.800000 0.890118 0.000000
vt 0.000000 0.890118 0.000000
vt 0.800000 0.830777 0.000000
vt 0.000000 0.830777 0.000000
vt 0.800000 0.771436 0.000000
vt 0.000000 0.771436 0.000000
vt 0.800000 0.712094 0.000000
vt 0.000000 0.712094 0.000000
vt 0.800000 0.652753 0.000000
vt 0.000000 0.652753 0.000000
vt 0.800000 0.593412 0.000000
vt 0.000000 0.593412 0.000000
vt 0.800000 0.534071 0.000000
vt 0.000000 0.534071 0.000000
vt 0.800000 0.474730 0.000000
vt 0.000000 0.474730 0.000000
vt 0.800000 0.415388 0.000000
vt 0.000000 0.415388 0.000000
vt 0.800000 0.356047 0.000000
vt 0.000000 0.356047 0.000000
vt 0.800000 0.296706 0.000000
vt 0.000000 0.296706 0.000000
vt 0.800000 0.237365 0.000000
vt 0.000000 0.237365 0.000000
vt 0.800000 0.178024 0.000000
vt 0.000000 0.178024 0.000000
vt 0.800000 0.118682 0.000000
vt 0.000000 0.118682 0.000000
vt 0.800000 0.059341 0.000000
vt 0.000000 0.059341 0.000000
vt 0.800000 0.000000 0.000000
vt 0.000000 0.000000 0.000000
vt 0.800000 -0.059341 0.000000
vt -0.000000 -0.059341 0.000000
vt 0.800000 -0.118682 0.000000
vt -0.000000 -0.118682 0.000000
vt 0.800000 -0.178024 0.000000
vt -0.000000 -0.178024 0.000000
vt 0.800000 -0.237365 0.000000
vt 0.000000 -0.237365 0.000000
vt 0.800000 -0.296706 0.000000
vt -0.000000 -0.296706 0.000000
vt 0.800000 -0.356047 0.000000
vt 0.000000 -0.356047 0.000000
vt 0.800000 -0.415388 0.000000
vt 0.000000 -0.415388 0.000000
vt 0.800000 -0.474730 0.000000
vt -0.000000 -0.474730 0.000000
vt 0.800000 -0.534071 0.000000
vt -0.000000 -0.534071 0.000000
vt 0.800000 -0.593412 0.000000
vt 0.000000 -0.593412 0.000000
vt 0.800000 -0.652753 0.000000
vt 0.000000 -0.652753 0.000000
vt 0.800000 -0.712094 0.000000
vt 0.000000 -0.712094 0.000000
vt 0.800000 -0.771436 0.000000
vt 0.000000 -0.771436 0.000000
vt 0.800000 -0.830777 0.000000
vt 0.000000 -0.830777 0.000000
vt 0.800000 -0.890118 0.000000
vt 0.000000 -0.890118 0.000000
vt 0.800000 -0.949459 0.000000
vt 0.000000 -0.949459 0.000000
vt -2.179449 4.500000 0.000000
vt 0.093131 2.548299 0.000000
vt 2.179449 4.500000 0.000000
vt 0.278897 2.534702 0.000000
vt 0.463174 2.507582 0.000000
vt -2.411467 4.380049 0.000000
vt -1.165968 2.267822 0.000000
vt -0.997317 2.346883 0.000000
vt -0.823345 2.413421 0.000000
vt -2.636904 4.248145 0.000000
vt -1.328398 2.176662 0.000000
vt -2.855145 4.104649 0.000000
vt -1.483740 2.073889 0.000000
vt -3.065595 3.949953 0.000000
vt -2.861089 2.044449 0.000000
vt -2.914802 2.069495 0.000000
vt -3.267680 3.784477 0.000000
vt -2.972049 2.084835 0.000000
vt -3.460848 3.608675 0.000000
vt -3.644572 3.423025 0.000000
vt -3.031089 2.090000 0.000000
vt -3.818350 3.228034 0.000000
vt -3.090129 2.084835 0.000000
vt -3.147376 2.069495 0.000000
vt -3.981709 3.024234 0.000000
vt -3.201089 2.044449 0.000000
vt -4.134203 2.812182 0.000000
vt -3.249637 2.010455 0.000000
vt -4.275415 2.592456 0.000000
vt -3.291544 1.968548 0.000000
vt -3.325538 1.920000 0.000000
vt -4.404960 2.365656 0.000000
vt -3.350584 1.866287 0.000000
vt -4.522485 2.132400 0.000000
vt -3.365924 1.809040 0.000000
vt -3.371089 1.750000 0.000000
vt -4.627669 1.893325 0.000000
vt -3.365924 1.690960 0.000000
vt -4.720225 1.649084 0.000000
vt -3.350584 1.633713 0.000000
vt -4.799900 1.400343 0.000000
vt -3.325538 1.580000 0.000000
vt -3.291544 1.531452 0.000000
vt -4.866477 1.147780 0.000000
vt -3.249637 1.489545 0.000000
vt -4.919775 0.892086 0.000000
vt -3.201089 1.455551 0.000000
vt -4.959647 0.633957 0.000000
vt -2.522826 0.371283 0.000000
vt -2.543197 0.186138 0.000000
vt -4.985985 0.374098 0.000000
vt -4.998718 0.113218 0.000000
vt -2.550000 0.000000 0.000000
vt -4.997810 -0.147970 0.000000
vt -2.543197 -0.186138 0.000000
vt -4.983264 -0.408755 0.000000
vt -2.522826 -0.371283 0.000000
vt -4.955119 -0.668425 0.000000
vt -4.913453 -0.926270 0.000000
vt -2.488993 -0.554447 0.000000
vt -4.858379 -1.181588 0.000000
vt -2.441882 -0.734653 0.000000
vt -4.790048 -1.433682 0.000000
vt -2.381741 -0.910939 0.000000
vt -4.708645 -1.681863 0.000000
vt -4.614393 -1.925455 0.000000
vt -2.308893 -1.082365 0.000000
vt -4.507549 -2.163792 0.000000
vt -2.223726 -1.248016 0.000000
vt -4.388406 -2.396225 0.000000
vt -2.126694 -1.407008 0.000000
vt -4.257287 -2.622120 0.000000
vt -4.114550 -2.840858 0.000000
vt -2.018316 -1.558493 0.000000
vt -3.960586 -3.051845 0.000000
vt -1.899169 -1.701663 0.000000
vt -3.795814 -3.254504 0.000000
vt -1.769889 -1.835754 0.000000
vt -3.620684 -3.448282 0.000000
vt -3.435674 -3.632650 0.000000
vt -1.631166 -1.960050 0.000000
vt -3.241288 -3.807105 0.000000
vt -1.483740 -2.073889 0.000000
vt -3.038058 -3.971172 0.000000
vt -2.826537 -4.124401 0.000000
vt -1.328398 -2.176662 0.000000
vt -2.607304 -4.266376 0.000000
vt -1.165968 -2.267822 0.000000
vt -2.380955 -4.396709 0.000000
vt -2.148109 -4.515044 0.000000
vt -1.909402 -4.621059 0.000000
vt -0.340000 -3.500000 0.000000
vt -0.997317 -2.346883 0.000000
vt -0.334835 -3.559040 0.000000
vt -1.665484 -4.714463 0.000000
vt -0.319495 -3.616287 0.000000
vt -1.417021 -4.795003 0.000000
vt -0.294449 -3.670000 0.000000
vt -1.164691 -4.862458 0.000000
vt -0.260455 -3.718548 0.000000
vt -0.909184 -4.916644 0.000000
vt -0.218548 -3.760455 0.000000
vt -0.651195 -4.957413 0.000000
vt -0.170000 -3.794449 0.000000
vt -0.391429 -4.984655 0.000000
vt -0.116287 -3.819495 0.000000
vt -0.059040 -3.834835 0.000000
vt -0.130595 -4.998294 0.000000
vt -0.000000 -3.840000 0.000000
vt 0.130595 -4.998294 0.000000
vt 0.059040 -3.834835 0.000000
vt 0.391429 -4.984655 0.000000
vt 0.116287 -3.819495 0.000000
vt 0.170000 -3.794449 0.000000
vt 0.651195 -4.957413 0.000000
vt 0.909184 -4.916644 0.000000
vt 1.164691 -4.862458 0.000000
vt 1.417021 -4.795003 0.000000
vt 1.665484 -4.714463 0.000000
vt 1.909402 -4.621059 0.000000
vt 2.148109 -4.515044 0.000000
vt 2.380955 -4.396709 0.000000
vt 2.607304 -4.266376 0.000000
vt 1.165968 -2.267822 0.000000
vt 0.997317 -2.346883 0.000000
vt 0.340000 -3.500000 0.000000
vt 0.334835 -3.440960 0.000000
vt 0.823345 -2.413421 0.000000
vt 0.319495 -3.383713 0.000000
vt 0.294449 -3.330000 0.000000
vt 0.644980 -2.467083 0.000000
vt 0.260455 -3.281452 0.000000
vt 0.463174 -2.507582 0.000000
vt 0.218548 -3.239545 0.000000
vt 0.170000 -3.205551 0.000000
vt 0.278897 -2.534702 0.000000
vt 0.116287 -3.180505 0.000000
vt 0.093131 -2.548299 0.000000
vt 0.059040 -3.165165 0.000000
vt -0.000000 -3.160000 0.000000
vt -0.093131 -2.548299 0.000000
vt -0.059040 -3.165165 0.000000
vt -0.116287 -3.180505 0.000000
vt -0.278897 -2.534702 0.000000
vt -0.170000 -3.205551 0.000000
vt -0.463174 -2.507582 0.000000
vt -0.218548 -3.239545 0.000000
vt -0.260455 -3.281452 0.000000
vt -0.644980 -2.467083 0.000000
vt -0.294449 -3.330000 0.000000
vt -0.823345 -2.413421 0.000000
vt -0.319495 -3.383713 0.000000
vt -0.334835 -3.440960 0.000000
vt 1.328398 -2.176662 0.000000
vt 2.826537 -4.124401 0.000000
vt 1.483740 -2.073889 0.000000
vt 3.038058 -3.971172 0.000000
vt 3.241288 -3.807105 0.000000
vt 1.631166 -1.960050 0.000000
vt 3.435674 -3.632650 0.000000
vt 1.769889 -1.835754 0.000000
vt 3.620684 -3.448282 0.000000
vt 3.795814 -3.254504 0.000000
vt 1.899169 -1.701663 0.000000
vt 3.960586 -3.051845 0.000000
vt 2.018316 -1.558493 0.000000
vt 4.114550 -2.840858 0.000000
vt 2.126694 -1.407008 0.000000
vt 4.257287 -2.622120 0.000000
vt 4.388406 -2.396225 0.000000
vt 2.223726 -1.248016 0.000000
vt 4.507549 -2.163792 0.000000
vt 2.308893 -1.082365 0.000000
vt 4.614393 -1.925455 0.000000
vt 2.381741 -0.910939 0.000000
vt 4.708645 -1.681863 0.000000
vt 4.790048 -1.433682 0.000000
vt 2.441882 -0.734653 0.000000
vt 4.858379 -1.181588 0.000000
vt 2.488993 -0.554447 0.000000
vt 4.913453 -0.926270 0.000000
vt 2.522826 -0.371283 0.000000
vt 4.955119 -0.668425 0.000000
vt 4.983264 -0.408755 0.000000
vt 2.543197 -0.186138 0.000000
vt 4.997810 -0.147970 0.000000
vt 2.550000 0.000000 0.000000
vt 4.998718 0.113218 0.000000
vt 2.543197 0.186138 0.000000
vt 4.985985 0.374098 0.000000
vt 4.959647 0.633957 0.000000
vt 4.919775 0.892086 0.000000
vt 3.201089 1.455551 0.000000
vt 2.522826 0.371283 0.000000
vt 3.249637 1.489545 0.000000
vt 4.866477 1.147780 0.000000
vt 3.291544 1.531452 0.000000
vt 4.799900 1.400343 0.000000
vt 3.325538 1.580000 0.000000
vt 3.350584 1.633713 0.000000
vt 4.720225 1.649084 0.000000
vt 3.365924 1.690960 0.000000
vt 4.627669 1.893325 0.000000
vt 3.371089 1.750000 0.000000
vt 4.522485 2.132400 0.000000
vt 3.365924 1.809040 0.000000
vt 3.350584 1.866287 0.000000
vt 4.404960 2.365656 0.000000
vt 3.325538 1.920000 0.000000
vt 4.275415 2.592456 0.000000
vt 3.291544 1.968548 0.000000
vt 3.249637 2.010455 0.000000
vt 4.134203 2.812182 0.000000
vt 3.201089 2.044449 0.000000
vt 3.981709 3.024234 0.000000
vt 3.147376 2.069495 0.000000
vt 3.818350 3.228034 0.000000
vt 3.090129 2.084835 0.000000
vt 3.031089 2.090000 0.000000
vt 3.644572 3.423025 0.000000
vt 2.972049 2.084835 0.000000
vt 3.460848 3.608675 0.000000
vt 3.267680 3.784477 0.000000
vt 2.914802 2.069495 0.000000
vt 3.065595 3.949953 0.000000
vt 2.861089 2.044449 0.000000
vt 1.483740 2.073889 0.000000
vt 2.812541 2.010455 0.000000
vt 1.631166 1.960050 0.000000
vt 2.770634 1.968548 0.000000
vt 1.769889 1.835754 0.000000
vt 2.736640 1.920000 0.000000
vt 1.899169 1.701663 0.000000
vt 2.711593 1.866287 0.000000
vt 2.696254 1.809040 0.000000
vt 2.018316 1.558493 0.000000
vt 2.691089 1.750000 0.000000
vt 2.696254 1.690960 0.000000
vt 2.126694 1.407008 0.000000
vt 2.711593 1.633713 0.000000
vt 2.736640 1.580000 0.000000
vt 2.223726 1.248016 0.000000
vt 2.770634 1.531452 0.000000
vt 2.308893 1.082365 0.000000
vt 2.812541 1.489545 0.000000
vt 2.861089 1.455551 0.000000
vt 2.381741 0.910939 0.000000
vt 2.914802 1.430505 0.000000
vt 2.972049 1.415165 0.000000
vt 2.441882 0.734653 0.000000
vt 3.031089 1.410000 0.000000
vt 2.488993 0.554447 0.000000
vt 3.090129 1.415165 0.000000
vt 3.147376 1.430505 0.000000
vt 2.855145 4.104649 0.000000
vt 1.328398 2.176662 0.000000
vt 2.636904 4.248145 0.000000
vt 1.165968 2.267822 0.000000
vt 2.411467 4.380049 0.000000
vt -2.696254 1.809040 0.000000
vt -2.691089 1.750000 0.000000
vt -2.018316 1.558493 0.000000
vt -2.696254 1.690960 0.000000
vt -2.126694 1.407008 0.000000
vt -2.711593 1.633713 0.000000
vt -2.736640 1.580000 0.000000
vt -2.223726 1.248016 0.000000
vt -2.770634 1.531452 0.000000
vt -2.308893 1.082365 0.000000
vt -2.812541 1.489545 0.000000
vt -2.861089 1.455551 0.000000
vt -2.381741 0.910939 0.000000
vt -2.914802 1.430505 0.000000
vt -2.972049 1.415165 0.000000
vt -2.441882 0.734653 0.000000
vt -3.031089 1.410000 0.000000
vt -2.488993 0.554447 0.000000
vt -3.090129 1.415165 0.000000
vt -3.147376 1.430505 0.000000
vt -2.812541 2.010455 0.000000
vt -1.631166 1.960050 0.000000
vt -2.770634 1.968548 0.000000
vt -1.769889 1.835754 0.000000
vt -2.736640 1.920000 0.000000
vt -1.899169 1.701663 0.000000
vt -2.711593 1.866287 0.000000
vt 0.334835 -3.559040 0.000000
vt 0.319495 -3.616287 0.000000
vt 0.294449 -3.670000 0.000000
vt 0.260455 -3.718548 0.000000
vt 0.218548 -3.760455 0.000000
vt -0.644980 2.467083 0.000000
vt -0.463174 2.507582 0.000000
vt -0.278897 2.534702 0.000000
vt -0.093131 2.548299 0.000000
vt 0.644980 2.467083 0.000000
vt 0.823345 2.413421 0.000000
vt 0.997317 2.346883 0.000000
vt 0.942478 0.181349 0.000000
vt 0.890118 0.080710 0.000000
vt 0.942478 0.000000 0.000000
vt 0.890118 -0.080710 0.000000
vt 0.942478 -0.181349 0.000000
vt 0.890118 -0.242131 0.000000
vt 0.942478 -0.362698 0.000000
vt 0.890118 -0.403551 0.000000
vt 0.942478 -0.544047 0.000000
vt 0.890118 -0.564971 0.000000
vt 0.942478 -0.725395 0.000000
vt 0.890118 -0.725506 0.000000
vt 0.890118 -0.887812 0.000000
vt 0.837758 -0.725617 0.000000
vt 0.837758 -0.887812 0.000000
vt 0.785398 -0.725728 0.000000
vt 0.785398 -0.887812 0.000000
vt 0.733038 -0.725838 0.000000
vt 0.733038 -0.887812 0.000000
vt 0.680678 -0.725949 0.000000
vt 0.680678 -0.887812 0.000000
vt 0.628319 -0.726060 0.000000
vt 0.628319 -0.887812 0.000000
vt 0.575959 -0.726170 0.000000
vt 0.575959 -0.887812 0.000000
vt 0.523599 -0.726281 0.000000
vt 0.523599 -0.887812 0.000000
vt 0.471239 -0.854027 0.000000
vt 0.471239 -1.024832 0.000000
vt 0.890118 0.242131 0.000000
vt 0.942478 0.362698 0.000000
vt 0.890118 0.403551 0.000000
vt 0.942478 0.544047 0.000000
vt 0.890118 0.564971 0.000000
vt 0.942478 0.725395 0.000000
vt 0.890118 0.725506 0.000000
vt 0.890118 0.887812 0.000000
vt 0.837758 0.725617 0.000000
vt 0.837758 0.887812 0.000000
vt 0.785398 0.725728 0.000000
vt 0.785398 0.887812 0.000000
vt 0.733038 0.887812 0.000000
vt 0.733038 1.049233 0.000000
vt 0.680678 1.049233 0.000000
vt 0.680678 1.210653 0.000000
vt 0.628319 1.210653 0.000000
vt 0.628319 1.372074 0.000000
vt 0.575959 1.372074 0.000000
vt 0.575959 1.533494 0.000000
vt 0.523599 1.533494 0.000000
vt 0.523599 1.694914 0.000000
vt 0.471239 1.537248 0.000000
vt 0.471239 1.708053 0.000000
vt 0.523599 1.856335 0.000000
vt 0.471239 1.878859 0.000000
vt 0.523599 2.017755 0.000000
vt 0.471239 2.049664 0.000000
vt 0.523599 2.179176 0.000000
vt 0.471239 2.220469 0.000000
vt 0.523599 2.340596 0.000000
vt 0.471239 2.391275 0.000000
vt 0.523599 2.502016 0.000000
vt 0.471239 2.562080 0.000000
vt 0.523599 2.663437 0.000000
vt 0.471239 2.732885 0.000000
vt 0.523599 2.824857 0.000000
vt 0.471239 2.903690 0.000000
vt 0.523599 2.986278 0.000000
vt 0.471239 3.074496 0.000000
vt 0.523599 3.147698 0.000000
vt 0.471239 3.245301 0.000000
vt 0.523599 3.309118 0.000000
vt 0.471239 3.416106 0.000000
vt 0.523599 3.470539 0.000000
vt 0.471239 3.586912 0.000000
vt 0.523599 3.631959 0.000000
vt 0.471239 3.757717 0.000000
vt 0.523599 3.793380 0.000000
vt 0.471239 3.928522 0.000000
vt 0.523599 3.954800 0.000000
vt 0.471239 4.099328 0.000000
vt 0.523599 4.116221 0.000000
vt 0.471239 4.270133 0.000000
vt 0.523599 4.277641 0.000000
vt 0.471239 4.440938 0.000000
vt 0.523599 4.439061 0.000000
vt 0.523599 4.600482 0.000000
vt 0.575959 4.439061 0.000000
vt 0.575959 4.600482 0.000000
vt 0.628319 4.439061 0.000000
vt 0.628319 4.600482 0.000000
vt 0.680678 4.439061 0.000000
vt 0.680678 4.600482 0.000000
vt 0.733038 4.439061 0.000000
vt 0.733038 4.600482 0.000000
vt 0.785398 4.439061 0.000000
vt 0.785398 4.600482 0.000000
vt 0.837758 4.439061 0.000000
vt 0.837758 4.600482 0.000000
vt 0.890118 4.439061 0.000000
vt 0.890118 4.600482 0.000000
vt 0.942478 4.533721 0.000000
vt 0.942478 4.715070 0.000000
vt 0.942478 0.906744 0.000000
vt 0.890118 1.049233 0.000000
vt 0.837758 1.049233 0.000000
vt 0.837758 1.210653 0.000000
vt 0.785398 1.210653 0.000000
vt 0.785398 1.372074 0.000000
vt 0.733038 1.372074 0.000000
vt 0.733038 1.533494 0.000000
vt 0.680678 1.533494 0.000000
vt 0.680678 1.694914 0.000000
vt 0.628319 1.694914 0.000000
vt 0.628319 1.856335 0.000000
vt 0.575959 1.856335 0.000000
vt 0.575959 2.017755 0.000000
vt 0.942478 1.088093 0.000000
vt 0.890118 1.210653 0.000000
vt 0.837758 1.372074 0.000000
vt 0.785398 1.533494 0.000000
vt 0.733038 1.694914 0.000000
vt 0.680678 1.856335 0.000000
vt 0.628319 2.017755 0.000000
vt 0.575959 2.179176 0.000000
vt 0.942478 1.269442 0.000000
vt 0.890118 1.372074 0.000000
vt 0.837758 1.533494 0.000000
vt 0.785398 1.694914 0.000000
vt 0.733038 1.856335 0.000000
vt 0.680678 2.017755 0.000000
vt 0.628319 2.179176 0.000000
vt 0.575959 2.340596 0.000000
vt 0.942478 1.450791 0.000000
vt 0.890118 1.533494 0.000000
vt 0.837758 1.694914 0.000000
vt 0.785398 1.856335 0.000000
vt 0.733038 2.017755 0.000000
vt 0.680678 2.179176 0.000000
vt 0.628319 2.340596 0.000000
vt 0.575959 2.502016 0.000000
vt 0.942478 1.632140 0.000000
vt 0.890118 1.694914 0.000000
vt 0.837758 1.856335 0.000000
vt 0.785398 2.017755 0.000000
vt 0.733038 2.179176 0.000000
vt 0.680678 2.340596 0.000000
vt 0.628319 2.502016 0.000000
vt 0.575959 2.663437 0.000000
vt 0.942478 1.813489 0.000000
vt 0.890118 1.856335 0.000000
vt 0.837758 2.017755 0.000000
vt 0.785398 2.179176 0.000000
vt 0.733038 2.340596 0.000000
vt 0.680678 2.502016 0.000000
vt 0.628319 2.663437 0.000000
vt 0.575959 2.824857 0.000000
vt 0.942478 1.994837 0.000000
vt 0.890118 2.017755 0.000000
vt 0.837758 2.179176 0.000000
vt 0.785398 2.340596 0.000000
vt 0.733038 2.502016 0.000000
vt 0.680678 2.663437 0.000000
vt 0.628319 2.824857 0.000000
vt 0.575959 2.986278 0.000000
vt 0.942478 2.176186 0.000000
vt 0.890118 2.179176 0.000000
vt 0.837758 2.340596 0.000000
vt 0.785398 2.502016 0.000000
vt 0.733038 2.663437 0.000000
vt 0.680678 2.824857 0.000000
vt 0.628319 2.986278 0.000000
vt 0.575959 3.147698 0.000000
vt 0.890118 2.340596 0.000000
vt 0.942478 2.357535 0.000000
vt 0.890118 2.502016 0.000000
vt 0.942478 2.538884 0.000000
vt 0.890118 2.663437 0.000000
vt 0.942478 2.720233 0.000000
vt 0.890118 2.824857 0.000000
vt 0.942478 2.901582 0.000000
vt 0.890118 2.986278 0.000000
vt 0.942478 3.082931 0.000000
vt 0.890118 3.147698 0.000000
vt 0.942478 3.264279 0.000000
vt 0.890118 3.309118 0.000000
vt 0.942478 3.445628 0.000000
vt 0.890118 3.470539 0.000000
vt 0.942478 3.626977 0.000000
vt 0.890118 3.631959 0.000000
vt 0.890118 3.793380 0.000000
vt 0.837758 3.793380 0.000000
vt 0.837758 3.954800 0.000000
vt 0.785398 3.954800 0.000000
vt 0.785398 4.116221 0.000000
vt 0.733038 4.116221 0.000000
vt 0.733038 4.277641 0.000000
vt 0.680678 4.277641 0.000000
vt 0.942478 3.808326 0.000000
vt 0.890118 3.954800 0.000000
vt 0.837758 4.116221 0.000000
vt 0.785398 4.277641 0.000000
vt 0.942478 3.989675 0.000000
vt 0.890118 4.116221 0.000000
vt 0.837758 4.277641 0.000000
vt 0.942478 4.171024 0.000000
vt 0.890118 4.277641 0.000000
vt 0.942478 4.352373 0.000000
vt 0.890118 4.761902 0.000000
vt 0.942478 4.896419 0.000000
vt 0.890118 4.923323 0.000000
vt 0.942478 5.077768 0.000000
vt 0.890118 5.084743 0.000000
vt 0.890118 5.246163 0.000000
vt 0.837758 5.246163 0.000000
vt 0.837758 5.407584 0.000000
vt 0.785398 5.407584 0.000000
vt 0.785398 5.569004 0.000000
vt 0.733038 5.569004 0.000000
vt 0.733038 5.730425 0.000000
vt 0.680678 5.730425 0.000000
vt 0.680678 5.891845 0.000000
vt 0.628319 5.891845 0.000000
vt 0.628319 6.053266 0.000000
vt 0.575959 6.053266 0.000000
vt 0.575959 6.214686 0.000000
vt 0.523599 6.214686 0.000000
vt 0.523599 6.376106 0.000000
vt 0.471239 6.319797 0.000000
vt 0.471239 6.490602 0.000000
vt 0.523599 6.537527 0.000000
vt 0.471239 6.661408 0.000000
vt 0.523599 6.698947 0.000000
vt 0.471239 6.832213 0.000000
vt 0.523599 6.860368 0.000000
vt 0.471239 7.003018 0.000000
vt 0.523599 7.021788 0.000000
vt 0.471239 7.173824 0.000000
vt 0.523599 7.183208 0.000000
vt 0.471239 7.344629 0.000000
vt 0.523599 7.344629 0.000000
vt 0.471239 -7.344629 0.000000
vt 0.523599 -7.344629 0.000000
vt 0.523599 -7.183208 0.000000
vt 0.575959 -7.344629 0.000000
vt 0.575959 -7.183208 0.000000
vt 0.628319 -7.344629 0.000000
vt 0.628319 -7.183208 0.000000
vt 0.680678 -7.344629 0.000000
vt 0.680678 -7.183208 0.000000
vt 0.733038 -7.344629 0.000000
vt 0.733038 -7.183208 0.000000
vt 0.785398 -7.344629 0.000000
vt 0.785398 -7.183208 0.000000
vt 0.837758 -7.344629 0.000000
vt 0.837758 -7.183208 0.000000
vt 0.890118 -7.344629 0.000000
vt 0.890118 -7.183208 0.000000
vt 0.942478 -7.253954 0.000000
vt 0.942478 -7.072606 0.000000
vt 0.942478 5.259117 0.000000
vt 0.890118 5.407584 0.000000
vt 0.837758 5.569004 0.000000
vt 0.785398 5.730425 0.000000
vt 0.733038 5.891845 0.000000
vt 0.680678 6.053266 0.000000
vt 0.628319 6.214686 0.000000
vt 0.575959 6.376106 0.000000
vt 0.942478 5.440466 0.000000
vt 0.890118 5.569004 0.000000
vt 0.837758 5.730425 0.000000
vt 0.785398 5.891845 0.000000
vt 0.733038 6.053266 0.000000
vt 0.680678 6.214686 0.000000
vt 0.628319 6.376106 0.000000
vt 0.575959 6.537527 0.000000
vt 0.942478 5.621815 0.000000
vt 0.890118 5.730425 0.000000
vt 0.837758 5.891845 0.000000
vt 0.785398 6.053266 0.000000
vt 0.733038 6.214686 0.000000
vt 0.680678 6.376106 0.000000
vt 0.628319 6.537527 0.000000
vt 0.575959 6.698947 0.000000
vt 0.942478 5.803164 0.000000
vt 0.890118 5.891845 0.000000
vt 0.837758 6.053266 0.000000
vt 0.785398 6.214686 0.000000
vt 0.733038 6.376106 0.000000
vt 0.680678 6.537527 0.000000
vt 0.628319 6.698947 0.000000
vt 0.575959 6.860368 0.000000
vt 0.942478 5.984512 0.000000
vt 0.890118 6.053266 0.000000
vt 0.837758 6.214686 0.000000
vt 0.785398 6.376106 0.000000
vt 0.733038 6.537527 0.000000
vt 0.680678 6.698947 0.000000
vt 0.628319 6.860368 0.000000
vt 0.575959 7.021788 0.000000
vt 0.942478 6.165861 0.000000
vt 0.890118 6.214686 0.000000
vt 0.837758 6.376106 0.000000
vt 0.785398 6.537527 0.000000
vt 0.733038 6.698947 0.000000
vt 0.680678 6.860368 0.000000
vt 0.628319 7.021788 0.000000
vt 0.575959 7.183208 0.000000
vt 0.942478 6.347210 0.000000
vt 0.890118 6.376106 0.000000
vt 0.837758 6.537527 0.000000
vt 0.785398 6.698947 0.000000
vt 0.733038 6.860368 0.000000
vt 0.680678 7.021788 0.000000
vt 0.628319 7.183208 0.000000
vt 0.575959 7.344629 0.000000
vt 0.942478 6.528559 0.000000
vt 0.890118 6.537527 0.000000
vt 0.837758 6.698947 0.000000
vt 0.785398 6.860368 0.000000
vt 0.733038 7.021788 0.000000
vt 0.680678 7.183208 0.000000
vt 0.628319 7.344629 0.000000
vt 0.890118 6.698947 0.000000
vt 0.942478 6.709908 0.000000
vt 0.890118 6.860368 0.000000
vt 0.942478 6.891257 0.000000
vt 0.890118 7.021788 0.000000
vt 0.942478 7.072606 0.000000
vt 0.890118 7.183208 0.000000
vt 0.942478 7.253954 0.000000
vt 0.890118 7.344629 0.000000
vt 0.942478 -7.435303 0.000000
vt 0.890118 -7.021788 0.000000
vt 0.942478 -6.891257 0.000000
vt 0.890118 -6.860368 0.000000
vt 0.942478 -6.709908 0.000000
vt 0.890118 -6.698947 0.000000
vt 0.942478 -6.528559 0.000000
vt 0.890118 -6.537527 0.000000
vt 0.890118 -6.376106 0.000000
vt 0.837758 -6.376106 0.000000
vt 0.837758 -6.214686 0.000000
vt 0.785398 -6.214686 0.000000
vt 0.785398 -6.053266 0.000000
vt 0.733038 -6.053266 0.000000
vt 0.733038 -5.891845 0.000000
vt 0.680678 -5.891845 0.000000
vt 0.680678 -5.730425 0.000000
vt 0.628319 -5.730425 0.000000
vt 0.628319 -5.569004 0.000000
vt 0.575959 -5.569004 0.000000
vt 0.575959 -5.407584 0.000000
vt 0.523599 -5.407584 0.000000
vt 0.523599 -5.246163 0.000000
vt 0.471239 -5.294965 0.000000
vt 0.471239 -5.124160 0.000000
vt 0.523599 -5.084743 0.000000
vt 0.471239 -4.953354 0.000000
vt 0.523599 -4.923323 0.000000
vt 0.471239 -4.782549 0.000000
vt 0.523599 -4.761902 0.000000
vt 0.471239 -4.611744 0.000000
vt 0.523599 -4.600482 0.000000
vt 0.471239 -4.440938 0.000000
vt 0.523599 -4.439061 0.000000
vt 0.523599 -4.277641 0.000000
vt 0.575959 -4.439061 0.000000
vt 0.575959 -4.277641 0.000000
vt 0.628319 -4.439061 0.000000
vt 0.628319 -4.277641 0.000000
vt 0.680678 -4.439061 0.000000
vt 0.680678 -4.277641 0.000000
vt 0.733038 -4.439061 0.000000
vt 0.733038 -4.277641 0.000000
vt 0.785398 -4.439061 0.000000
vt 0.785398 -4.277641 0.000000
vt 0.837758 -4.439061 0.000000
vt 0.837758 -4.277641 0.000000
vt 0.890118 -4.439061 0.000000
vt 0.890118 -4.277641 0.000000
vt 0.942478 -4.352373 0.000000
vt 0.942478 -4.171024 0.000000
vt 0.942478 -6.347210 0.000000
vt 0.890118 -6.214686 0.000000
vt 0.837758 -6.053266 0.000000
vt 0.785398 -5.891845 0.000000
vt 0.733038 -5.730425 0.000000
vt 0.680678 -5.569004 0.000000
vt 0.628319 -5.407584 0.000000
vt 0.575959 -5.246163 0.000000
vt 0.942478 -6.165861 0.000000
vt 0.890118 -6.053266 0.000000
vt 0.837758 -5.891845 0.000000
vt 0.785398 -5.730425 0.000000
vt 0.733038 -5.569004 0.000000
vt 0.680678 -5.407584 0.000000
vt 0.628319 -5.246163 0.000000
vt 0.575959 -5.084743 0.000000
vt 0.942478 -5.984512 0.000000
vt 0.890118 -5.891845 0.000000
vt 0.837758 -5.730425 0.000000
vt 0.785398 -5.569004 0.000000
vt 0.733038 -5.407584 0.000000
vt 0.680678 -5.246163 0.000000
vt 0.628319 -5.084743 0.000000
vt 0.575959 -4.923323 0.000000
vt 0.942478 -5.803164 0.000000
vt 0.890118 -5.730425 0.000000
vt 0.837758 -5.569004 0.000000
vt 0.785398 -5.407584 0.000000
vt 0.733038 -5.246163 0.000000
vt 0.680678 -5.084743 0.000000
vt 0.628319 -4.923323 0.000000
vt 0.575959 -4.761902 0.000000
vt 0.942478 -5.621815 0.000000
vt 0.890118 -5.569004 0.000000
vt 0.837758 -5.407584 0.000000
vt 0.785398 -5.246163 0.000000
vt 0.733038 -5.084743 0.000000
vt 0.680678 -4.923323 0.000000
vt 0.628319 -4.761902 0.000000
vt 0.575959 -4.600482 0.000000
vt 0.942478 -5.440466 0.000000
vt 0.890118 -5.407584 0.000000
vt 0.837758 -5.246163 0.000000
vt 0.785398 -5.084743 0.000000
vt 0.733038 -4.923323 0.000000
vt 0.680678 -4.761902 0.000000
vt 0.628319 -4.600482 0.000000
vt 0.942478 -5.259117 0.000000
vt 0.890118 -5.246163 0.000000
vt 0.837758 -5.084743 0.000000
vt 0.785398 -4.923323 0.000000
vt 0.733038 -4.761902 0.000000
vt 0.680678 -4.600482 0.000000
vt 0.942478 -5.077768 0.000000
vt 0.890118 -5.084743 0.000000
vt 0.837758 -4.923323 0.000000
vt 0.785398 -4.761902 0.000000
vt 0.733038 -4.600482 0.000000
vt 0.890118 -4.923323 0.000000
vt 0.942478 -4.896419 0.000000
vt 0.890118 -4.761902 0.000000
vt 0.942478 -4.715070 0.000000
vt 0.890118 -4.600482 0.000000
vt 0.942478 -4.533721 0.000000
vt 0.890118 -4.116221 0.000000
vt 0.942478 -3.989675 0.000000
vt 0.890118 -3.954800 0.000000
vt 0.942478 -3.808326 0.000000
vt 0.890118 -3.793380 0.000000
vt 0.942478 -3.626977 0.000000
vt 0.890118 -3.631959 0.000000
vt 0.890118 -3.470539 0.000000
vt 0.837758 -3.470539 0.000000
vt 0.837758 -3.309118 0.000000
vt 0.785398 -3.309118 0.000000
vt 0.785398 -3.147698 0.000000
vt 0.733038 -3.147698 0.000000
vt 0.733038 -2.986278 0.000000
vt 0.680678 -2.986278 0.000000
vt 0.680678 -2.824857 0.000000
vt 0.628319 -2.824857 0.000000
vt 0.628319 -2.663437 0.000000
vt 0.575959 -2.663437 0.000000
vt 0.575959 -2.502016 0.000000
vt 0.523599 -2.502016 0.000000
vt 0.523599 -2.340596 0.000000
vt 0.471239 -2.391275 0.000000
vt 0.471239 -2.220469 0.000000
vt 0.523599 -2.179176 0.000000
vt 0.471239 -2.049664 0.000000
vt 0.523599 -2.017755 0.000000
vt 0.471239 -1.878859 0.000000
vt 0.523599 -1.856335 0.000000
vt 0.471239 -1.708053 0.000000
vt 0.523599 -1.694914 0.000000
vt 0.471239 -1.537248 0.000000
vt 0.523599 -1.533494 0.000000
vt 0.523599 -1.372074 0.000000
vt 0.575959 -1.533494 0.000000
vt 0.575959 -1.372074 0.000000
vt 0.628319 -1.533494 0.000000
vt 0.628319 -1.372074 0.000000
vt 0.680678 -1.533494 0.000000
vt 0.680678 -1.372074 0.000000
vt 0.733038 -1.533494 0.000000
vt 0.733038 -1.372074 0.000000
vt 0.785398 -1.533494 0.000000
vt 0.785398 -1.372074 0.000000
vt 0.837758 -1.533494 0.000000
vt 0.837758 -1.372074 0.000000
vt 0.890118 -1.533494 0.000000
vt 0.890118 -1.372074 0.000000
vt 0.942478 -1.450791 0.000000
vt 0.942478 -1.269442 0.000000
vt 0.942478 -3.445628 0.000000
vt 0.890118 -3.309118 0.000000
vt 0.837758 -3.147698 0.000000
vt 0.785398 -2.986278 0.000000
vt 0.733038 -2.824857 0.000000
vt 0.680678 -2.663437 0.000000
vt 0.628319 -2.502016 0.000000
vt 0.575959 -2.340596 0.000000
vt 0.942478 -3.264279 0.000000
vt 0.890118 -3.147698 0.000000
vt 0.837758 -2.986278 0.000000
vt 0.785398 -2.824857 0.000000
vt 0.733038 -2.663437 0.000000
vt 0.680678 -2.502016 0.000000
vt 0.628319 -2.340596 0.000000
vt 0.575959 -2.179176 0.000000
vt 0.942478 -3.082931 0.000000
vt 0.890118 -2.986278 0.000000
vt 0.837758 -2.824857 0.000000
vt 0.785398 -2.663437 0.000000
vt 0.733038 -2.502016 0.000000
vt 0.680678 -2.340596 0.000000
vt 0.628319 -2.179176 0.000000
vt 0.575959 -2.017755 0.000000
vt 0.942478 -2.901582 0.000000
vt 0.890118 -2.824857 0.000000
vt 0.837758 -2.663437 0.000000
vt 0.785398 -2.502016 0.000000
vt 0.733038 -2.340596 0.000000
vt 0.680678 -2.179176 0.000000
vt 0.628319 -2.017755 0.000000
vt 0.575959 -1.856335 0.000000
vt 0.942478 -2.720233 0.000000
vt 0.890118 -2.663437 0.000000
vt 0.837758 -2.502016 0.000000
vt 0.785398 -2.340596 0.000000
vt 0.733038 -2.179176 0.000000
vt 0.680678 -2.017755 0.000000
vt 0.628319 -1.856335 0.000000
vt 0.575959 -1.694914 0.000000
vt 0.942478 -2.538884 0.000000
vt 0.890118 -2.502016 0.000000
vt 0.837758 -2.340596 0.000000
vt 0.785398 -2.179176 0.000000
vt 0.733038 -2.017755 0.000000
vt 0.680678 -1.856335 0.000000
vt 0.628319 -1.694914 0.000000
vt 0.942478 -2.357535 0.000000
vt 0.890118 -2.340596 0.000000
vt 0.837758 -2.179176 0.000000
vt 0.785398 -2.017755 0.000000
vt 0.733038 -1.856335 0.000000
vt 0.680678 -1.694914 0.000000
vt 0.942478 -2.176186 0.000000
vt 0.890118 -2.179176 0.000000
vt 0.837758 -2.017755 0.000000
vt 0.785398 -1.856335 0.000000
vt 0.733038 -1.694914 0.000000
vt 0.890118 -2.017755 0.000000
vt 0.942478 -1.994837 0.000000
vt 0.890118 -1.856335 0.000000
vt 0.942478 -1.813489 0.000000
vt 0.890118 -1.694914 0.000000
vt 0.942478 -1.632140 0.000000
vt 0.890118 -1.210653 0.000000
vt 0.942478 -1.088093 0.000000
vt 0.890118 -1.049233 0.000000
vt 0.942478 -0.906744 0.000000
vt 0.471239 -0.170805 0.000000
vt 0.523599 -0.080710 0.000000
vt 0.471239 -0.000000 0.000000
vt 0.523599 0.080710 0.000000
vt 0.471239 0.170805 0.000000
vt 0.523599 0.242131 0.000000
vt 0.471239 0.341611 0.000000
vt 0.523599 0.403551 0.000000
vt 0.471239 0.512416 0.000000
vt 0.523599 0.564971 0.000000
vt 0.471239 0.683221 0.000000
vt 0.523599 0.726281 0.000000
vt 0.471239 0.854027 0.000000
vt 0.523599 0.887812 0.000000
vt 0.471239 1.024832 0.000000
vt 0.523599 1.049233 0.000000
vt 0.471239 1.195637 0.000000
vt 0.523599 1.210653 0.000000
vt 0.471239 1.366443 0.000000
vt 0.523599 1.372074 0.000000
vt 0.523599 -0.242131 0.000000
vt 0.471239 -0.341611 0.000000
vt 0.523599 -0.403551 0.000000
vt 0.471239 -0.512416 0.000000
vt 0.523599 -0.564971 0.000000
vt 0.471239 -0.683221 0.000000
vt 0.523599 -1.049233 0.000000
vt 0.471239 -1.195637 0.000000
vt 0.523599 -1.210653 0.000000
vt 0.471239 -1.366443 0.000000
vt 0.471239 -2.562080 0.000000
vt 0.523599 -2.663437 0.000000
vt 0.575959 -2.824857 0.000000
vt 0.628319 -2.986278 0.000000
vt 0.680678 -3.147698 0.000000
vt 0.733038 -3.309118 0.000000
vt 0.785398 -3.470539 0.000000
vt 0.837758 -3.631959 0.000000
vt 0.471239 -2.732885 0.000000
vt 0.523599 -2.824857 0.000000
vt 0.575959 -2.986278 0.000000
vt 0.628319 -3.147698 0.000000
vt 0.680678 -3.309118 0.000000
vt 0.733038 -3.470539 0.000000
vt 0.785398 -3.631959 0.000000
vt 0.837758 -3.793380 0.000000
vt 0.471239 -2.903690 0.000000
vt 0.523599 -2.986278 0.000000
vt 0.575959 -3.147698 0.000000
vt 0.628319 -3.309118 0.000000
vt 0.680678 -3.470539 0.000000
vt 0.733038 -3.631959 0.000000
vt 0.785398 -3.793380 0.000000
vt 0.837758 -3.954800 0.000000
vt 0.471239 -3.074496 0.000000
vt 0.523599 -3.147698 0.000000
vt 0.575959 -3.309118 0.000000
vt 0.628319 -3.470539 0.000000
vt 0.680678 -3.631959 0.000000
vt 0.733038 -3.793380 0.000000
vt 0.785398 -3.954800 0.000000
vt 0.837758 -4.116221 0.000000
vt 0.471239 -3.245301 0.000000
vt 0.523599 -3.309118 0.000000
vt 0.575959 -3.470539 0.000000
vt 0.628319 -3.631959 0.000000
vt 0.680678 -3.793380 0.000000
vt 0.733038 -3.954800 0.000000
vt 0.785398 -4.116221 0.000000
vt 0.471239 -3.416106 0.000000
vt 0.523599 -3.470539 0.000000
vt 0.575959 -3.631959 0.000000
vt 0.628319 -3.793380 0.000000
vt 0.680678 -3.954800 0.000000
vt 0.733038 -4.116221 0.000000
vt 0.471239 -3.586912 0.000000
vt 0.523599 -3.631959 0.000000
vt 0.575959 -3.793380 0.000000
vt 0.628319 -3.954800 0.000000
vt 0.680678 -4.116221 0.000000
vt 0.471239 -3.757717 0.000000
vt 0.523599 -3.793380 0.000000
vt 0.575959 -3.954800 0.000000
vt 0.628319 -4.116221 0.000000
vt 0.471239 -3.928522 0.000000
vt 0.523599 -3.954800 0.000000
vt 0.575959 -4.116221 0.000000
vt 0.471239 -4.099328 0.000000
vt 0.523599 -4.116221 0.000000
vt 0.471239 -4.270133 0.000000
vt 0.471239 -5.465770 0.000000
vt 0.523599 -5.569004 0.000000
vt 0.575959 -5.730425 0.000000
vt 0.628319 -5.891845 0.000000
vt 0.680678 -6.053266 0.000000
vt 0.733038 -6.214686 0.000000
vt 0.785398 -6.376106 0.000000
vt 0.837758 -6.537527 0.000000
vt 0.471239 -5.636576 0.000000
vt 0.523599 -5.730425 0.000000
vt 0.575959 -5.891845 0.000000
vt 0.628319 -6.053266 0.000000
vt 0.680678 -6.214686 0.000000
vt 0.733038 -6.376106 0.000000
vt 0.785398 -6.537527 0.000000
vt 0.837758 -6.698947 0.000000
vt 0.471239 -5.807381 0.000000
vt 0.523599 -5.891845 0.000000
vt 0.575959 -6.053266 0.000000
vt 0.628319 -6.214686 0.000000
vt 0.680678 -6.376106 0.000000
vt 0.733038 -6.537527 0.000000
vt 0.785398 -6.698947 0.000000
vt 0.837758 -6.860368 0.000000
vt 0.471239 -5.978186 0.000000
vt 0.523599 -6.053266 0.000000
vt 0.575959 -6.214686 0.000000
vt 0.628319 -6.376106 0.000000
vt 0.680678 -6.537527 0.000000
vt 0.733038 -6.698947 0.000000
vt 0.785398 -6.860368 0.000000
vt 0.837758 -7.021788 0.000000
vt 0.471239 -6.148992 0.000000
vt 0.523599 -6.214686 0.000000
vt 0.575959 -6.376106 0.000000
vt 0.628319 -6.537527 0.000000
vt 0.680678 -6.698947 0.000000
vt 0.733038 -6.860368 0.000000
vt 0.785398 -7.021788 0.000000
vt 0.471239 -6.319797 0.000000
vt 0.523599 -6.376106 0.000000
vt 0.575959 -6.537527 0.000000
vt 0.628319 -6.698947 0.000000
vt 0.680678 -6.860368 0.000000
vt 0.733038 -7.021788 0.000000
vt 0.471239 -6.490602 0.000000
vt 0.523599 -6.537527 0.000000
vt 0.575959 -6.698947 0.000000
vt 0.628319 -6.860368 0.000000
vt 0.680678 -7.021788 0.000000
vt 0.471239 -6.661408 0.000000
vt 0.523599 -6.698947 0.000000
vt 0.575959 -6.860368 0.000000
vt 0.628319 -7.021788 0.000000
vt 0.471239 -6.832213 0.000000
vt 0.523599 -6.860368 0.000000
vt 0.575959 -7.021788 0.000000
vt 0.471239 -7.003018 0.000000
vt 0.523599 -7.021788 0.000000
vt 0.471239 -7.173824 0.000000
vt 0.471239 6.148992 0.000000
vt 0.523599 6.053266 0.000000
vt 0.575959 5.891845 0.000000
vt 0.628319 5.730425 0.000000
vt 0.680678 5.569004 0.000000
vt 0.733038 5.407584 0.000000
vt 0.785398 5.246163 0.000000
vt 0.837758 5.084743 0.000000
vt 0.471239 5.978186 0.000000
vt 0.523599 5.891845 0.000000
vt 0.575959 5.730425 0.000000
vt 0.628319 5.569004 0.000000
vt 0.680678 5.407584 0.000000
vt 0.733038 5.246163 0.000000
vt 0.785398 5.084743 0.000000
vt 0.837758 4.923323 0.000000
vt 0.471239 5.807381 0.000000
vt 0.523599 5.730425 0.000000
vt 0.575959 5.569004 0.000000
vt 0.628319 5.407584 0.000000
vt 0.680678 5.246163 0.000000
vt 0.733038 5.084743 0.000000
vt 0.785398 4.923323 0.000000
vt 0.837758 4.761902 0.000000
vt 0.471239 5.636576 0.000000
vt 0.523599 5.569004 0.000000
vt 0.575959 5.407584 0.000000
vt 0.628319 5.246163 0.000000
vt 0.680678 5.084743 0.000000
vt 0.733038 4.923323 0.000000
vt 0.785398 4.761902 0.000000
vt 0.471239 5.465770 0.000000
vt 0.523599 5.407584 0.000000
vt 0.575959 5.246163 0.000000
vt 0.628319 5.084743 0.000000
vt 0.680678 4.923323 0.000000
vt 0.733038 4.761902 0.000000
vt 0.471239 5.294965 0.000000
vt 0.523599 5.246163 0.000000
vt 0.575959 5.084743 0.000000
vt 0.628319 4.923323 0.000000
vt 0.680678 4.761902 0.000000
vt 0.471239 5.124160 0.000000
vt 0.523599 5.084743 0.000000
vt 0.575959 4.923323 0.000000
vt 0.628319 4.761902 0.000000
vt 0.471239 4.953354 0.000000
vt 0.523599 4.923323 0.000000
vt 0.575959 4.761902 0.000000
vt 0.471239 4.782549 0.000000
vt 0.523599 4.761902 0.000000
vt 0.471239 4.611744 0.000000
vt 0.837758 7.344629 0.000000
vt 0.837758 7.183208 0.000000
vt 0.837758 7.021788 0.000000
vt 0.837758 6.860368 0.000000
vt 0.785398 7.344629 0.000000
vt 0.785398 7.183208 0.000000
vt 0.785398 7.021788 0.000000
vt 0.733038 7.344629 0.000000
vt 0.733038 7.183208 0.000000
vt 0.680678 7.344629 0.000000
vt 0.837758 0.080710 0.000000
vt 0.837758 -0.080710 0.000000
vt 0.837758 -0.242131 0.000000
vt 0.837758 -0.403551 0.000000
vt 0.837758 -0.564971 0.000000
vt 0.785398 0.080710 0.000000
vt 0.785398 -0.080710 0.000000
vt 0.785398 -0.242131 0.000000
vt 0.785398 -0.403551 0.000000
vt 0.785398 -0.564971 0.000000
vt 0.837758 0.242131 0.000000
vt 0.837758 0.403551 0.000000
vt 0.837758 0.564971 0.000000
vt 0.733038 0.080710 0.000000
vt 0.733038 -0.080710 0.000000
vt 0.733038 -0.242131 0.000000
vt 0.733038 -0.403551 0.000000
vt 0.733038 -0.564971 0.000000
vt 0.785398 0.242131 0.000000
vt 0.785398 0.403551 0.000000
vt 0.785398 0.564971 0.000000
vt 0.680678 0.080710 0.000000
vt 0.680678 -0.080710 0.000000
vt 0.680678 -0.242131 0.000000
vt 0.680678 -0.403551 0.000000
vt 0.680678 -0.564971 0.000000
vt 0.733038 0.242131 0.000000
vt 0.733038 0.403551 0.000000
vt 0.733038 0.564971 0.000000
vt 0.628319 0.080710 0.000000
vt 0.628319 -0.080710 0.000000
vt 0.628319 -0.242131 0.000000
vt 0.628319 -0.403551 0.000000
vt 0.628319 -0.564971 0.000000
vt 0.680678 0.242131 0.000000
vt 0.680678 0.403551 0.000000
vt 0.680678 0.564971 0.000000
vt 0.733038 0.725838 0.000000
vt 0.575959 0.080710 0.000000
vt 0.575959 -0.080710 0.000000
vt 0.575959 -0.242131 0.000000
vt 0.575959 -0.403551 0.000000
vt 0.575959 -0.564971 0.000000
vt 0.628319 0.242131 0.000000
vt 0.628319 0.403551 0.000000
vt 0.628319 0.564971 0.000000
vt 0.680678 0.725949 0.000000
vt 0.680678 0.887812 0.000000
vt 0.575959 0.242131 0.000000
vt 0.575959 0.403551 0.000000
vt 0.575959 0.564971 0.000000
vt 0.628319 0.726060 0.000000
vt 0.628319 0.887812 0.000000
vt 0.628319 1.049233 0.000000
vt 0.575959 0.726170 0.000000
vt 0.575959 0.887812 0.000000
vt 0.575959 1.049233 0.000000
vt 0.575959 1.210653 0.000000
vt 0.785398 1.049233 0.000000
vt 0.733038 1.210653 0.000000
vt 0.680678 1.372074 0.000000
vt 0.628319 1.533494 0.000000
vt 0.575959 1.694914 0.000000
vt 0.837758 2.502016 0.000000
vt 0.785398 2.663437 0.000000
vt 0.733038 2.824857 0.000000
vt 0.680678 2.986278 0.000000
vt 0.628319 3.147698 0.000000
vt 0.575959 3.309118 0.000000
vt 0.837758 2.663437 0.000000
vt 0.837758 2.824857 0.000000
vt 0.837758 2.986278 0.000000
vt 0.837758 3.147698 0.000000
vt 0.837758 3.309118 0.000000
vt 0.837758 3.470539 0.000000
vt 0.837758 3.631959 0.000000
vt 0.785398 2.824857 0.000000
vt 0.733038 2.986278 0.000000
vt 0.680678 3.147698 0.000000
vt 0.628319 3.309118 0.000000
vt 0.575959 3.470539 0.000000
vt 0.785398 2.986278 0.000000
vt 0.785398 3.147698 0.000000
vt 0.785398 3.309118 0.000000
vt 0.785398 3.470539 0.000000
vt 0.785398 3.631959 0.000000
vt 0.785398 3.793380 0.000000
vt 0.733038 3.147698 0.000000
vt 0.680678 3.309118 0.000000
vt 0.628319 3.470539 0.000000
vt 0.575959 3.631959 0.000000
vt 0.733038 3.309118 0.000000
vt 0.733038 3.470539 0.000000
vt 0.733038 3.631959 0.000000
vt 0.733038 3.793380 0.000000
vt 0.733038 3.954800 0.000000
vt 0.680678 3.470539 0.000000
vt 0.628319 3.631959 0.000000
vt 0.575959 3.793380 0.000000
vt 0.680678 3.631959 0.000000
vt 0.680678 3.793380 0.000000
vt 0.680678 3.954800 0.000000
vt 0.680678 4.116221 0.000000
vt 0.628319 3.793380 0.000000
vt 0.575959 3.954800 0.000000
vt 0.628319 3.954800 0.000000
vt 0.628319 4.116221 0.000000
vt 0.628319 4.277641 0.000000
vt 0.575959 4.116221 0.000000
vt 0.575959 4.277641 0.000000
vt 0.837758 -4.761902 0.000000
vt 0.785398 -4.600482 0.000000
vt 0.837758 -4.600482 0.000000
vt 0.837758 -1.856335 0.000000
vt 0.785398 -1.694914 0.000000
vt 0.837758 -1.694914 0.000000
vt 0.837758 -1.210653 0.000000
vt 0.837758 -1.049233 0.000000
vt 0.785398 -1.210653 0.000000
vt 0.785398 -1.049233 0.000000
vt 0.733038 -1.210653 0.000000
vt 0.733038 -1.049233 0.000000
vt 0.680678 -1.210653 0.000000
vt 0.680678 -1.049233 0.000000
vt 0.628319 -1.210653 0.000000
vt 0.628319 -1.049233 0.000000
vt 0.575959 -1.210653 0.000000
vt 0.575959 -1.049233 0.000000
vt -2.179449 4.500000 0.000000
vt -0.039805 1.849572 0.000000
vt 2.179449 4.500000 0.000000
vt 0.119341 1.846147 0.000000
vt 0.277602 1.829054 0.000000
vt -2.411467 4.380049 0.000000
vt -0.807805 1.664317 0.000000
vt -0.661742 1.727599 0.000000
vt -0.510779 1.778090 0.000000
vt -2.636904 4.248145 0.000000
vt -2.812541 2.010455 0.000000
vt -2.770634 1.968548 0.000000
vt -0.947887 1.588713 0.000000
vt -2.736640 1.920000 0.000000
vt -1.080952 1.501347 0.000000
vt -2.711593 1.866287 0.000000
vt -1.206013 1.402866 0.000000
vt -2.696254 1.809040 0.000000
vt -1.322146 1.293998 0.000000
vt -2.691089 1.750000 0.000000
vt -1.428490 1.175550 0.000000
vt -2.696254 1.690960 0.000000
vt -2.711593 1.633713 0.000000
vt -2.855145 4.104649 0.000000
vt -2.861089 2.044449 0.000000
vt -3.065595 3.949953 0.000000
vt -2.914802 2.069495 0.000000
vt -3.267680 3.784477 0.000000
vt -2.972049 2.084835 0.000000
vt -3.460848 3.608675 0.000000
vt -3.644572 3.423025 0.000000
vt -3.031089 2.090000 0.000000
vt -3.818350 3.228034 0.000000
vt -3.090129 2.084835 0.000000
vt -3.147376 2.069495 0.000000
vt -3.981709 3.024234 0.000000
vt -3.201089 2.044449 0.000000
vt -4.134203 2.812182 0.000000
vt -3.249637 2.010455 0.000000
vt -4.275415 2.592456 0.000000
vt -3.291544 1.968548 0.000000
vt -3.325538 1.920000 0.000000
vt -4.404960 2.365656 0.000000
vt -3.350584 1.866287 0.000000
vt -4.522485 2.132400 0.000000
vt -3.365924 1.809040 0.000000
vt -3.371089 1.750000 0.000000
vt -4.627669 1.893325 0.000000
vt -3.365924 1.690960 0.000000
vt -4.720225 1.649084 0.000000
vt -3.350584 1.633713 0.000000
vt -4.799900 1.400343 0.000000
vt -3.325538 1.580000 0.000000
vt -3.291544 1.531452 0.000000
vt -4.866477 1.147780 0.000000
vt -3.249637 1.489545 0.000000
vt -4.919775 0.892086 0.000000
vt -3.201089 1.455551 0.000000
vt -4.959647 0.633957 0.000000
vt -4.985985 0.374098 0.000000
vt -3.147376 1.430505 0.000000
vt -4.998718 0.113218 0.000000
vt -3.090129 1.415165 0.000000
vt -4.997810 -0.147970 0.000000
vt -1.850000 -0.000000 0.000000
vt -1.843152 -0.159035 0.000000
vt -4.983264 -0.408755 0.000000
vt -4.955119 -0.668425 0.000000
vt -1.822657 -0.316892 0.000000
vt -4.913453 -0.926270 0.000000
vt -1.788668 -0.472404 0.000000
vt -4.858379 -1.181588 0.000000
vt -4.790048 -1.433682 0.000000
vt -1.741437 -0.624417 0.000000
vt -4.708645 -1.681863 0.000000
vt -1.681313 -0.771808 0.000000
vt -4.614393 -1.925455 0.000000
vt -4.507549 -2.163792 0.000000
vt -1.608740 -0.913485 0.000000
vt -4.388406 -2.396225 0.000000
vt -1.524258 -1.048398 0.000000
vt -4.257287 -2.622120 0.000000
vt -4.114550 -2.840858 0.000000
vt -1.428490 -1.175550 0.000000
vt -3.960586 -3.051845 0.000000
vt -3.795814 -3.254504 0.000000
vt -1.322146 -1.293998 0.000000
vt -3.620684 -3.448282 0.000000
vt -1.206013 -1.402866 0.000000
vt -3.435674 -3.632650 0.000000
vt -3.241288 -3.807105 0.000000
vt -1.080952 -1.501347 0.000000
vt -3.038058 -3.971172 0.000000
vt -2.826537 -4.124401 0.000000
vt -2.607304 -4.266376 0.000000
vt -0.319495 -3.383713 0.000000
vt -0.947887 -1.588713 0.000000
vt -0.334835 -3.440960 0.000000
vt -2.380955 -4.396709 0.000000
vt -2.148109 -4.515044 0.000000
vt -0.340000 -3.500000 0.000000
vt -1.909402 -4.621059 0.000000
vt -0.334835 -3.559040 0.000000
vt -1.665484 -4.714463 0.000000
vt -0.319495 -3.616287 0.000000
vt -1.417021 -4.795003 0.000000
vt -0.294449 -3.670000 0.000000
vt -1.164691 -4.862458 0.000000
vt -0.260455 -3.718548 0.000000
vt -0.909184 -4.916644 0.000000
vt -0.218548 -3.760455 0.000000
vt -0.651195 -4.957413 0.000000
vt -0.170000 -3.794449 0.000000
vt -0.391429 -4.984655 0.000000
vt -0.116287 -3.819495 0.000000
vt -0.059040 -3.834835 0.000000
vt -0.130595 -4.998294 0.000000
vt 0.000000 -3.840000 0.000000
vt 0.130595 -4.998294 0.000000
vt 0.391429 -4.984655 0.000000
vt 0.651195 -4.957413 0.000000
vt 0.909184 -4.916644 0.000000
vt 1.164691 -4.862458 0.000000
vt 1.417021 -4.795003 0.000000
vt 1.665484 -4.714463 0.000000
vt 1.909402 -4.621059 0.000000
vt 2.148109 -4.515044 0.000000
vt 2.380955 -4.396709 0.000000
vt 0.059040 -3.834835 0.000000
vt 2.607304 -4.266376 0.000000
vt 2.826537 -4.124401 0.000000
vt 3.038058 -3.971172 0.000000
vt 0.116287 -3.819495 0.000000
vt 0.170000 -3.794449 0.000000
vt 0.218548 -3.760455 0.000000
vt 0.260455 -3.718548 0.000000
vt 0.294449 -3.670000 0.000000
vt 0.319495 -3.616287 0.000000
vt 0.334835 -3.559040 0.000000
vt 0.340000 -3.500000 0.000000
vt 0.334835 -3.440960 0.000000
vt 0.319495 -3.383713 0.000000
vt 1.015359 -1.546462 0.000000
vt 0.878659 -1.628023 0.000000
vt 1.144542 -1.453452 0.000000
vt 3.241288 -3.807105 0.000000
vt 3.435674 -3.632650 0.000000
vt 1.265251 -1.349681 0.000000
vt 3.620684 -3.448282 0.000000
vt 3.795814 -3.254504 0.000000
vt 1.376592 -1.235918 0.000000
vt 3.960586 -3.051845 0.000000
vt 1.477742 -1.113005 0.000000
vt 4.114550 -2.840858 0.000000
vt 4.257287 -2.622120 0.000000
vt 1.567951 -0.981851 0.000000
vt 4.388406 -2.396225 0.000000
vt 1.646551 -0.843427 0.000000
vt 4.507549 -2.163792 0.000000
vt 4.614393 -1.925455 0.000000
vt 1.712961 -0.698760 0.000000
vt 4.708645 -1.681863 0.000000
vt 4.790048 -1.433682 0.000000
vt 1.766688 -0.548919 0.000000
vt 4.858379 -1.181588 0.000000
vt 1.807336 -0.395014 0.000000
vt 4.913453 -0.926270 0.000000
vt 4.955119 -0.668425 0.000000
vt 1.834603 -0.238184 0.000000
vt 4.983264 -0.408755 0.000000
vt 1.848287 -0.079591 0.000000
vt 4.997810 -0.147970 0.000000
vt 3.090129 1.415165 0.000000
vt 4.998718 0.113218 0.000000
vt 3.147376 1.430505 0.000000
vt 4.985985 0.374098 0.000000
vt 3.201089 1.455551 0.000000
vt 4.959647 0.633957 0.000000
vt 4.919775 0.892086 0.000000
vt 3.249637 1.489545 0.000000
vt 4.866477 1.147780 0.000000
vt 3.291544 1.531452 0.000000
vt 4.799900 1.400343 0.000000
vt 3.325538 1.580000 0.000000
vt 3.350584 1.633713 0.000000
vt 4.720225 1.649084 0.000000
vt 3.365924 1.690960 0.000000
vt 4.627669 1.893325 0.000000
vt 3.371089 1.750000 0.000000
vt 4.522485 2.132400 0.000000
vt 3.365924 1.809040 0.000000
vt 3.350584 1.866287 0.000000
vt 4.404960 2.365656 0.000000
vt 3.325538 1.920000 0.000000
vt 4.275415 2.592456 0.000000
vt 3.291544 1.968548 0.000000
vt 3.249637 2.010455 0.000000
vt 4.134203 2.812182 0.000000
vt 3.201089 2.044449 0.000000
vt 3.981709 3.024234 0.000000
vt 3.147376 2.069495 0.000000
vt 3.818350 3.228034 0.000000
vt 3.090129 2.084835 0.000000
vt 3.031089 2.090000 0.000000
vt 3.644572 3.423025 0.000000
vt 2.972049 2.084835 0.000000
vt 3.460848 3.608675 0.000000
vt 3.267680 3.784477 0.000000
vt 2.914802 2.069495 0.000000
vt 3.065595 3.949953 0.000000
vt 2.861089 2.044449 0.000000
vt 2.855145 4.104649 0.000000
vt 2.812541 2.010455 0.000000
vt 2.636904 4.248145 0.000000
vt 2.411467 4.380049 0.000000
vt 0.735454 1.697530 0.000000
vt 0.878659 1.628023 0.000000
vt 2.770634 1.968548 0.000000
vt 1.015359 1.546462 0.000000
vt 2.736640 1.920000 0.000000
vt 1.144542 1.453452 0.000000
vt 2.711593 1.866287 0.000000
vt 2.696254 1.809040 0.000000
vt 1.265251 1.349681 0.000000
vt 2.691089 1.750000 0.000000
vt 1.376592 1.235918 0.000000
vt 2.696254 1.690960 0.000000
vt 1.477742 1.113005 0.000000
vt 2.711593 1.633713 0.000000
vt 1.567951 0.981851 0.000000
vt 2.736640 1.580000 0.000000
vt 1.646551 0.843427 0.000000
vt 2.770634 1.531452 0.000000
vt 2.812541 1.489545 0.000000
vt 1.712961 0.698760 0.000000
vt 2.861089 1.455551 0.000000
vt 1.766688 0.548919 0.000000
vt 2.914802 1.430505 0.000000
vt 1.807336 0.395014 0.000000
vt 2.972049 1.415165 0.000000
vt 1.834603 0.238184 0.000000
vt 3.031089 1.410000 0.000000
vt 1.848287 0.079591 0.000000
vt -1.843152 0.159035 0.000000
vt -3.031089 1.410000 0.000000
vt -1.822657 0.316892 0.000000
vt -2.972049 1.415165 0.000000
vt -1.788668 0.472404 0.000000
vt -2.914802 1.430505 0.000000
vt -2.861089 1.455551 0.000000
vt -1.741437 0.624417 0.000000
vt -2.812541 1.489545 0.000000
vt -1.681313 0.771808 0.000000
vt -2.770634 1.531452 0.000000
vt -1.608740 0.913485 0.000000
vt -2.736640 1.580000 0.000000
vt -1.524258 1.048398 0.000000
vt -0.356035 1.815417 0.000000
vt -0.198655 1.839303 0.000000
vt 0.433809 1.798419 0.000000
vt 0.586804 1.754469 0.000000
vt 0.294449 -3.330000 0.000000
vt 0.735454 -1.697530 0.000000
vt 0.260455 -3.281452 0.000000
vt 0.586804 -1.754469 0.000000
vt 0.218548 -3.239545 0.000000
vt 0.433809 -1.798419 0.000000
vt 0.170000 -3.205551 0.000000
vt 0.277602 -1.829054 0.000000
vt 0.116287 -3.180505 0.000000
vt 0.059040 -3.165165 0.000000
vt 0.119341 -1.846147 0.000000
vt 0.000000 -3.160000 0.000000
vt -0.039805 -1.849572 0.000000
vt -0.059040 -3.165165 0.000000
vt -0.198655 -1.839303 0.000000
vt -0.116287 -3.180505 0.000000
vt -0.356035 -1.815417 0.000000
vt -0.170000 -3.205551 0.000000
vt -0.510779 -1.778090 0.000000
vt -0.218548 -3.239545 0.000000
vt -0.661742 -1.727599 0.000000
vt -0.260455 -3.281452 0.000000
vt -0.807805 -1.664317 0.000000
vt -0.294449 -3.330000 0.000000
vt -0.000000 0.000000 0.000000
vt -4.358899 0.000000 0.000000
vt -0.000000 -0.800000 0.000000
vt -4.358899 -0.800000 0.000000
vt -0.800000 5.652715 0.000000
vt 2.360000 5.652715 0.000000
vt -0.800000 5.811946 0.000000
vt 2.360000 5.811946 0.000000
vt -0.800000 -5.811946 0.000000
vt 2.360000 -5.811946 0.000000
vt -0.800000 -5.652715 0.000000
vt 2.360000 -5.652715 0.000000
vt -0.800000 -5.493484 0.000000
vt 2.360000 -5.493484 0.000000
vt -0.800000 -5.334252 0.000000
vt 2.360000 -5.334252 0.000000
vt -0.800000 -5.175021 0.000000
vt 2.360000 -5.175021 0.000000
vt -0.800000 -5.015789 0.000000
vt 2.360000 -5.015789 0.000000
vt -0.800000 -4.856558 0.000000
vt 2.360000 -4.856558 0.000000
vt -0.800000 -4.697327 0.000000
vt 2.360000 -4.697327 0.000000
vt -0.800000 -4.538095 0.000000
vt 2.360000 -4.538095 0.000000
vt -0.800000 -4.378864 0.000000
vt 2.360000 -4.378864 0.000000
vt -0.800000 -4.219632 0.000000
vt 2.360000 -4.219632 0.000000
vt -0.800000 -4.060401 0.000000
vt 2.360000 -4.060401 0.000000
vt -0.800000 -3.901170 0.000000
vt 2.360000 -3.901170 0.000000
vt -0.800000 -3.741938 0.000000
vt 2.360000 -3.741938 0.000000
vt -0.800000 -3.582707 0.000000
vt 2.360000 -3.582707 0.000000
vt -0.800000 -3.423475 0.000000
vt 2.360000 -3.423475 0.000000
vt -0.800000 -3.264244 0.000000
vt 2.360000 -3.264244 0.000000
vt -0.800000 -3.105012 0.000000
vt 2.360000 -3.105012 0.000000
vt -0.800000 -2.945781 0.000000
vt 2.360000 -2.945781 0.000000
vt -0.800000 -2.786550 0.000000
vt 2.360000 -2.786550 0.000000
vt -0.800000 -2.627318 0.000000
vt 2.360000 -2.627318 0.000000
vt -0.800000 -2.468087 0.000000
vt 2.360000 -2.468087 0.000000
vt -0.800000 -2.308855 0.000000
vt 2.360000 -2.308855 0.000000
vt -0.800000 -2.149624 0.000000
vt 2.360000 -2.149624 0.000000
vt -0.800000 -1.990393 0.000000
vt 2.360000 -1.990393 0.000000
vt -0.800000 -1.831161 0.000000
vt 2.360000 -1.831161 0.000000
vt -0.800000 -1.671930 0.000000
vt 2.360000 -1.671930 0.000000
vt -0.800000 -1.512698 0.000000
vt 2.360000 -1.512698 0.000000
vt -0.800000 -1.353467 0.000000
vt 2.360000 -1.353467 0.000000
vt -0.800000 -1.194236 0.000000
vt 2.360000 -1.194236 0.000000
vt -0.800000 -1.035004 0.000000
vt 2.360000 -1.035004 0.000000
vt -0.800000 -0.875773 0.000000
vt 2.360000 -0.875773 0.000000
vt -0.800000 -0.716541 0.000000
vt 2.360000 -0.716541 0.000000
vt -0.800000 -0.557310 0.000000
vt 2.360000 -0.557310 0.000000
vt -0.800000 -0.398079 0.000000
vt 2.360000 -0.398079 0.000000
vt -0.800000 -0.238847 0.000000
vt 2.360000 -0.238847 0.000000
vt -0.800000 -0.079616 0.000000
vt 2.360000 -0.079616 0.000000
vt -0.800000 0.079616 0.000000
vt 2.360000 0.079616 0.000000
vt -0.800000 0.238847 0.000000
vt 2.360000 0.238847 0.000000
vt -0.800000 0.398079 0.000000
vt 2.360000 0.398079 0.000000
vt -0.800000 0.557310 0.000000
vt 2.360000 0.557310 0.000000
vt -0.800000 0.716541 0.000000
vt 2.360000 0.716541 0.000000
vt -0.800000 0.875773 0.000000
vt 2.360000 0.875773 0.000000
vt -0.800000 1.035004 0.000000
vt 2.360000 1.035004 0.000000
vt -0.800000 1.194236 0.000000
vt 2.360000 1.194236 0.000000
vt -0.800000 1.353467 0.000000
vt 2.360000 1.353467 0.000000
vt -0.800000 1.512698 0.000000
vt 2.360000 1.512698 0.000000
vt -0.800000 1.671930 0.000000
vt 2.360000 1.671930 0.000000
vt -0.800000 1.831161 0.000000
vt 2.360000 1.831161 0.000000
vt -0.800000 1.990393 0.000000
vt 2.360000 1.990393 0.000000
vt -0.800000 2.149624 0.000000
vt 2.360000 2.149624 0.000000
vt -0.800000 2.308855 0.000000
vt 2.360000 2.308855 0.000000
vt -0.800000 2.468087 0.000000
vt 2.360000 2.468087 0.000000
vt -0.800000 2.627318 0.000000
vt 2.360000 2.627318 0.000000
vt -0.800000 2.786550 0.000000
vt 2.360000 2.786550 0.000000
vt -0.800000 2.945781 0.000000
vt 2.360000 2.945781 0.000000
vt -0.800000 3.105012 0.000000
vt 2.360000 3.105012 0.000000
vt -0.800000 3.264244 0.000000
vt 2.360000 3.264244 0.000000
vt -0.800000 3.423475 0.000000
vt 2.360000 3.423475 0.000000
vt -0.800000 3.582707 0.000000
vt 2.360000 3.582707 0.000000
vt -0.800000 3.741938 0.000000
vt 2.360000 3.741938 0.000000
vt -0.800000 3.901170 0.000000
vt 2.360000 3.901170 0.000000
vt -0.800000 4.060401 0.000000
vt 2.360000 4.060401 0.000000
vt -0.800000 4.219632 0.000000
vt 2.360000 4.219632 0.000000
vt -0.800000 4.378864 0.000000
vt 2.360000 4.378864 0.000000
vt -0.800000 4.538095 0.000000
vt 2.360000 4.538095 0.000000
vt -0.800000 4.697327 0.000000
vt 2.360000 4.697327 0.000000
vt -0.800000 4.856558 0.000000
vt 2.360000 4.856558 0.000000
vt -0.800000 5.015789 0.000000
vt 2.360000 5.015789 0.000000
vt -0.800000 5.175021 0.000000
vt 2.360000 5.175021 0.000000
vt -0.800000 5.334252 0.000000
vt 2.360000 5.334252 0.000000
vt -0.800000 5.493484 0.000000
vt 2.360000 5.493484 0.000000
vt 30.800000 -5.652715 0.000000
vt 27.640000 -5.652715 0.000000
vt 30.800000 -5.811946 0.000000
vt 27.640000 -5.811946 0.000000
vt 30.800000 5.811946 0.000000
vt 27.640000 5.811946 0.000000
vt 30.800000 5.652715 0.000000
vt 27.640000 5.652715 0.000000
vt 30.800000 5.493484 0.000000
vt 27.640000 5.493484 0.000000
vt 30.800000 5.334252 0.000000
vt 27.640000 5.334252 0.000000
vt 30.800000 5.175021 0.000000
vt 27.640000 5.175021 0.000000
vt 30.800000 5.015789 0.000000
vt 27.640000 5.015789 0.000000
vt 30.800000 4.856558 0.000000
vt 27.640000 4.856558 0.000000
vt 30.800000 4.697327 0.000000
vt 27.640000 4.697327 0.000000
vt 30.800000 4.538095 0.000000
vt 27.640000 4.538095 0.000000
vt 30.800000 4.378864 0.000000
vt 27.640000 4.378864 0.000000
vt 30.800000 4.219632 0.000000
vt 27.640000 4.219632 0.000000
vt 30.800000 4.060401 0.000000
vt 27.640000 4.060401 0.000000
vt 30.800000 3.901170 0.000000
vt 27.640000 3.901170 0.000000
vt 30.800000 3.741938 0.000000
vt 27.640000 3.741938 0.000000
vt 30.800000 3.582707 0.000000
vt 27.640000 3.582707 0.000000
vt 30.800000 3.423475 0.000000
vt 27.640000 3.423475 0.000000
vt 30.800000 3.264244 0.000000
vt 27.640000 3.264244 0.000000
vt 30.800000 3.105012 0.000000
vt 27.640000 3.105012 0.000000
vt 30.800000 2.945781 0.000000
vt 27.640000 2.945781 0.000000
vt 30.800000 2.786550 0.000000
vt 27.640000 2.786550 0.000000
vt 30.800000 2.627318 0.000000
vt 27.640000 2.627318 0.000000
vt 30.800000 2.468087 0.000000
vt 27.640000 2.468087 0.000000
vt 30.800000 2.308855 0.000000
vt 27.640000 2.308855 0.000000
vt 30.800000 2.149624 0.000000
vt 27.640000 2.149624 0.000000
vt 30.800000 1.990393 0.000000
vt 27.640000 1.990393 0.000000
vt 30.800000 1.831161 0.000000
vt 27.640000 1.831161 0.000000
vt 30.800000 1.671930 0.000000
vt 27.640000 1.671930 0.000000
vt 30.800000 1.512698 0.000000
vt 27.640000 1.512698 0.000000
vt 30.800000 1.353467 0.000000
vt 27.640000 1.353467 0.000000
vt 30.800000 1.194236 0.000000
vt 27.640000 1.194236 0.000000
vt 30.800000 1.035004 0.000000
vt 27.640000 1.035004 0.000000
vt 30.800000 0.875773 0.000000
vt 27.640000 0.875773 0.000000
vt 30.800000 0.716541 0.000000
vt 27.640000 0.716541 0.000000
vt 30.800000 0.557310 0.000000
vt 27.640000 0.557310 0.000000
vt 30.800000 0.398079 0.000000
vt 27.640000 0.398079 0.000000
vt 30.800000 0.238847 0.000000
vt 27.640000 0.238847 0.000000
vt 30.800000 0.079616 0.000000
vt 27.640000 0.079616 0.000000
vt 30.800000 -0.079616 0.000000
vt 27.640000 -0.079616 0.000000
vt 30.800000 -0.238847 0.000000
vt 27.640000 -0.238847 0.000000
vt 30.800000 -0.398079 0.000000
vt 27.640000 -0.398079 0.000000
vt 30.800000 -0.557310 0.000000
vt 27.640000 -0.557310 0.000000
vt 30.800000 -0.716541 0.000000
vt 27.640000 -0.716541 0.000000
vt 30.800000 -0.875773 0.000000
vt 27.640000 -0.875773 0.000000
vt 30.800000 -1.035004 0.000000
vt 27.640000 -1.035004 0.000000
vt 30.800000 -1.194236 0.000000
vt 27.640000 -1.194236 0.000000
vt 30.800000 -1.353467 0.000000
vt 27.640000 -1.353467 0.000000
vt 30.800000 -1.512698 0.000000
vt 27.640000 -1.512698 0.000000
vt 30.800000 -1.671930 0.000000
vt 27.640000 -1.671930 0.000000
vt 30.800000 -1.831161 0.000000
vt 27.640000 -1.831161 0.000000
vt 30.800000 -1.990393 0.000000
vt 27.640000 -1.990393 0.000000
vt 30.800000 -2.149624 0.000000
vt 27.640000 -2.149624 0.000000
vt 30.800000 -2.308855 0.000000
vt 27.640000 -2.308855 0.000000
vt 30.800000 -2.468087 0.000000
vt 27.640000 -2.468087 0.000000
vt 30.800000 -2.627318 0.000000
vt 27.640000 -2.627318 0.000000
vt 30.800000 -2.786550 0.000000
vt 27.640000 -2.786550 0.000000
vt 30.800000 -2.945781 0.000000
vt 27.640000 -2.945781 0.000000
vt 30.800000 -3.105012 0.000000
vt 27.640000 -3.105012 0.000000
vt 30.800000 -3.264244 0.000000
vt 27.640000 -3.264244 0.000000
vt 30.800000 -3.423475 0.000000
vt 27.640000 -3.423475 0.000000
vt 30.800000 -3.582707 0.000000
vt 27.640000 -3.582707 0.000000
vt 30.800000 -3.741938 0.000000
vt 27.640000 -3.741938 0.000000
vt 30.800000 -3.901170 0.000000
vt 27.640000 -3.901170 0.000000
vt 30.800000 -4.060401 0.000000
vt 27.640000 -4.060401 0.000000
vt 30.800000 -4.219632 0.000000
vt 27.640000 -4.219632 0.000000
vt 30.800000 -4.378864 0.000000
vt 27.640000 -4.378864 0.000000
vt 30.800000 -4.538095 0.000000
vt 27.640000 -4.538095 0.000000
vt 30.800000 -4.697327 0.000000
vt 27.640000 -4.697327 0.000000
vt 30.800000 -4.856558 0.000000
vt 27.640000 -4.856558 0.000000
vt 30.800000 -5.015789 0.000000
vt 27.640000 -5.015789 0.000000
vt 30.800000 -5.175021 0.000000
vt 27.640000 -5.175021 0.000000
vt 30.800000 -5.334252 0.000000
vt 27.640000 -5.334252 0.000000
vt 30.800000 -5.493484 0.000000
vt 27.640000 -5.493484 0.000000
vt 5.520000 -5.811946 0.000000
vt 5.520000 -5.652715 0.000000
vt 5.520000 -5.493484 0.000000
vt 5.520000 -5.334252 0.000000
vt 5.520000 -5.175021 0.000000
vt 5.520000 -5.015789 0.000000
vt 5.520000 -4.856558 0.000000
vt 5.520000 -4.697327 0.000000
vt 5.520000 -4.538095 0.000000
vt 5.520000 -4.378864 0.000000
vt 5.520000 -4.219632 0.000000
vt 5.520000 -4.060401 0.000000
vt 5.520000 -3.901170 0.000000
vt 5.520000 -3.741938 0.000000
vt 5.520000 -3.582707 0.000000
vt 5.520000 -3.423475 0.000000
vt 5.520000 -3.264244 0.000000
vt 5.520000 -3.105012 0.000000
vt 5.520000 -2.945781 0.000000
vt 5.520000 -2.786550 0.000000
vt 5.520000 -2.627318 0.000000
vt 5.520000 -2.468087 0.000000
vt 5.520000 -2.308855 0.000000
vt 5.520000 -2.149624 0.000000
vt 5.520000 -1.990393 0.000000
vt 5.520000 -1.831161 0.000000
vt 5.520000 -1.671930 0.000000
vt 5.520000 -1.512698 0.000000
vt 5.520000 -1.353467 0.000000
vt 5.520000 -1.194236 0.000000
vt 5.520000 -1.035004 0.000000
vt 5.520000 -0.875773 0.000000
vt 5.520000 -0.716541 0.000000
vt 5.520000 -0.557310 0.000000
vt 5.520000 -0.398079 0.000000
vt 5.520000 -0.238847 0.000000
vt 5.520000 -0.079616 0.000000
vt 5.520000 0.079616 0.000000
vt 5.520000 0.238847 0.000000
vt 5.520000 0.398079 0.000000
vt 5.520000 0.557310 0.000000
vt 5.520000 0.716541 0.000000
vt 5.520000 0.875773 0.000000
vt 5.520000 1.035004 0.000000
vt 5.520000 1.194236 0.000000
vt 5.520000 1.353467 0.000000
vt 5.520000 1.512698 0.000000
vt 5.520000 1.671930 0.000000
vt 5.520000 1.831161 0.000000
vt 5.520000 1.990393 0.000000
vt 5.520000 2.149624 0.000000
vt 5.520000 2.308855 0.000000
vt 5.520000 2.468087 0.000000
vt 5.520000 2.627318 0.000000
vt 5.520000 2.786550 0.000000
vt 5.520000 2.945781 0.000000
vt 5.520000 3.105012 0.000000
vt 5.520000 3.264244 0.000000
vt 5.520000 3.423475 0.000000
vt 5.520000 3.582707 0.000000
vt 5.520000 3.741938 0.000000
vt 5.520000 3.901170 0.000000
vt 5.520000 4.060401 0.000000
vt 5.520000 4.219632 0.000000
vt 5.520000 4.378864 0.000000
vt 5.520000 4.538095 0.000000
vt 5.520000 4.697327 0.000000
vt 5.520000 4.856558 0.000000
vt 5.520000 5.015789 0.000000
vt 5.520000 5.175021 0.000000
vt 5.520000 5.334252 0.000000
vt 5.520000 5.493484 0.000000
vt 5.520000 5.652715 0.000000
vt 5.520000 5.811946 0.000000
vt 8.680000 -5.811946 0.000000
vt 8.680000 -5.652715 0.000000
vt 8.680000 -5.493484 0.000000
vt 8.680000 -5.334252 0.000000
vt 8.680000 -5.175021 0.000000
vt 8.680000 -5.015789 0.000000
vt 8.680000 -4.856558 0.000000
vt 8.680000 -4.697327 0.000000
vt 8.680000 -4.538095 0.000000
vt 8.680000 -4.378864 0.000000
vt 8.680000 -4.219632 0.000000
vt 8.680000 -4.060401 0.000000
vt 8.680000 -3.901170 0.000000
vt 8.680000 -3.741938 0.000000
vt 8.680000 -3.582707 0.000000
vt 8.680000 -3.423475 0.000000
vt 8.680000 -3.264244 0.000000
vt 8.680000 -3.105012 0.000000
vt 8.680000 -2.945781 0.000000
vt 8.680000 -2.786550 0.000000
vt 8.680000 -2.627318 0.000000
vt 8.680000 -2.468087 0.000000
vt 8.680000 -2.308855 0.000000
vt 8.680000 -2.149624 0.000000
vt 8.680000 -1.990393 0.000000
vt 8.680000 -1.831161 0.000000
vt 8.680000 -1.671930 0.000000
vt 8.680000 -1.512698 0.000000
vt 8.680000 -1.353467 0.000000
vt 8.680000 -1.194236 0.000000
vt 8.680000 -1.035004 0.000000
vt 8.680000 -0.875773 0.000000
vt 8.680000 -0.716541 0.000000
vt 8.680000 -0.557310 0.000000
vt 8.680000 -0.398079 0.000000
vt 8.680000 -0.238847 0.000000
vt 8.680000 -0.079616 0.000000
vt 8.680000 0.079616 0.000000
vt 8.680000 0.238847 0.000000
vt 8.680000 0.398079 0.000000
vt 8.680000 0.557310 0.000000
vt 8.680000 0.716541 0.000000
vt 8.680000 0.875773 0.000000
vt 8.680000 1.035004 0.000000
vt 8.680000 1.194236 0.000000
vt 8.680000 1.353467 0.000000
vt 8.680000 1.512698 0.000000
vt 8.680000 1.671930 0.000000
vt 8.680000 1.831161 0.000000
vt 8.680000 1.990393 0.000000
vt 8.680000 2.149624 0.000000
vt 8.680000 2.308855 0.000000
vt 8.680000 2.468087 0.000000
vt 8.680000 2.627318 0.000000
vt 8.680000 2.786550 0.000000
vt 8.680000 2.945781 0.000000
vt 8.680000 3.105012 0.000000
vt 8.680000 3.264244 0.000000
vt 8.680000 3.423475 0.000000
vt 8.680000 3.582707 0.000000
vt 8.680000 3.741938 0.000000
vt 8.680000 3.901170 0.000000
vt 8.680000 4.060401 0.000000
vt 8.680000 4.219632 0.000000
vt 8.680000 4.378864 0.000000
vt 8.680000 4.538095 0.000000
vt 8.680000 4.697327 0.000000
vt 8.680000 4.856558 0.000000
vt 8.680000 5.015789 0.000000
vt 8.680000 5.175021 0.000000
vt 8.680000 5.334252 0.000000
vt 8.680000 5.493484 0.000000
vt 8.680000 5.652715 0.000000
vt 8.680000 5.811946 0.000000
vt 11.840000 -5.811946 0.000000
vt 11.840000 -5.652715 0.000000
vt 11.840000 -5.493484 0.000000
vt 11.840000 -5.334252 0.000000
vt 11.840000 -5.175021 0.000000
vt 11.840000 -5.015789 0.000000
vt 11.840000 -4.856558 0.000000
vt 11.840000 -4.697327 0.000000
vt 11.840000 -4.538095 0.000000
vt 11.840000 -4.378864 0.000000
vt 11.840000 -4.219632 0.000000
vt 11.840000 -4.060401 0.000000
vt 11.840000 -3.901170 0.000000
vt 11.840000 -3.741938 0.000000
vt 11.840000 -3.582707 0.000000
vt 11.840000 -3.423475 0.000000
vt 11.840000 -3.264244 0.000000
vt 11.840000 -3.105012 0.000000
vt 11.840000 -2.945781 0.000000
vt 11.840000 -2.786550 0.000000
vt 11.840000 -2.627318 0.000000
vt 11.840000 -2.468087 0.000000
vt 11.840000 -2.308855 0.000000
vt 11.840000 -2.149624 0.000000
vt 11.840000 -1.990393 0.000000
vt 11.840000 -1.831161 0.000000
vt 11.840000 -1.671930 0.000000
vt 11.840000 -1.512698 0.000000
vt 11.840000 -1.353467 0.000000
vt 11.840000 -1.194236 0.000000
vt 11.840000 -1.035004 0.000000
vt 11.840000 -0.875773 0.000000
vt 11.840000 -0.716541 0.000000
vt 11.840000 -0.557310 0.000000
vt 11.840000 -0.398079 0.000000
vt 11.840000 -0.238847 0.000000
vt 11.840000 -0.079616 0.000000
vt 11.840000 0.079616 0.000000
vt 11.840000 0.238847 0.000000
vt 11.840000 0.398079 0.000000
vt 11.840000 0.557310 0.000000
vt 11.840000 0.716541 0.000000
vt 11.840000 0.875773 0.000000
vt 11.840000 1.035004 0.000000
vt 11.840000 1.194236 0.000000
vt 11.840000 1.353467 0.000000
vt 11.840000 1.512698 0.000000
vt 11.840000 1.671930 0.000000
vt 11.840000 1.831161 0.000000
vt 11.840000 1.990393 0.000000
vt 11.840000 2.149624 0.000000
vt 11.840000 2.308855 0.000000
vt 11.840000 2.468087 0.000000
vt 11.840000 2.627318 0.000000
vt 11.840000 2.786550 0.000000
vt 11.840000 2.945781 0.000000
vt 11.840000 3.105012 0.000000
vt 11.840000 3.264244 0.000000
vt 11.840000 3.423475 0.000000
vt 11.840000 3.582707 0.000000
vt 11.840000 3.741938 0.000000
vt 11.840000 3.901170 0.000000
vt 11.840000 4.060401 0.000000
vt 11.840000 4.219632 0.000000
vt 11.840000 4.378864 0.000000
vt 11.840000 4.538095 0.000000
vt 11.840000 4.697327 0.000000
vt 11.840000 4.856558 0.000000
vt 11.840000 5.015789 0.000000
vt 11.840000 5.175021 0.000000
vt 11.840000 5.334252 0.000000
vt 11.840000 5.493484 0.000000
vt 11.840000 5.652715 0.000000
vt 11.840000 5.811946 0.000000
vt 15.000000 -5.811946 0.000000
vt 15.000000 -5.652715 0.000000
vt 15.000000 -5.493484 0.000000
vt 15.000000 -5.334252 0.000000
vt 15.000000 -5.175021 0.000000
vt 15.000000 -5.015789 0.000000
vt 15.000000 -4.856558 0.000000
vt 15.000000 -4.697327 0.000000
vt 15.000000 -4.538095 0.000000
vt 15.000000 -4.378864 0.000000
vt 15.000000 -4.219632 0.000000
vt 15.000000 -4.060401 0.000000
vt 15.000000 -3.901170 0.000000
vt 15.000000 -3.741938 0.000000
vt 15.000000 -3.582707 0.000000
vt 15.000000 -3.423475 0.000000
vt 15.000000 -3.264244 0.000000
vt 15.000000 -3.105012 0.000000
vt 15.000000 -2.945781 0.000000
vt 15.000000 -2.786550 0.000000
vt 15.000000 -2.627318 0.000000
vt 15.000000 -2.468087 0.000000
vt 15.000000 -2.308855 0.000000
vt 15.000000 -2.149624 0.000000
vt 15.000000 -1.990393 0.000000
vt 15.000000 -1.831161 0.000000
vt 15.000000 -1.671930 0.000000
vt 15.000000 -1.512698 0.000000
vt 15.000000 -1.353467 0.000000
vt 15.000000 -1.194236 0.000000
vt 15.000000 -1.035004 0.000000
vt 15.000000 -0.875773 0.000000
vt 15.000000 -0.716541 0.000000
vt 15.000000 -0.557310 0.000000
vt 15.000000 -0.398079 0.000000
vt 15.000000 -0.238847 0.000000
vt 15.000000 -0.079616 0.000000
vt 15.000000 0.079616 0.000000
vt 15.000000 0.238847 0.000000
vt 15.000000 0.398079 0.000000
vt 15.000000 0.557310 0.000000
vt 15.000000 0.716541 0.000000
vt 15.000000 0.875773 0.000000
vt 15.000000 1.035004 0.000000
vt 15.000000 1.194236 0.000000
vt 15.000000 1.353467 0.000000
vt 15.000000 1.512698 0.000000
vt 15.000000 1.671930 0.000000
vt 15.000000 1.831161 0.000000
vt 15.000000 1.990393 0.000000
vt 15.000000 2.149624 0.000000
vt 15.000000 2.308855 0.000000
vt 15.000000 2.468087 0.000000
vt 15.000000 2.627318 0.000000
vt 15.000000 2.786550 0.000000
vt 15.000000 2.945781 0.000000
vt 15.000000 3.105012 0.000000
vt 15.000000 3.264244 0.000000
vt 15.000000 3.423475 0.000000
vt 15.000000 3.582707 0.000000
vt 15.000000 3.741938 0.000000
vt 15.000000 3.901170 0.000000
vt 15.000000 4.060401 0.000000
vt 15.000000 4.219632 0.000000
vt 15.000000 4.378864 0.000000
vt 15.000000 4.538095 0.000000
vt 15.000000 4.697327 0.000000
vt 15.000000 4.856558 0.000000
vt 15.000000 5.015789 0.000000
vt 15.000000 5.175021 0.000000
vt 15.000000 5.334252 0.000000
vt 15.000000 5.493484 0.000000
vt 15.000000 5.652715 0.000000
vt 15.000000 5.811946 0.000000
vt 18.160000 -5.811946 0.000000
vt 18.160000 -5.652715 0.000000
vt 18.160000 -5.493484 0.000000
vt 18.160000 -5.334252 0.000000
vt 18.160000 -5.175021 0.000000
vt 18.160000 -5.015789 0.000000
vt 18.160000 -4.856558 0.000000
vt 18.160000 -4.697327 0.000000
vt 18.160000 -4.538095 0.000000
vt 18.160000 -4.378864 0.000000
vt 18.160000 -4.219632 0.000000
vt 18.160000 -4.060401 0.000000
vt 18.160000 -3.901170 0.000000
vt 18.160000 -3.741938 0.000000
vt 18.160000 -3.582707 0.000000
vt 18.160000 -3.423475 0.000000
vt 18.160000 -3.264244 0.000000
vt 18.160000 -3.105012 0.000000
vt 18.160000 -2.945781 0.000000
vt 18.160000 -2.786550 0.000000
vt 18.160000 -2.627318 0.000000
vt 18.160000 -2.468087 0.000000
vt 18.160000 -2.308855 0.000000
vt 18.160000 -2.149624 0.000000
vt 18.160000 -1.990393 0.000000
vt 18.160000 -1.831161 0.000000
vt 18.160000 -1.671930 0.000000
vt 18.160000 -1.512698 0.000000
vt 18.160000 -1.353467 0.000000
vt 18.160000 -1.194236 0.000000
vt 18.160000 -1.035004 0.000000
vt 18.160000 -0.875773 0.000000
vt 18.160000 -0.716541 0.000000
vt 18.160000 -0.557310 0.000000
vt 18.160000 -0.398079 0.000000
vt 18.160000 -0.238847 0.000000
vt 18.160000 -0.079616 0.000000
vt 18.160000 0.079616 0.000000
vt 18.160000 0.238847 0.000000
vt 18.160000 0.398079 0.000000
vt 18.160000 0.557310 0.000000
vt 18.160000 0.716541 0.000000
vt 18.160000 0.875773 0.000000
vt 18.160000 1.035004 0.000000
vt 18.160000 1.194236 0.000000
vt 18.160000 1.353467 0.000000
vt 18.160000 1.512698 0.000000
vt 18.160000 1.671930 0.000000
vt 18.160000 1.831161 0.000000
vt 18.160000 1.990393 0.000000
vt 18.160000 2.149624 0.000000
vt 18.160000 2.308855 0.000000
vt 18.160000 2.468087 0.000000
vt 18.160000 2.627318 0.000000
vt 18.160000 2.786550 0.000000
vt 18.160000 2.945781 0.000000
vt 18.160000 3.105012 0.000000
vt 18.160000 3.264244 0.000000
vt 18.160000 3.423475 0.000000
vt 18.160000 3.582707 0.000000
vt 18.160000 3.741938 0.000000
vt 18.160000 3.901170 0.000000
vt 18.160000 4.060401 0.000000
vt 18.160000 4.219632 0.000000
vt 18.160000 4.378864 0.000000
vt 18.160000 4.538095 0.000000
vt 18.160000 4.697327 0.000000
vt 18.160000 4.856558 0.000000
vt 18.160000 5.015789 0.000000
vt 18.160000 5.175021 0.000000
vt 18.160000 5.334252 0.000000
vt 18.160000 5.493484 0.000000
vt 18.160000 5.652715 0.000000
vt 18.160000 5.811946 0.000000
vt 21.320000 -5.811946 0.000000
vt 21.320000 -5.652715 0.000000
vt 21.320000 -5.493484 0.000000
vt 21.320000 -5.334252 0.000000
vt 21.320000 -5.175021 0.000000
vt 21.320000 -5.015789 0.000000
vt 21.320000 -4.856558 0.000000
vt 21.320000 -4.697327 0.000000
vt 21.320000 -4.538095 0.000000
vt 21.320000 -4.378864 0.000000
vt 21.320000 -4.219632 0.000000
vt 21.320000 -4.060401 0.000000
vt 21.320000 -3.901170 0.000000
vt 21.320000 -3.741938 0.000000
vt 21.320000 -3.582707 0.000000
vt 21.320000 -3.423475 0.000000
vt 21.320000 -3.264244 0.000000
vt 21.320000 -3.105012 0.000000
vt 21.320000 -2.945781 0.000000
vt 21.320000 -2.786550 0.000000
vt 21.320000 -2.627318 0.000000
vt 21.320000 -2.468087 0.000000
vt 21.320000 -2.308855 0.000000
vt 21.320000 -2.149624 0.000000
vt 21.320000 -1.990393 0.000000
vt 21.320000 -1.831161 0.000000
vt 21.320000 -1.671930 0.000000
vt 21.320000 -1.512698 0.000000
vt 21.320000 -1.353467 0.000000
vt 21.320000 -1.194236 0.000000
vt 21.320000 -1.035004 0.000000
vt 21.320000 -0.875773 0.000000
vt 21.320000 -0.716541 0.000000
vt 21.320000 -0.557310 0.000000
vt 21.320000 -0.398079 0.000000
vt 21.320000 -0.238847 0.000000
vt 21.320000 -0.079616 0.000000
vt 21.320000 0.079616 0.000000
vt 21.320000 0.238847 0.000000
vt 21.320000 0.398079 0.000000
vt 21.320000 0.557310 0.000000
vt 21.320000 0.716541 0.000000
vt 21.320000 0.875773 0.000000
vt 21.320000 1.035004 0.000000
vt 21.320000 1.194236 0.000000
vt 21.320000 1.353467 0.000000
vt 21.320000 1.512698 0.000000
vt 21.320000 1.671930 0.000000
vt 21.320000 1.831161 0.000000
vt 21.320000 1.990393 0.000000
vt 21.320000 2.149624 0.000000
vt 21.320000 2.308855 0.000000
vt 21.320000 2.468087 0.000000
vt 21.320000 2.627318 0.000000
vt 21.320000 2.786550 0.000000
vt 21.320000 2.945781 0.000000
vt 21.320000 3.105012 0.000000
vt 21.320000 3.264244 0.000000
vt 21.320000 3.423475 0.000000
vt 21.320000 3.582707 0.000000
vt 21.320000 3.741938 0.000000
vt 21.320000 3.901170 0.000000
vt 21.320000 4.060401 0.000000
vt 21.320000 4.219632 0.000000
vt 21.320000 4.378864 0.000000
vt 21.320000 4.538095 0.000000
vt 21.320000 4.697327 0.000000
vt 21.320000 4.856558 0.000000
vt 21.320000 5.015789 0.000000
vt 21.320000 5.175021 0.000000
vt 21.320000 5.334252 0.000000
vt 21.320000 5.493484 0.000000
vt 21.320000 5.652715 0.000000
vt 21.320000 5.811946 0.000000
vt 24.480000 -5.811946 0.000000
vt 24.480000 -5.652715 0.000000
vt 24.480000 -5.493484 0.000000
vt 24.480000 -5.334252 0.000000
vt 24.480000 -5.175021 0.000000
vt 24.480000 -5.015789 0.000000
vt 24.480000 -4.856558 0.000000
vt 24.480000 -4.697327 0.000000
vt 24.480000 -4.538095 0.000000
vt 24.480000 -4.378864 0.000000
vt 24.480000 -4.219632 0.000000
vt 24.480000 -4.060401 0.000000
vt 24.480000 -3.901170 0.000000
vt 24.480000 -3.741938 0.000000
vt 24.480000 -3.582707 0.000000
vt 24.480000 -3.423475 0.000000
vt 24.480000 -3.264244 0.000000
vt 24.480000 -3.105012 0.000000
vt 24.480000 -2.945781 0.000000
vt 24.480000 -2.786550 0.000000
vt 24.480000 -2.627318 0.000000
vt 24.480000 -2.468087 0.000000
vt 24.480000 -2.308855 0.000000
vt 24.480000 -2.149624 0.000000
vt 24.480000 -1.990393 0.000000
vt 24.480000 -1.831161 0.000000
vt 24.480000 -1.671930 0.000000
vt 24.480000 -1.512698 0.000000
vt 24.480000 -1.353467 0.000000
vt 24.480000 -1.194236 0.000000
vt 24.480000 -1.035004 0.000000
vt 24.480000 -0.875773 0.000000
vt 24.480000 -0.716541 0.000000
vt 24.480000 -0.557310 0.000000
vt 24.480000 -0.398079 0.000000
vt 24.480000 -0.238847 0.000000
vt 24.480000 -0.079616 0.000000
vt 24.480000 0.079616 0.000000
vt 24.480000 0.238847 0.000000
vt 24.480000 0.398079 0.000000
vt 24.480000 0.557310 0.000000
vt 24.480000 0.716541 0.000000
vt 24.480000 0.875773 0.000000
vt 24.480000 1.035004 0.000000
vt 24.480000 1.194236 0.000000
vt 24.480000 1.353467 0.000000
vt 24.480000 1.512698 0.000000
vt 24.480000 1.671930 0.000000
vt 24.480000 1.831161 0.000000
vt 24.480000 1.990393 0.000000
vt 24.480000 2.149624 0.000000
vt 24.480000 2.308855 0.000000
vt 24.480000 2.468087 0.000000
vt 24.480000 2.627318 0.000000
vt 24.480000 2.786550 0.000000
vt 24.480000 2.945781 0.000000
vt 24.480000 3.105012 0.000000
vt 24.480000 3.264244 0.000000
vt 24.480000 3.423475 0.000000
vt 24.480000 3.582707 0.000000
vt 24.480000 3.741938 0.000000
vt 24.480000 3.901170 0.000000
vt 24.480000 4.060401 0.000000
vt 24.480000 4.219632 0.000000
vt 24.480000 4.378864 0.000000
vt 24.480000 4.538095 0.000000
vt 24.480000 4.697327 0.000000
vt 24.480000 4.856558 0.000000
vt 24.480000 5.015789 0.000000
vt 24.480000 5.175021 0.000000
vt 24.480000 5.334252 0.000000
vt 24.480000 5.493484 0.000000
vt 24.480000 5.652715 0.000000
vt 24.480000 5.811946 0.000000
vt -0.300000 -6.894051 0.000000
vt -3.975000 -6.894051 0.000000
vt -0.300000 -7.068583 0.000000
vt -3.975000 -7.068583 0.000000
vt -0.300000 7.068583 0.000000
vt -3.975000 7.068583 0.000000
vt -0.300000 6.894051 0.000000
vt -3.975000 6.894051 0.000000
vt -0.300000 6.719518 0.000000
vt -3.975000 6.719518 0.000000
vt -0.300000 6.544985 0.000000
vt -3.975000 6.544985 0.000000
vt -0.300000 6.370452 0.000000
vt -3.975000 6.370452 0.000000
vt -0.300000 6.195919 0.000000
vt -3.975000 6.195919 0.000000
vt -0.300000 6.021386 0.000000
vt -3.975000 6.021386 0.000000
vt -0.300000 5.846853 0.000000
vt -3.975000 5.846853 0.000000
vt -0.300000 5.672320 0.000000
vt -3.975000 5.672320 0.000000
vt -0.300000 5.497787 0.000000
vt -3.975000 5.497787 0.000000
vt -0.300000 5.323254 0.000000
vt -3.975000 5.323254 0.000000
vt -0.300000 5.148721 0.000000
vt -3.975000 5.148721 0.000000
vt -0.300000 4.974188 0.000000
vt -3.975000 4.974188 0.000000
vt -0.300000 4.799655 0.000000
vt -3.975000 4.799655 0.000000
vt -0.300000 4.625123 0.000000
vt -3.975000 4.625123 0.000000
vt -0.300000 4.450590 0.000000
vt -3.975000 4.450590 0.000000
vt -0.300000 4.276057 0.000000
vt -3.975000 4.276057 0.000000
vt -0.300000 4.101524 0.000000
vt -3.975000 4.101524 0.000000
vt -0.300000 3.926991 0.000000
vt -3.975000 3.926991 0.000000
vt -0.300000 3.752458 0.000000
vt -3.975000 3.752458 0.000000
vt -0.300000 3.577925 0.000000
vt -3.975000 3.577925 0.000000
vt -0.300000 3.403392 0.000000
vt -3.975000 3.403392 0.000000
vt -0.300000 3.228859 0.000000
vt -3.975000 3.228859 0.000000
vt -0.300000 3.054326 0.000000
vt -3.975000 3.054326 0.000000
vt -0.300000 2.879793 0.000000
vt -3.975000 2.879793 0.000000
vt -0.300000 2.705260 0.000000
vt -3.975000 2.705260 0.000000
vt -0.300000 2.530727 0.000000
vt -3.975000 2.530727 0.000000
vt -0.300000 2.356194 0.000000
vt -3.975000 2.356194 0.000000
vt -0.300000 2.181662 0.000000
vt -3.975000 2.181662 0.000000
vt -0.300000 2.007129 0.000000
vt -3.975000 2.007129 0.000000
vt -0.300000 1.832596 0.000000
vt -3.975000 1.832596 0.000000
vt -0.300000 1.658063 0.000000
vt -3.975000 1.658063 0.000000
vt -0.300000 1.483530 0.000000
vt -3.975000 1.483530 0.000000
vt -0.300000 1.308997 0.000000
vt -3.975000 1.308997 0.000000
vt -0.300000 1.134464 0.000000
vt -3.975000 1.134464 0.000000
vt -0.300000 0.959931 0.000000
vt -3.975000 0.959931 0.000000
vt -0.300000 0.785398 0.000000
vt -3.975000 0.785398 0.000000
vt -0.300000 0.610865 0.000000
vt -3.975000 0.610865 0.000000
vt -0.300000 0.436332 0.000000
vt -3.975000 0.436332 0.000000
vt -0.300000 0.261799 0.000000
vt -3.975000 0.261799 0.000000
vt -0.300000 0.087266 0.000000
vt -3.975000 0.087266 0.000000
vt -0.300000 -0.087266 0.000000
vt -3.975000 -0.087266 0.000000
vt -0.300000 -0.261799 0.000000
vt -3.975000 -0.261799 0.000000
vt -0.300000 -0.436332 0.000000
vt -3.975000 -0.436332 0.000000
vt -0.300000 -0.610865 0.000000
vt -3.975000 -0.610865 0.000000
vt -0.300000 -0.785398 0.000000
vt -3.975000 -0.785398 0.000000
vt -0.300000 -0.959931 0.000000
vt -3.975000 -0.959931 0.000000
vt -0.300000 -1.134464 0.000000
vt -3.975000 -1.134464 0.000000
vt -0.300000 -1.308997 0.000000
vt -3.975000 -1.308997 0.000000
vt -0.300000 -1.483530 0.000000
vt -3.975000 -1.483530 0.000000
vt -0.300000 -1.658063 0.000000
vt -3.975000 -1.658063 0.000000
vt -0.300000 -1.832596 0.000000
vt -3.975000 -1.832596 0.000000
vt -0.300000 -2.007129 0.000000
vt -3.975000 -2.007129 0.000000
vt -0.300000 -2.181662 0.000000
vt -3.975000 -2.181662 0.000000
vt -0.300000 -2.356194 0.000000
vt -3.975000 -2.356194 0.000000
vt -0.300000 -2.530727 0.000000
vt -3.975000 -2.530727 0.000000
vt -0.300000 -2.705260 0.000000
vt -3.975000 -2.705260 0.000000
vt -0.300000 -2.879793 0.000000
vt -3.975000 -2.879793 0.000000
vt -0.300000 -3.054326 0.000000
vt -3.975000 -3.054326 0.000000
vt -0.300000 -3.228859 0.000000
vt -3.975000 -3.228859 0.000000
vt -0.300000 -3.403392 0.000000
vt -3.975000 -3.403392 0.000000
vt -0.300000 -3.577925 0.000000
vt -3.975000 -3.577925 0.000000
vt -0.300000 -3.752458 0.000000
vt -3.975000 -3.752458 0.000000
vt -0.300000 -3.926991 0.000000
vt -3.975000 -3.926991 0.000000
vt -0.300000 -4.101524 0.000000
vt -3.975000 -4.101524 0.000000
vt -0.300000 -4.276057 0.000000
vt -3.975000 -4.276057 0.000000
vt -0.300000 -4.450590 0.000000
vt -3.975000 -4.450590 0.000000
vt -0.300000 -4.625123 0.000000
vt -3.975000 -4.625123 0.000000
vt -0.300000 -4.799655 0.000000
vt -3.975000 -4.799655 0.000000
vt -0.300000 -4.974188 0.000000
vt -3.975000 -4.974188 0.000000
vt -0.300000 -5.148721 0.000000
vt -3.975000 -5.148721 0.000000
vt -0.300000 -5.323254 0.000000
vt -3.975000 -5.323254 0.000000
vt -0.300000 -5.497787 0.000000
vt -3.975000 -5.497787 0.000000
vt -0.300000 -5.672320 0.000000
vt -3.975000 -5.672320 0.000000
vt -0.300000 -5.846853 0.000000
vt -3.975000 -5.846853 0.000000
vt -0.300000 -6.021386 0.000000
vt -3.975000 -6.021386 0.000000
vt -0.300000 -6.195919 0.000000
vt -3.975000 -6.195919 0.000000
vt -0.300000 -6.370452 0.000000
vt -3.975000 -6.370452 0.000000
vt -0.300000 -6.544985 0.000000
vt -3.975000 -6.544985 0.000000
vt -0.300000 -6.719518 0.000000
vt -3.975000 -6.719518 0.000000
vt -29.700000 6.894051 0.000000
vt -26.025000 6.894051 0.000000
vt -29.700000 7.068583 0.000000
vt -26.025000 7.068583 0.000000
vt -29.700000 -7.068583 0.000000
vt -26.025000 -7.068583 0.000000
vt -29.700000 -6.894051 0.000000
vt -26.025000 -6.894051 0.000000
vt -29.700000 -6.719518 0.000000
vt -26.025000 -6.719518 0.000000
vt -29.700000 -6.544985 0.000000
vt -26.025000 -6.544985 0.000000
vt -29.700000 -6.370452 0.000000
vt -26.025000 -6.370452 0.000000
vt -29.700000 -6.195919 0.000000
vt -26.025000 -6.195919 0.000000
vt -29.700000 -6.021386 0.000000
vt -26.025000 -6.021386 0.000000
vt -29.700000 -5.846853 0.000000
vt -26.025000 -5.846853 0.000000
vt -29.700000 -5.672320 0.000000
vt -26.025000 -5.672320 0.000000
vt -29.700000 -5.497787 0.000000
vt -26.025000 -5.497787 0.000000
vt -29.700000 -5.323254 0.000000
vt -26.025000 -5.323254 0.000000
vt -29.700000 -5.148721 0.000000
vt -26.025000 -5.148721 0.000000
vt -29.700000 -4.974188 0.000000
vt -26.025000 -4.974188 0.000000
vt -29.700000 -4.799655 0.000000
vt -26.025000 -4.799655 0.000000
vt -29.700000 -4.625123 0.000000
vt -26.025000 -4.625123 0.000000
vt -29.700000 -4.450590 0.000000
vt -26.025000 -4.450590 0.000000
vt -29.700000 -4.276057 0.000000
vt -26.025000 -4.276057 0.000000
vt -29.700000 -4.101524 0.000000
vt -26.025000 -4.101524 0.000000
vt -29.700000 -3.926991 0.000000
vt -26.025000 -3.926991 0.000000
vt -29.700000 -3.752458 0.000000
vt -26.025000 -3.752458 0.000000
vt -29.700000 -3.577925 0.000000
vt -26.025000 -3.577925 0.000000
vt -29.700000 -3.403392 0.000000
vt -26.025000 -3.403392 0.000000
vt -29.700000 -3.228859 0.000000
vt -26.025000 -3.228859 0.000000
vt -29.700000 -3.054326 0.000000
vt -26.025000 -3.054326 0.000000
vt -29.700000 -2.879793 0.000000
vt -26.025000 -2.879793 0.000000
vt -29.700000 -2.705260 0.000000
vt -26.025000 -2.705260 0.000000
vt -29.700000 -2.530727 0.000000
vt -26.025000 -2.530727 0.000000
vt -29.700000 -2.356194 0.000000
vt -26.025000 -2.356194 0.000000
vt -29.700000 -2.181662 0.000000
vt -26.025000 -2.181662 0.000000
vt -29.700000 -2.007129 0.000000
vt -26.025000 -2.007129 0.000000
vt -29.700000 -1.832596 0.000000
vt -26.025000 -1.832596 0.000000
vt -29.700000 -1.658063 0.000000
vt -26.025000 -1.658063 0.000000
vt -29.700000 -1.483530 0.000000
vt -26.025000 -1.483530 0.000000
vt -29.700000 -1.308997 0.000000
vt -26.025000 -1.308997 0.000000
vt -29.700000 -1.134464 0.000000
vt -26.025000 -1.134464 0.000000
vt -29.700000 -0.959931 0.000000
vt -26.025000 -0.959931 0.000000
vt -29.700000 -0.785398 0.000000
vt -26.025000 -0.785398 0.000000
vt -29.700000 -0.610865 0.000000
vt -26.025000 -0.610865 0.000000
vt -29.700000 -0.436332 0.000000
vt -26.025000 -0.436332 0.000000
vt -29.700000 -0.261799 0.000000
vt -26.025000 -0.261799 0.000000
vt -29.700000 -0.087266 0.000000
vt -26.025000 -0.087266 0.000000
vt -29.700000 0.087266 0.000000
vt -26.025000 0.087266 0.000000
vt -29.700000 0.261799 0.000000
vt -26.025000 0.261799 0.000000
vt -29.700000 0.436332 0.000000
vt -26.025000 0.436332 0.000000
vt -29.700000 0.610865 0.000000
vt -26.025000 0.610865 0.000000
vt -29.700000 0.785398 0.000000
vt -26.025000 0.785398 0.000000
vt -29.700000 0.959931 0.000000
vt -26.025000 0.959931 0.000000
vt -29.700000 1.134464 0.000000
vt -26.025000 1.134464 0.000000
vt -29.700000 1.308997 0.000000
vt -26.025000 1.308997 0.000000
vt -29.700000 1.483530 0.000000
vt -26.025000 1.483530 0.000000
vt -29.700000 1.658063 0.000000
vt -26.025000 1.658063 0.000000
vt -29.700000 1.832596 0.000000
vt -26.025000 1.832596 0.000000
vt -29.700000 2.007129 0.000000
vt -26.025000 2.007129 0.000000
vt -29.700000 2.181662 0.000000
vt -26.025000 2.181662 0.000000
vt -29.700000 2.356194 0.000000
vt -26.025000 2.356194 0.000000
vt -29.700000 2.530727 0.000000
vt -26.025000 2.530727 0.000000
vt -29.700000 2.705260 0.000000
vt -26.025000 2.705260 0.000000
vt -29.700000 2.879793 0.000000
vt -26.025000 2.879793 0.000000
vt -29.700000 3.054326 0.000000
vt -26.025000 3.054326 0.000000
vt -29.700000 3.228859 0.000000
vt -26.025000 3.228859 0.000000
vt -29.700000 3.403392 0.000000
vt -26.025000 3.403392 0.000000
vt -29.700000 3.577925 0.000000
vt -26.025000 3.577925 0.000000
vt -29.700000 3.752458 0.000000
vt -26.025000 3.752458 0.000000
vt -29.700000 3.926991 0.000000
vt -26.025000 3.926991 0.000000
vt -29.700000 4.101524 0.000000
vt -26.025000 4.101524 0.000000
vt -29.700000 4.276057 0.000000
vt -26.025000 4.276057 0.000000
vt -29.700000 4.450590 0.000000
vt -26.025000 4.450590 0.000000
vt -29.700000 4.625123 0.000000
vt -26.025000 4.625123 0.000000
vt -29.700000 4.799655 0.000000
vt -26.025000 4.799655 0.000000
vt -29.700000 4.974188 0.000000
vt -26.025000 4.974188 0.000000
vt -29.700000 5.148721 0.000000
vt -26.025000 5.148721 0.000000
vt -29.700000 5.323254 0.000000
vt -26.025000 5.323254 0.000000
vt -29.700000 5.497787 0.000000
vt -26.025000 5.497787 0.000000
vt -29.700000 5.672320 0.000000
vt -26.025000 5.672320 0.000000
vt -29.700000 5.846853 0.000000
vt -26.025000 5.846853 0.000000
vt -29.700000 6.021386 0.000000
vt -26.025000 6.021386 0.000000
vt -29.700000 6.195919 0.000000
vt -26.025000 6.195919 0.000000
vt -29.700000 6.370452 0.000000
vt -26.025000 6.370452 0.000000
vt -29.700000 6.544985 0.000000
vt -26.025000 6.544985 0.000000
vt -29.700000 6.719518 0.000000
vt -26.025000 6.719518 0.000000
vt -7.650000 7.068583 0.000000
vt -7.650000 6.894051 0.000000
vt -7.650000 6.719518 0.000000
vt -7.650000 6.544985 0.000000
vt -7.650000 6.370452 0.000000
vt -7.650000 6.195919 0.000000
vt -7.650000 6.021386 0.000000
vt -7.650000 5.846853 0.000000
vt -7.650000 5.672320 0.000000
vt -7.650000 5.497787 0.000000
vt -7.650000 5.323254 0.000000
vt -7.650000 5.148721 0.000000
vt -7.650000 4.974188 0.000000
vt -7.650000 4.799655 0.000000
vt -7.650000 4.625123 0.000000
vt -7.650000 4.450590 0.000000
vt -7.650000 4.276057 0.000000
vt -7.650000 4.101524 0.000000
vt -7.650000 3.926991 0.000000
vt -7.650000 3.752458 0.000000
vt -7.650000 3.577925 0.000000
vt -7.650000 3.403392 0.000000
vt -7.650000 3.228859 0.000000
vt -7.650000 3.054326 0.000000
vt -7.650000 2.879793 0.000000
vt -7.650000 2.705260 0.000000
vt -7.650000 2.530727 0.000000
vt -7.650000 2.356194 0.000000
vt -7.650000 2.181662 0.000000
vt -7.650000 2.007129 0.000000
vt -7.650000 1.832596 0.000000
vt -7.650000 1.658063 0.000000
vt -7.650000 1.483530 0.000000
vt -7.650000 1.308997 0.000000
vt -7.650000 1.134464 0.000000
vt -7.650000 0.959931 0.000000
vt -7.650000 0.785398 0.000000
vt -7.650000 0.610865 0.000000
vt -7.650000 0.436332 0.000000
vt -7.650000 0.261799 0.000000
vt -7.650000 0.087266 0.000000
vt -7.650000 -0.087266 0.000000
vt -7.650000 -0.261799 0.000000
vt -7.650000 -0.436332 0.000000
vt -7.650000 -0.610865 0.000000
vt -7.650000 -0.785398 0.000000
vt -7.650000 -0.959931 0.000000
vt -7.650000 -1.134464 0.000000
vt -7.650000 -1.308997 0.000000
vt -7.650000 -1.483530 0.000000
vt -7.650000 -1.658063 0.000000
vt -7.650000 -1.832596 0.000000
vt -7.650000 -2.007129 0.000000
vt -7.650000 -2.181662 0.000000
vt -7.650000 -2.356194 0.000000
vt -7.650000 -2.530727 0.000000
vt -7.650000 -2.705260 0.000000
vt -7.650000 -2.879793 0.000000
vt -7.650000 -3.054326 0.000000
vt -7.650000 -3.228859 0.000000
vt -7.650000 -3.403392 0.000000
vt -7.650000 -3.577925 0.000000
vt -7.650000 -3.752458 0.000000
vt -7.650000 -3.926991 0.000000
vt -7.650000 -4.101524 0.000000
vt -7.650000 -4.276057 0.000000
vt -7.650000 -4.450590 0.000000
vt -7.650000 -4.625123 0.000000
vt -7.650000 -4.799655 0.000000
vt -7.650000 -4.974188 0.000000
vt -7.650000 -5.148721 0.000000
vt -7.650000 -5.323254 0.000000
vt -7.650000 -5.497787 0.000000
vt -7.650000 -5.672320 0.000000
vt -7.650000 -5.846853 0.000000
vt -7.650000 -6.021386 0.000000
vt -7.650000 -6.195919 0.000000
vt -7.650000 -6.370452 0.000000
vt -7.650000 -6.544985 0.000000
vt -7.650000 -6.719518 0.000000
vt -7.650000 -6.894051 0.000000
vt -7.650000 -7.068583 0.000000
vt -11.325000 7.068583 0.000000
vt -11.325000 6.894051 0.000000
vt -11.325000 6.719518 0.000000
vt -11.325000 6.544985 0.000000
vt -11.325000 6.370452 0.000000
vt -11.325000 6.195919 0.000000
vt -11.325000 6.021386 0.000000
vt -11.325000 5.846853 0.000000
vt -11.325000 5.672320 0.000000
vt -11.325000 5.497787 0.000000
vt -11.325000 5.323254 0.000000
vt -11.325000 5.148721 0.000000
vt -11.325000 4.974188 0.000000
vt -11.325000 4.799655 0.000000
vt -11.325000 4.625123 0.000000
vt -11.325000 4.450590 0.000000
vt -11.325000 4.276057 0.000000
vt -11.325000 4.101524 0.000000
vt -11.325000 3.926991 0.000000
vt -11.325000 3.752458 0.000000
vt -11.325000 3.577925 0.000000
vt -11.325000 3.403392 0.000000
vt -11.325000 3.228859 0.000000
vt -11.325000 3.054326 0.000000
vt -11.325000 2.879793 0.000000
vt -11.325000 2.705260 0.000000
vt -11.325000 2.530727 0.000000
vt -11.325000 2.356194 0.000000
vt -11.325000 2.181662 0.000000
vt -11.325000 2.007129 0.000000
vt -11.325000 1.832596 0.000000
vt -11.325000 1.658063 0.000000
vt -11.325000 1.483530 0.000000
vt -11.325000 1.308997 0.000000
vt -11.325000 1.134464 0.000000
vt -11.325000 0.959931 0.000000
vt -11.325000 0.785398 0.000000
vt -11.325000 0.610865 0.000000
vt -11.325000 0.436332 0.000000
vt -11.325000 0.261799 0.000000
vt -11.325000 0.087266 0.000000
vt -11.325000 -0.087266 0.000000
vt -11.325000 -0.261799 0.000000
vt -11.325000 -0.436332 0.000000
vt -11.325000 -0.610865 0.000000
vt -11.325000 -0.785398 0.000000
vt -11.325000 -0.959931 0.000000
vt -11.325000 -1.134464 0.000000
vt -11.325000 -1.308997 0.000000
vt -11.325000 -1.483530 0.000000
vt -11.325000 -1.658063 0.000000
vt -11.325000 -1.832596 0.000000
vt -11.325000 -2.007129 0.000000
vt -11.325000 -2.181662 0.000000
vt -11.325000 -2.356194 0.000000
vt -11.325000 -2.530727 0.000000
vt -11.325000 -2.705260 0.000000
vt -11.325000 -2.879793 0.000000
vt -11.325000 -3.054326 0.000000
vt -11.325000 -3.228859 0.000000
vt -11.325000 -3.403392 0.000000
vt -11.325000 -3.577925 0.000000
vt -11.325000 -3.752458 0.000000
vt -11.325000 -3.926991 0.000000
vt -11.325000 -4.101524 0.000000
vt -11.325000 -4.276057 0.000000
vt -11.325000 -4.450590 0.000000
vt -11.325000 -4.625123 0.000000
vt -11.325000 -4.799655 0.000000
vt -11.325000 -4.974188 0.000000
vt -11.325000 -5.148721 0.000000
vt -11.325000 -5.323254 0.000000
vt -11.325000 -5.497787 0.000000
vt -11.325000 -5.672320 0.000000
vt -11.325000 -5.846853 0.000000
vt -11.325000 -6.021386 0.000000
vt -11.325000 -6.195919 0.000000
vt -11.325000 -6.370452 0.000000
vt -11.325000 -6.544985 0.000000
vt -11.325000 -6.719518 0.000000
vt -11.325000 -6.894051 0.000000
vt -11.325000 -7.068583 0.000000
vt -15.000000 7.068583 0.000000
vt -15.000000 6.894051 0.000000
vt -15.000000 6.719518 0.000000
vt -15.000000 6.544985 0.000000
vt -15.000000 6.370452 0.000000
vt -15.000000 6.195919 0.000000
vt -15.000000 6.021386 0.000000
vt -15.000000 5.846853 0.000000
vt -15.000000 5.672320 0.000000
vt -15.000000 5.497787 0.000000
vt -15.000000 5.323254 0.000000
vt -15.000000 5.148721 0.000000
vt -15.000000 4.974188 0.000000
vt -15.000000 4.799655 0.000000
vt -15.000000 4.625123 0.000000
vt -15.000000 4.450590 0.000000
vt -15.000000 4.276057 0.000000
vt -15.000000 4.101524 0.000000
vt -15.000000 3.926991 0.000000
vt -15.000000 3.752458 0.000000
vt -15.000000 3.577925 0.000000
vt -15.000000 3.403392 0.000000
vt -15.000000 3.228859 0.000000
vt -15.000000 3.054326 0.000000
vt -15.000000 2.879793 0.000000
vt -15.000000 2.705260 0.000000
vt -15.000000 2.530727 0.000000
vt -15.000000 2.356194 0.000000
vt -15.000000 2.181662 0.000000
vt -15.000000 2.007129 0.000000
vt -15.000000 1.832596 0.000000
vt -15.000000 1.658063 0.000000
vt -15.000000 1.483530 0.000000
vt -15.000000 1.308997 0.000000
vt -15.000000 1.134464 0.000000
vt -15.000000 0.959931 0.000000
vt -15.000000 0.785398 0.000000
vt -15.000000 0.610865 0.000000
vt -15.000000 0.436332 0.000000
vt -15.000000 0.261799 0.000000
vt -15.000000 0.087266 0.000000
vt -15.000000 -0.087266 0.000000
vt -15.000000 -0.261799 0.000000
vt -15.000000 -0.436332 0.000000
vt -15.000000 -0.610865 0.000000
vt -15.000000 -0.785398 0.000000
vt -15.000000 -0.959931 0.000000
vt -15.000000 -1.134464 0.000000
vt -15.000000 -1.308997 0.000000
vt -15.000000 -1.483530 0.000000
vt -15.000000 -1.658063 0.000000
vt -15.000000 -1.832596 0.000000
vt -15.000000 -2.007129 0.000000
vt -15.000000 -2.181662 0.000000
vt -15.000000 -2.356194 0.000000
vt -15.000000 -2.530727 0.000000
vt -15.000000 -2.705260 0.000000
vt -15.000000 -2.879793 0.000000
vt -15.000000 -3.054326 0.000000
vt -15.000000 -3.228859 0.000000
vt -15.000000 -3.403392 0.000000
vt -15.000000 -3.577925 0.000000
vt -15.000000 -3.752458 0.000000
vt -15.000000 -3.926991 0.000000
vt -15.000000 -4.101524 0.000000
vt -15.000000 -4.276057 0.000000
vt -15.000000 -4.450590 0.000000
vt -15.000000 -4.625123 0.000000
vt -15.000000 -4.799655 0.000000
vt -15.000000 -4.974188 0.000000
vt -15.000000 -5.148721 0.000000
vt -15.000000 -5.323254 0.000000
vt -15.000000 -5.497787 0.000000
vt -15.000000 -5.672320 0.000000
vt -15.000000 -5.846853 0.000000
vt -15.000000 -6.021386 0.000000
vt -15.000000 -6.195919 0.000000
vt -15.000000 -6.370452 0.000000
vt -15.000000 -6.544985 0.000000
vt -15.000000 -6.719518 0.000000
vt -15.000000 -6.894051 0.000000
vt -15.000000 -7.068583 0.000000
vt -18.675000 7.068583 0.000000
vt -18.675000 6.894051 0.000000
vt -18.675000 6.719518 0.000000
vt -18.675000 6.544985 0.000000
vt -18.675000 6.370452 0.000000
vt -18.675000 6.195919 0.000000
vt -18.675000 6.021386 0.000000
vt -18.675000 5.846853 0.000000
vt -18.675000 5.672320 0.000000
vt -18.675000 5.497787 0.000000
vt -18.675000 5.323254 0.000000
vt -18.675000 5.148721 0.000000
vt -18.675000 4.974188 0.000000
vt -18.675000 4.799655 0.000000
vt -18.675000 4.625123 0.000000
vt -18.675000 4.450590 0.000000
vt -18.675000 4.276057 0.000000
vt -18.675000 4.101524 0.000000
vt -18.675000 3.926991 0.000000
vt -18.675000 3.752458 0.000000
vt -18.675000 3.577925 0.000000
vt -18.675000 3.403392 0.000000
vt -18.675000 3.228859 0.000000
vt -18.675000 3.054326 0.000000
vt -18.675000 2.879793 0.000000
vt -18.675000 2.705260 0.000000
vt -18.675000 2.530727 0.000000
vt -18.675000 2.356194 0.000000
vt -18.675000 2.181662 0.000000
vt -18.675000 2.007129 0.000000
vt -18.675000 1.832596 0.000000
vt -18.675000 1.658063 0.000000
vt -18.675000 1.483530 0.000000
vt -18.675000 1.308997 0.000000
vt -18.675000 1.134464 0.000000
vt -18.675000 0.959931 0.000000
vt -18.675000 0.785398 0.000000
vt -18.675000 0.610865 0.000000
vt -18.675000 0.436332 0.000000
vt -18.675000 0.261799 0.000000
vt -18.675000 0.087266 0.000000
vt -18.675000 -0.087266 0.000000
vt -18.675000 -0.261799 0.000000
vt -18.675000 -0.436332 0.000000
vt -18.675000 -0.610865 0.000000
vt -18.675000 -0.785398 0.000000
vt -18.675000 -0.959931 0.000000
vt -18.675000 -1.134464 0.000000
vt -18.675000 -1.308997 0.000000
vt -18.675000 -1.483530 0.000000
vt -18.675000 -1.658063 0.000000
vt -18.675000 -1.832596 0.000000
vt -18.675000 -2.007129 0.000000
vt -18.675000 -2.181662 0.000000
vt -18.675000 -2.356194 0.000000
vt -18.675000 -2.530727 0.000000
vt -18.675000 -2.705260 0.000000
vt -18.675000 -2.879793 0.000000
vt -18.675000 -3.054326 0.000000
vt -18.675000 -3.228859 0.000000
vt -18.675000 -3.403392 0.000000
vt -18.675000 -3.577925 0.000000
vt -18.675000 -3.752458 0.000000
vt -18.675000 -3.926991 0.000000
vt -18.675000 -4.101524 0.000000
vt -18.675000 -4.276057 0.000000
vt -18.675000 -4.450590 0.000000
vt -18.675000 -4.625123 0.000000
vt -18.675000 -4.799655 0.000000
vt -18.675000 -4.974188 0.000000
vt -18.675000 -5.148721 0.000000
vt -18.675000 -5.323254 0.000000
vt -18.675000 -5.497787 0.000000
vt -18.675000 -5.672320 0.000000
vt -18.675000 -5.846853 0.000000
vt -18.675000 -6.021386 0.000000
vt -18.675000 -6.195919 0.000000
vt -18.675000 -6.370452 0.000000
vt -18.675000 -6.544985 0.000000
vt -18.675000 -6.719518 0.000000
vt -18.675000 -6.894051 0.000000
vt -18.675000 -7.068583 0.000000
vt -22.350000 7.068583 0.000000
vt -22.350000 6.894051 0.000000
vt -22.350000 6.719518 0.000000
vt -22.350000 6.544985 0.000000
vt -22.350000 6.370452 0.000000
vt -22.350000 6.195919 0.000000
vt -22.350000 6.021386 0.000000
vt -22.350000 5.846853 0.000000
vt -22.350000 5.672320 0.000000
vt -22.350000 5.497787 0.000000
vt -22.350000 5.323254 0.000000
vt -22.350000 5.148721 0.000000
vt -22.350000 4.974188 0.000000
vt -22.350000 4.799655 0.000000
vt -22.350000 4.625123 0.000000
vt -22.350000 4.450590 0.000000
vt -22.350000 4.276057 0.000000
vt -22.350000 4.101524 0.000000
vt -22.350000 3.926991 0.000000
vt -22.350000 3.752458 0.000000
vt -22.350000 3.577925 0.000000
vt -22.350000 3.403392 0.000000
vt -22.350000 3.228859 0.000000
vt -22.350000 3.054326 0.000000
vt -22.350000 2.879793 0.000000
vt -22.350000 2.705260 0.000000
vt -22.350000 2.530727 0.000000
vt -22.350000 2.356194 0.000000
vt -22.350000 2.181662 0.000000
vt -22.350000 2.007129 0.000000
vt -22.350000 1.832596 0.000000
vt -22.350000 1.658063 0.000000
vt -22.350000 1.483530 0.000000
vt -22.350000 1.308997 0.000000
vt -22.350000 1.134464 0.000000
vt -22.350000 0.959931 0.000000
vt -22.350000 0.785398 0.000000
vt -22.350000 0.610865 0.000000
vt -22.350000 0.436332 0.000000
vt -22.350000 0.261799 0.000000
vt -22.350000 0.087266 0.000000
vt -22.350000 -0.087266 0.000000
vt -22.350000 -0.261799 0.000000
vt -22.350000 -0.436332 0.000000
vt -22.350000 -0.610865 0.000000
vt -22.350000 -0.785398 0.000000
vt -22.350000 -0.959931 0.000000
vt -22.350000 -1.134464 0.000000
vt -22.350000 -1.308997 0.000000
vt -22.350000 -1.483530 0.000000
vt -22.350000 -1.658063 0.000000
vt -22.350000 -1.832596 0.000000
vt -22.350000 -2.007129 0.000000
vt -22.350000 -2.181662 0.000000
vt -22.350000 -2.356194 0.000000
vt -22.350000 -2.530727 0.000000
vt -22.350000 -2.705260 0.000000
vt -22.350000 -2.879793 0.000000
vt -22.350000 -3.054326 0.000000
vt -22.350000 -3.228859 0.000000
vt -22.350000 -3.403392 0.000000
vt -22.350000 -3.577925 0.000000
vt -22.350000 -3.752458 0.000000
vt -22.350000 -3.926991 0.000000
vt -22.350000 -4.101524 0.000000
vt -22.350000 -4.276057 0.000000
vt -22.350000 -4.450590 0.000000
vt -22.350000 -4.625123 0.000000
vt -22.350000 -4.799655 0.000000
vt -22.350000 -4.974188 0.000000
vt -22.350000 -5.148721 0.000000
vt -22.350000 -5.323254 0.000000
vt -22.350000 -5.497787 0.000000
vt -22.350000 -5.672320 0.000000
vt -22.350000 -5.846853 0.000000
vt -22.350000 -6.021386 0.000000
vt -22.350000 -6.195919 0.000000
vt -22.350000 -6.370452 0.000000
vt -22.350000 -6.544985 0.000000
vt -22.350000 -6.719518 0.000000
vt -22.350000 -6.894051 0.000000
vt -22.350000 -7.068583 0.000000
vn 0.000000 -0.100000 0.000000
vn 0.000000 -0.100000 0.000000
vn 0.000000 -0.100000 0.000000
vn 0.000000 -0.100000 0.000000
vn 0.000000 0.000000 -0.100000
vn 0.000000 0.000000 -0.100000
vn 0.000000 0.000000 -0.100000
vn 0.000000 0.000000 -0.100000
vn 0.000000 0.000000 -0.100000
vn 0.000000 0.000000 -0.100000
vn 0.000000 0.000000 -0.100000
vn 0.000000 0.000000 -0.100000
vn 0.000000 0.000000 -0.100000
vn 0.000000 0.000000 -0.100000
vn 0.000000 0.000000 -0.100000
vn 0.000000 0.000000 -0.100000
vn 0.000000 0.000000 -0.100000
vn 0.000000 0.000000 -0.100000
vn 0.000000 0.000000 -0.100000
vn 0.000000 0.000000 -0.100000
vn 0.000000 0.000000 -0.100000
vn 0.000000 0.000000 -0.100000
vn 0.000000 0.000000 -0.100000
vn 0.000000 0.000000 -0.100000
vn 0.000000 0.000000 -0.100000
vn 0.000000 0.000000 -0.100000
vn 0.000000 0.000000 -0.100000
vn 0.000000 0.000000 -0.100000
vn 0.000000 0.000000 -0.100000
vn 0.000000 0.000000 -0.100000
vn 0.000000 0.000000 -0.100000
vn 0.000000 0.000000 -0.100000
vn 0.000000 0.000000 -0.100000
vn 0.000000 0.000000 -0.100000
vn 0.000000 0.000000 -0.100000
vn 0.000000 0.000000 -0.100000
vn 0.000000 0.000000 -0.100000
vn 0.000000 0.000000 -0.100000
vn 0.000000 0.000000 -0.100000
vn 0.000000 0.000000 -0.100000
vn 0.000000 0.000000 -0.100000
vn 0.000000 0.000000 -0.100000
vn 0.000000 0.000000 -0.100000
vn 0.000000 0.000000 -0.100000
vn 0.000000 0.000000 -0.100000
vn 0.000000 0.000000 -0.100000
vn 0.000000 0.000000 -0.100000
vn 0.000000 0.000000 -0.100000
vn 0.000000 0.000000 -0.100000
vn 0.000000 0.000000 -0.100000
vn 0.000000 0.000000 -0.100000
vn 0.000000 0.000000 -0.100000
vn 0.000000 0.000000 -0.100000
vn 0.000000 0.000000 -0.100000
vn 0.000000 0.000000 -0.100000
vn 0.000000 0.000000 -0.100000
vn 0.000000 0.000000 -0.100000
vn 0.000000 0.000000 -0.100000
vn 0.000000 0.000000 -0.100000
vn 0.000000 0.000000 -0.100000
vn 0.000000 0.000000 -0.100000
vn 0.000000 0.000000 -0.100000
vn 0.000000 0.000000 -0.100000
vn 0.000000 0.000000 -0.100000
vn 0.000000 0.000000 -0.100000
vn 0.000000 0.000000 -0.100000
vn 0.000000 0.000000 -0.100000
vn 0.000000 0.000000 -0.100000
vn 0.000000 0.000000 -0.100000
vn 0.000000 0.000000 -0.100000
vn 0.000000 0.000000 -0.100000
vn 0.000000 0.000000 -0.100000
vn 0.000000 0.000000 -0.100000
vn 0.000000 0.000000 -0.100000
vn 0.000000 0.000000 -0.100000
vn 0.000000 0.000000 -0.100000
vn 0.000000 0.000000 -0.100000
vn 0.000000 0.000000 -0.100000
vn 0.000000 0.000000 -0.100000
vn 0.000000 0.000000 -0.100000
vn 0.000000 0.000000 -0.100000
vn 0.000000 0.000000 -0.100000
vn 0.000000 0.000000 -0.100000
vn 0.000000 0.000000 -0.100000
vn 0.000000 0.000000 -0.100000
vn 0.000000 0.000000 -0.100000
vn 0.000000 0.000000 -0.100000
vn 0.000000 0.000000 -0.100000
vn 0.000000 0.000000 -0.100000
vn 0.000000 0.000000 -0.100000
vn 0.000000 0.000000 -0.100000
vn 0.000000 0.000000 -0.100000
vn 0.000000 0.000000 -0.100000
vn 0.000000 0.000000 -0.100000
vn 0.000000 0.000000 -0.100000
vn 0.000000 0.000000 -0.100000
vn 0.000000 0.000000 -0.100000
vn 0.000000 0.000000 -0.100000
vn 0.000000 0.000000 -0.100000
vn 0.000000 0.000000 -0.100000
vn 0.000000 0.000000 -0.100000
vn 0.000000 0.000000 -0.100000
vn 0.000000 0.000000 -0.100000
vn 0.000000 0.000000 -0.100000
vn 0.000000 0.000000 -0.100000
vn 0.000000 0.000000 -0.100000
vn 0.000000 0.000000 -0.100000
vn 0.000000 0.000000 -0.100000
vn 0.000000 0.000000 -0.100000
vn 0.000000 0.000000 -0.100000
vn 0.000000 0.000000 -0.100000
vn 0.000000 0.000000 -0.100000
vn 0.000000 0.000000 -0.100000
vn 0.000000 0.000000 -0.100000
vn 0.000000 0.000000 -0.100000
vn 0.000000 0.000000 -0.100000
vn 0.000000 0.000000 -0.100000
vn 0.000000 0.000000 -0.100000
vn 0.000000 0.000000 -0.100000
vn 0.000000 0.000000 -0.100000
vn 0.000000 0.000000 -0.100000
vn 0.000000 0.000000 -0.100000
vn 0.000000 0.000000 -0.100000
vn 0.000000 0.000000 -0.100000
vn 0.000000 0.000000 -0.100000
vn 0.000000 0.000000 -0.100000
vn 0.000000 0.000000 -0.100000
vn 0.000000 0.000000 -0.100000
vn 0.000000 0.000000 -0.100000
vn 0.000000 0.000000 -0.100000
vn 0.000000 0.000000 -0.100000
vn 0.000000 0.000000 -0.100000
vn 0.000000 0.000000 -0.100000
vn 0.000000 0.000000 -0.100000
vn 0.000000 0.000000 -0.100000
vn 0.000000 0.000000 -0.100000
vn 0.000000 0.000000 -0.100000
vn 0.000000 0.000000 -0.100000
vn 0.000000 0.000000 -0.100000
vn 0.000000 0.000000 -0.100000
vn 0.000000 0.000000 -0.100000
vn 0.000000 0.000000 -0.100000
vn 0.000000 0.000000 -0.100000
vn 0.000000 0.000000 -0.100000
vn 0.000000 0.000000 -0.100000
vn 0.000000 0.000000 -0.100000
vn 0.000000 0.000000 -0.100000
vn 0.000000 0.000000 -0.100000
vn 0.000000 0.000000 -0.100000
vn 0.000000 0.000000 -0.100000
vn 0.000000 0.000000 -0.100000
vn 0.000000 0.000000 -0.100000
vn 0.000000 0.000000 -0.100000
vn 0.000000 0.000000 -0.100000
vn 0.000000 0.000000 -0.100000
vn 0.000000 0.000000 -0.100000
vn 0.000000 0.000000 -0.100000
vn 0.000000 0.000000 -0.100000
vn 0.000000 0.000000 -0.100000
vn 0.000000 0.000000 -0.100000
vn 0.000000 0.000000 -0.100000
vn 0.000000 0.000000 -0.100000
vn 0.000000 0.000000 -0.100000
vn 0.000000 0.000000 -0.100000
vn 0.000000 0.000000 -0.100000
vn 0.000000 0.000000 -0.100000
vn 0.000000 0.000000 -0.100000
vn 0.000000 0.000000 -0.100000
vn 0.000000 0.000000 -0.100000
vn 0.000000 0.000000 -0.100000
vn 0.000000 0.000000 -0.100000
vn 0.000000 0.000000 -0.100000
vn 0.000000 0.000000 -0.100000
vn 0.000000 0.000000 -0.100000
vn 0.000000 0.000000 -0.100000
vn 0.000000 0.000000 -0.100000
vn 0.000000 0.000000 -0.100000
vn 0.000000 0.000000 -0.100000
vn 0.000000 0.000000 -0.100000
vn 0.000000 0.000000 -0.100000
vn 0.000000 0.000000 -0.100000
vn 0.000000 0.000000 -0.100000
vn 0.000000 0.000000 -0.100000
vn 0.000000 0.000000 -0.100000
vn 0.000000 0.000000 -0.100000
vn 0.000000 0.000000 -0.100000
vn 0.000000 0.000000 -0.100000
vn 0.000000 0.000000 -0.100000
vn 0.000000 0.000000 -0.100000
vn 0.000000 0.000000 -0.100000
vn 0.000000 0.000000 -0.100000
vn 0.000000 0.000000 -0.100000
vn 0.000000 0.000000 -0.100000
vn 0.000000 0.000000 -0.100000
vn 0.000000 0.000000 -0.100000
vn 0.000000 0.000000 -0.100000
vn 0.000000 0.000000 -0.100000
vn 0.000000 0.000000 -0.100000
vn 0.000000 0.000000 -0.100000
vn 0.000000 0.000000 -0.100000
vn 0.000000 0.000000 -0.100000
vn 0.000000 0.000000 -0.100000
vn 0.000000 0.000000 -0.100000
vn 0.000000 0.000000 -0.100000
vn 0.000000 0.000000 -0.100000
vn 0.000000 0.000000 -0.100000
vn 0.000000 0.000000 -0.100000
vn 0.000000 0.000000 -0.100000
vn 0.000000 0.000000 -0.100000
vn 0.000000 0.000000 -0.100000
vn 0.000000 0.000000 -0.100000
vn 0.000000 0.000000 -0.100000
vn 0.000000 0.000000 -0.100000
vn 0.000000 0.000000 -0.100000
vn 0.000000 0.000000 -0.100000
vn 0.000000 0.000000 -0.100000
vn 0.000000 0.000000 -0.100000
vn 0.000000 0.000000 -0.100000
vn 0.000000 0.000000 -0.100000
vn 0.000000 0.000000 -0.100000
vn 0.000000 0.000000 -0.100000
vn 0.000000 0.000000 -0.100000
vn 0.000000 0.000000 -0.100000
vn 0.000000 0.000000 -0.100000
vn 0.000000 0.000000 -0.100000
vn 0.000000 0.000000 -0.100000
vn 0.000000 0.000000 -0.100000
vn 0.000000 0.000000 -0.100000
vn 0.000000 0.000000 -0.100000
vn 0.000000 0.000000 -0.100000
vn 0.000000 0.000000 -0.100000
vn 0.000000 0.000000 -0.100000
vn 0.000000 0.000000 -0.100000
vn 0.000000 0.000000 -0.100000
vn 0.000000 0.000000 -0.100000
vn 0.000000 0.000000 -0.100000
vn 0.000000 0.000000 -0.100000
vn 0.000000 0.000000 -0.100000
vn 0.000000 0.000000 -0.100000
vn 0.000000 0.000000 -0.100000
vn 0.000000 0.000000 -0.100000
vn 0.000000 0.000000 -0.100000
vn 0.000000 0.000000 -0.100000
vn 0.000000 0.000000 -0.100000
vn 0.000000 0.000000 -0.100000
vn 0.000000 0.000000 -0.100000
vn 0.000000 0.000000 -0.100000
vn 0.000000 0.000000 -0.100000
vn 0.000000 0.000000 -0.100000
vn 0.000000 0.000000 -0.100000
vn 0.000000 0.000000 -0.100000
vn 0.000000 0.000000 -0.100000
vn 0.000000 0.000000 -0.100000
vn 0.000000 0.000000 -0.100000
vn 0.000000 0.000000 -0.100000
vn 0.000000 0.000000 -0.100000
vn 0.000000 0.000000 -0.100000
vn 0.000000 0.000000 -0.100000
vn 0.000000 0.000000 -0.100000
vn 0.000000 0.000000 -0.100000
vn 0.000000 0.000000 -0.100000
vn 0.000000 0.000000 -0.100000
vn 0.000000 0.000000 -0.100000
vn 0.000000 0.000000 -0.100000
vn 0.000000 0.000000 -0.100000
vn 0.000000 0.000000 -0.100000
vn 0.000000 0.000000 -0.100000
vn 0.000000 0.000000 -0.100000
vn 0.000000 0.000000 -0.100000
vn 0.000000 0.000000 -0.100000
vn 0.000000 0.000000 -0.100000
vn 0.000000 0.000000 -0.100000
vn 0.000000 0.000000 -0.100000
vn 0.000000 0.000000 -0.100000
vn 0.000000 0.000000 -0.100000
vn 0.000000 0.000000 -0.100000
vn 0.000000 0.000000 -0.100000
vn 0.000000 0.000000 -0.100000
vn 0.000000 0.000000 -0.100000
vn 0.000000 0.000000 -0.100000
vn 0.000000 0.000000 -0.100000
vn 0.000000 0.000000 -0.100000
vn 0.000000 0.000000 -0.100000
vn 0.000000 0.000000 -0.100000
vn 0.000000 0.000000 -0.100000
vn 0.000000 0.000000 -0.100000
vn 0.000000 0.000000 -0.100000
vn 0.000000 0.000000 -0.100000
vn 0.000000 0.000000 -0.100000
vn 0.099699 -0.007749 0.000000
vn 0.098246 -0.006794 0.017365
vn 0.100000 -0.000000 0.000000
vn 0.098481 -0.000000 0.017365
vn 0.098246 0.006794 0.017365
vn 0.093969 0.000000 0.034202
vn 0.093745 0.006483 0.034202
vn 0.086603 0.000000 0.050000
vn 0.086396 0.005975 0.050000
vn 0.076604 0.000000 0.064279
vn 0.076422 0.005285 0.064279
vn 0.064279 0.000000 0.076604
vn 0.064126 0.004435 0.076604
vn 0.050000 0.000000 0.086603
vn 0.049881 0.003450 0.086603
vn 0.034202 0.000000 0.093969
vn 0.034121 0.002360 0.093969
vn 0.017365 0.000000 0.098481
vn 0.017323 0.001198 0.098481
vn -0.000000 -0.000000 0.100000
vn 0.000000 0.000000 0.100000
vn 0.097543 -0.013556 0.017365
vn 0.098799 -0.015452 0.000000
vn 0.096376 -0.020254 0.017365
vn 0.097304 -0.023062 0.000000
vn 0.094749 -0.026854 0.017365
vn 0.095225 -0.030533 0.000000
vn 0.092670 -0.033327 0.017365
vn 0.092572 -0.037820 0.000000
vn 0.090150 -0.039641 0.017365
vn 0.089363 -0.044880 0.000000
vn 0.087200 -0.045766 0.017365
vn 0.085617 -0.051670 0.000000
vn 0.083835 -0.051673 0.017365
vn 0.081355 -0.058149 0.000000
vn 0.080070 -0.057334 0.017365
vn 0.075924 -0.062722 0.017365
vn 0.072446 -0.059848 0.034202
vn 0.068144 -0.064704 0.034202
vn 0.062802 -0.059631 0.050000
vn 0.058538 -0.063822 0.050000
vn 0.051780 -0.056454 0.064279
vn 0.047762 -0.059892 0.064279
vn 0.040077 -0.050255 0.076604
vn 0.036514 -0.052900 0.076604
vn 0.028403 -0.041149 0.086603
vn 0.025497 -0.043011 0.086603
vn 0.017441 -0.029421 0.093969
vn 0.015369 -0.030554 0.093969
vn 0.007803 -0.015513 0.098481
vn 0.006714 -0.016014 0.098481
vn -0.000000 0.000000 0.100000
vn -0.000000 0.000000 0.100000
vn 0.005594 -0.016439 0.098481
vn 0.004446 -0.016786 0.098481
vn 0.011017 -0.032379 0.093969
vn 0.008757 -0.033062 0.093969
vn 0.016106 -0.047335 0.086603
vn 0.012802 -0.048333 0.086603
vn 0.020706 -0.060853 0.076604
vn 0.016458 -0.062136 0.076604
vn 0.024676 -0.072521 0.064279
vn 0.019614 -0.074051 0.064279
vn 0.027896 -0.081987 0.050000
vn 0.022174 -0.083716 0.050000
vn 0.030269 -0.088961 0.034202
vn 0.024060 -0.090837 0.034202
vn 0.031723 -0.093232 0.017365
vn 0.025215 -0.095198 0.017365
vn 0.032373 -0.094615 0.000000
vn 0.024944 -0.096839 0.000000
vn 0.076604 -0.064279 0.000000
vn 0.071416 -0.067810 0.017365
vn 0.063518 -0.069251 0.034202
vn 0.053996 -0.067709 0.050000
vn 0.043516 -0.063044 0.064279
vn 0.032778 -0.055294 0.076604
vn 0.022469 -0.044667 0.086603
vn 0.013225 -0.031542 0.093969
vn 0.071393 -0.070022 0.000000
vn 0.066567 -0.072576 0.017365
vn 0.058589 -0.073468 0.034202
vn 0.049196 -0.071272 0.050000
vn 0.039063 -0.065896 0.064279
vn 0.028885 -0.057423 0.076604
vn 0.019333 -0.046111 0.086603
vn 0.065752 -0.075344 0.000000
vn 0.061402 -0.076995 0.017365
vn 0.053381 -0.077335 0.034202
vn 0.044161 -0.074497 0.050000
vn 0.034424 -0.068434 0.064279
vn 0.024854 -0.059279 0.076604
vn 0.059716 -0.080212 0.000000
vn 0.055943 -0.081048 0.017365
vn 0.047918 -0.080834 0.034202
vn 0.038917 -0.077366 0.050000
vn 0.029620 -0.070646 0.064279
vn 0.053320 -0.084599 0.000000
vn 0.050219 -0.084715 0.017365
vn 0.042227 -0.083947 0.034202
vn 0.033486 -0.079867 0.050000
vn 0.046604 -0.088476 0.000000
vn 0.044254 -0.087977 0.017365
vn 0.036335 -0.086660 0.034202
vn 0.039608 -0.091822 0.000000
vn 0.038079 -0.090821 0.017365
vn 0.018587 -0.096711 0.017365
vn 0.017365 -0.098481 0.000000
vn 0.011871 -0.097763 0.017365
vn 0.009681 -0.099530 0.000000
vn 0.005097 -0.098349 0.017365
vn 0.001939 -0.099981 0.000000
vn -0.001700 -0.098466 0.017365
vn -0.005814 -0.099831 0.000000
vn -0.008489 -0.098114 0.017365
vn -0.013533 -0.099080 0.000000
vn -0.015238 -0.097295 0.017365
vn -0.021170 -0.097733 0.000000
vn -0.021914 -0.096012 0.017365
vn -0.028680 -0.095799 0.000000
vn -0.028486 -0.094271 0.017365
vn -0.034922 -0.092081 0.017365
vn -0.033322 -0.087863 0.034202
vn -0.039304 -0.085355 0.034202
vn -0.036223 -0.078663 0.050000
vn -0.041564 -0.075977 0.050000
vn -0.036765 -0.067205 0.064279
vn -0.041314 -0.064509 0.064279
vn -0.034667 -0.054129 0.076604
vn -0.038319 -0.051609 0.076604
vn -0.029807 -0.040144 0.086603
vn -0.032505 -0.037992 0.086603
vn -0.022235 -0.025988 0.093969
vn -0.023975 -0.024392 0.093969
vn -0.012172 -0.012384 0.098481
vn -0.012998 -0.011515 0.098481
vn 0.000000 0.000000 0.100000
vn 0.000000 0.000000 0.100000
vn -0.013761 -0.010591 0.098481
vn -0.014459 -0.009616 0.098481
vn -0.027104 -0.020860 0.093969
vn -0.028479 -0.018940 0.093969
vn -0.039624 -0.030495 0.086603
vn -0.041633 -0.027689 0.086603
vn -0.050939 -0.039204 0.076604
vn -0.053523 -0.035596 0.076604
vn -0.060707 -0.046721 0.064279
vn -0.063786 -0.042422 0.064279
vn -0.068631 -0.052819 0.050000
vn -0.072111 -0.047958 0.050000
vn -0.074468 -0.057312 0.034202
vn -0.078245 -0.052038 0.034202
vn -0.078044 -0.060064 0.017365
vn -0.082002 -0.054536 0.017365
vn -0.079039 -0.061260 0.000000
vn -0.083549 -0.054951 0.000000
vn -0.036018 -0.093288 0.000000
vn -0.041191 -0.089452 0.017365
vn -0.045099 -0.082439 0.034202
vn -0.046706 -0.072928 0.050000
vn -0.045666 -0.061505 0.064279
vn -0.041788 -0.048842 0.076604
vn -0.035049 -0.035659 0.086603
vn -0.025601 -0.022680 0.093969
vn -0.043139 -0.090217 0.000000
vn -0.047265 -0.086397 0.017365
vn -0.050680 -0.079132 0.034202
vn -0.051627 -0.069532 0.050000
vn -0.049801 -0.058208 0.064279
vn -0.045058 -0.045843 0.076604
vn -0.037426 -0.033156 0.086603
vn -0.050000 -0.086603 0.000000
vn -0.053113 -0.082931 0.017365
vn -0.056018 -0.075447 0.034202
vn -0.056301 -0.065805 0.050000
vn -0.053698 -0.054633 0.064279
vn -0.048113 -0.042625 0.076604
vn -0.056561 -0.082468 0.000000
vn -0.058708 -0.079069 0.017365
vn -0.061090 -0.071402 0.034202
vn -0.060706 -0.061763 0.050000
vn -0.057339 -0.050798 0.064279
vn -0.062781 -0.077836 0.000000
vn -0.064023 -0.074830 0.017365
vn -0.065870 -0.067017 0.034202
vn -0.064823 -0.057428 0.050000
vn -0.068624 -0.072737 0.000000
vn -0.069033 -0.070235 0.017365
vn -0.070337 -0.062313 0.034202
vn -0.074054 -0.067201 0.000000
vn -0.073714 -0.065305 0.017365
vn -0.085569 -0.048749 0.017365
vn -0.087556 -0.048311 0.000000
vn -0.088728 -0.042729 0.017365
vn -0.091036 -0.041381 0.000000
vn -0.091465 -0.036506 0.017365
vn -0.093969 -0.034202 0.000000
vn -0.093765 -0.030109 0.017365
vn -0.096337 -0.026817 0.000000
vn -0.095619 -0.023568 0.017365
vn -0.098126 -0.019271 0.000000
vn -0.097017 -0.016915 0.017365
vn -0.099324 -0.011609 0.000000
vn -0.097953 -0.010181 0.017365
vn -0.099925 -0.003878 0.000000
vn -0.098422 -0.003399 0.017365
vn -0.099925 0.003878 0.000000
vn -0.098422 0.003399 0.017365
vn -0.097953 0.010181 0.017365
vn -0.093466 0.009715 0.034202
vn -0.092573 0.016140 0.034202
vn -0.085316 0.014875 0.050000
vn -0.084086 0.020725 0.050000
vn -0.074378 0.018333 0.064279
vn -0.072936 0.023420 0.064279
vn -0.061201 0.019652 0.076604
vn -0.059699 0.023828 0.076604
vn -0.046438 0.018535 0.086603
vn -0.045048 0.021694 0.086603
vn -0.030815 0.014840 0.093969
vn -0.029718 0.016930 0.093969
vn -0.015088 0.008596 0.098481
vn -0.014459 0.009616 0.098481
vn 0.000000 -0.000000 0.100000
vn 0.000000 -0.000000 0.100000
vn -0.013761 0.010591 0.098481
vn -0.012998 0.011515 0.098481
vn -0.027104 0.020860 0.093969
vn -0.025601 0.022680 0.093969
vn -0.039624 0.030495 0.086603
vn -0.037426 0.033156 0.086603
vn -0.050939 0.039204 0.076604
vn -0.048113 0.042625 0.076604
vn -0.060707 0.046721 0.064279
vn -0.057339 0.050798 0.064279
vn -0.068631 0.052819 0.050000
vn -0.064823 0.057428 0.050000
vn -0.074468 0.057312 0.034202
vn -0.070337 0.062313 0.034202
vn -0.078044 0.060064 0.017365
vn -0.073714 0.065305 0.017365
vn -0.079039 0.061260 0.000000
vn -0.074054 0.067201 0.000000
vn -0.099324 0.011609 0.000000
vn -0.097017 0.016915 0.017365
vn -0.091239 0.022488 0.034202
vn -0.082456 0.026477 0.050000
vn -0.071147 0.028397 0.064279
vn -0.057913 0.027890 0.076604
vn -0.043444 0.024750 0.086603
vn -0.028479 0.018940 0.093969
vn -0.098126 0.019271 0.000000
vn -0.095619 0.023568 0.017365
vn -0.089470 0.028729 0.034202
vn -0.080433 0.032103 0.050000
vn -0.069018 0.033237 0.064279
vn -0.055851 0.031819 0.076604
vn -0.041633 0.027689 0.086603
vn -0.096337 0.026817 0.000000
vn -0.093765 0.030109 0.017365
vn -0.087275 0.034834 0.034202
vn -0.078026 0.037575 0.050000
vn -0.066561 0.037920 0.064279
vn -0.053523 0.035596 0.076604
vn -0.093969 0.034202 0.000000
vn -0.091465 0.036506 0.017365
vn -0.084663 0.040772 0.034202
vn -0.075248 0.042869 0.050000
vn -0.063786 0.042422 0.064279
vn -0.091036 0.041381 0.000000
vn -0.088728 0.042729 0.017365
vn -0.081649 0.046516 0.034202
vn -0.072111 0.047958 0.050000
vn -0.087556 0.048311 0.000000
vn -0.085569 0.048749 0.017365
vn -0.078245 0.052038 0.034202
vn -0.083549 0.054951 0.000000
vn -0.082002 0.054536 0.017365
vn -0.069033 0.070235 0.017365
vn -0.068624 0.072737 0.000000
vn -0.064023 0.074830 0.017365
vn -0.062781 0.077836 0.000000
vn -0.058708 0.079069 0.017365
vn -0.056561 0.082468 0.000000
vn -0.053113 0.082931 0.017365
vn -0.050000 0.086603 0.000000
vn -0.047265 0.086397 0.017365
vn -0.043139 0.090217 0.000000
vn -0.041191 0.089452 0.017365
vn -0.036018 0.093288 0.000000
vn -0.034922 0.092081 0.017365
vn -0.028680 0.095799 0.000000
vn -0.028486 0.094271 0.017365
vn -0.021914 0.096012 0.017365
vn -0.020910 0.091613 0.034202
vn -0.014540 0.092838 0.034202
vn -0.013400 0.085560 0.050000
vn -0.007465 0.086280 0.050000
vn -0.006603 0.076319 0.064279
vn -0.001322 0.076593 0.064279
vn -0.001109 0.064269 0.076604
vn 0.003327 0.064193 0.076604
vn 0.002588 0.049933 0.086603
vn 0.006027 0.049635 0.086603
vn 0.004123 0.033953 0.093969
vn 0.006455 0.033587 0.093969
vn 0.003277 0.017053 0.098481
vn 0.004446 0.016786 0.098481
vn -0.000000 -0.000000 0.100000
vn -0.000000 -0.000000 0.100000
vn 0.005594 0.016439 0.098481
vn 0.006714 0.016014 0.098481
vn 0.011017 0.032379 0.093969
vn 0.013225 0.031542 0.093969
vn 0.016106 0.047335 0.086603
vn 0.019333 0.046111 0.086603
vn 0.020706 0.060853 0.076604
vn 0.024854 0.059279 0.076604
vn 0.024676 0.072521 0.064279
vn 0.029620 0.070646 0.064279
vn 0.027896 0.081987 0.050000
vn 0.033486 0.079867 0.050000
vn 0.030269 0.088961 0.034202
vn 0.036335 0.086660 0.034202
vn 0.031723 0.093232 0.017365
vn 0.038079 0.090821 0.017365
vn 0.032373 0.094615 0.000000
vn 0.039608 0.091822 0.000000
vn -0.021170 0.097733 0.000000
vn -0.015238 0.097295 0.017365
vn -0.008100 0.093619 0.034202
vn -0.001495 0.086590 0.050000
vn 0.003965 0.076502 0.064279
vn 0.007748 0.063810 0.076604
vn 0.009437 0.049101 0.086603
vn 0.008757 0.033062 0.093969
vn -0.013533 0.099080 0.000000
vn -0.008489 0.098114 0.017365
vn -0.001622 0.093955 0.034202
vn 0.004483 0.086486 0.050000
vn 0.009234 0.076046 0.064279
vn 0.012132 0.063124 0.076604
vn 0.012802 0.048333 0.086603
vn -0.005814 0.099831 0.000000
vn -0.001700 0.098466 0.017365
vn 0.004864 0.093843 0.034202
vn 0.010439 0.085971 0.050000
vn 0.014458 0.075228 0.064279
vn 0.016458 0.062136 0.076604
vn 0.001939 0.099981 0.000000
vn 0.005097 0.098349 0.017365
vn 0.011327 0.093284 0.034202
vn 0.016345 0.085046 0.050000
vn 0.019614 0.074051 0.064279
vn 0.009681 0.099530 0.000000
vn 0.011871 0.097763 0.017365
vn 0.017736 0.092280 0.034202
vn 0.022174 0.083716 0.050000
vn 0.017365 0.098481 0.000000
vn 0.018587 0.096711 0.017365
vn 0.024060 0.090837 0.034202
vn 0.024944 0.096839 0.000000
vn 0.025215 0.095198 0.017365
vn 0.044254 0.087977 0.017365
vn 0.046604 0.088476 0.000000
vn 0.050219 0.084715 0.017365
vn 0.053320 0.084599 0.000000
vn 0.055943 0.081048 0.017365
vn 0.059716 0.080212 0.000000
vn 0.061402 0.076995 0.017365
vn 0.065752 0.075344 0.000000
vn 0.066567 0.072576 0.017365
vn 0.071393 0.070022 0.000000
vn 0.071416 0.067810 0.017365
vn 0.076604 0.064279 0.000000
vn 0.075924 0.062722 0.017365
vn 0.081355 0.058149 0.000000
vn 0.080070 0.057334 0.017365
vn 0.083835 0.051673 0.017365
vn 0.079995 0.049306 0.034202
vn 0.083206 0.043670 0.034202
vn 0.076683 0.040246 0.050000
vn 0.079277 0.034860 0.050000
vn 0.070124 0.030835 0.064279
vn 0.072085 0.025924 0.064279
vn 0.060486 0.021753 0.076604
vn 0.061843 0.017528 0.076604
vn 0.048105 0.013634 0.086603
vn 0.048931 0.010283 0.086603
vn 0.033471 0.007034 0.093969
vn 0.033876 0.004708 0.093969
vn 0.017200 0.002390 0.098481
vn 0.085617 0.051670 0.000000
vn 0.087200 0.045766 0.017365
vn 0.086020 0.037825 0.034202
vn 0.081493 0.029307 0.050000
vn 0.073701 0.020889 0.064279
vn 0.062905 0.013220 0.076604
vn 0.049524 0.006883 0.086603
vn 0.089363 0.044880 0.000000
vn 0.090150 0.039641 0.017365
vn 0.088425 0.031800 0.034202
vn 0.083321 0.023615 0.050000
vn 0.074967 0.015754 0.064279
vn 0.063667 0.008848 0.076604
vn 0.092572 0.037820 0.000000
vn 0.092670 0.033327 0.017365
vn 0.090408 0.025624 0.034202
vn 0.084751 0.017811 0.050000
vn 0.075875 0.010545 0.064279
vn 0.095225 0.030533 0.000000
vn 0.094749 0.026854 0.017365
vn 0.091961 0.019326 0.034202
vn 0.085778 0.011921 0.050000
vn 0.097304 0.023062 0.000000
vn 0.096376 0.020254 0.017365
vn 0.093075 0.012935 0.034202
vn 0.098799 0.015452 0.000000
vn 0.097543 0.013556 0.017365
vn 0.099699 0.007749 0.000000
vn -0.000000 -0.000000 0.100000
vn 0.016994 0.003571 0.098481
vn 0.032906 0.009326 0.093969
vn 0.047050 0.016921 0.086603
vn 0.058841 0.025874 0.076604
vn 0.067830 0.035600 0.064279
vn 0.073723 0.045441 0.050000
vn 0.076402 0.054708 0.034202
vn 0.000000 0.000000 0.100000
vn 0.016707 0.004735 0.098481
vn 0.032184 0.011574 0.093969
vn 0.045770 0.020126 0.086603
vn 0.056916 0.029872 0.076604
vn 0.065212 0.040195 0.064279
vn 0.070413 0.050419 0.050000
vn 0.072446 0.059848 0.034202
vn 0.000000 0.000000 0.100000
vn 0.016340 0.005876 0.098481
vn 0.031309 0.013767 0.093969
vn 0.044273 0.023236 0.086603
vn 0.054720 0.033727 0.076604
vn 0.062284 0.044598 0.064279
vn 0.066767 0.055156 0.050000
vn 0.068144 0.064704 0.034202
vn -0.000000 -0.000000 0.100000
vn 0.015896 0.006990 0.098481
vn 0.030284 0.015894 0.093969
vn 0.042564 0.026235 0.086603
vn 0.052262 0.037422 0.076604
vn 0.059058 0.048789 0.064279
vn 0.062802 0.059631 0.050000
vn 0.063518 0.069251 0.034202
vn -0.000000 -0.000000 0.100000
vn 0.015376 0.008070 0.098481
vn 0.029116 0.017946 0.093969
vn 0.040653 0.029109 0.086603
vn 0.049556 0.040939 0.076604
vn 0.055552 0.052747 0.064279
vn 0.058538 0.063822 0.050000
vn 0.058589 0.073468 0.034202
vn -0.000000 -0.000000 0.100000
vn 0.014782 0.009111 0.098481
vn 0.027808 0.019912 0.093969
vn 0.038548 0.031845 0.086603
vn 0.046613 0.044260 0.076604
vn 0.051780 0.056454 0.064279
vn 0.053996 0.067709 0.050000
vn 0.053381 0.077335 0.034202
vn -0.000000 -0.000000 0.100000
vn 0.014119 0.010110 0.098481
vn 0.026368 0.021783 0.093969
vn 0.036259 0.034428 0.086603
vn 0.043449 0.047370 0.076604
vn 0.047762 0.059892 0.064279
vn 0.049196 0.071272 0.050000
vn 0.047918 0.080834 0.034202
vn 0.000000 0.000000 0.100000
vn 0.013387 0.011060 0.098481
vn 0.024802 0.023550 0.093969
vn 0.033797 0.036848 0.086603
vn 0.040077 0.050255 0.076604
vn 0.043516 0.063044 0.064279
vn 0.044161 0.074497 0.050000
vn 0.042227 0.083947 0.034202
vn 0.000000 0.000000 0.100000
vn 0.012593 0.011957 0.098481
vn 0.023119 0.025205 0.093969
vn 0.031174 0.039092 0.086603
vn 0.036514 0.052900 0.076604
vn 0.039063 0.065896 0.064279
vn 0.038917 0.077366 0.050000
vn -0.000000 -0.000000 0.100000
vn 0.011738 0.012797 0.098481
vn 0.021325 0.026740 0.093969
vn 0.028403 0.041149 0.086603
vn 0.032778 0.055294 0.076604
vn 0.034424 0.068434 0.064279
vn -0.000000 -0.000000 0.100000
vn 0.010827 0.013576 0.098481
vn 0.019429 0.028148 0.093969
vn 0.025497 0.043011 0.086603
vn 0.028885 0.057423 0.076604
vn -0.000000 -0.000000 0.100000
vn 0.009864 0.014291 0.098481
vn 0.017441 0.029421 0.093969
vn 0.022469 0.044667 0.086603
vn -0.000000 -0.000000 0.100000
vn 0.008855 0.014937 0.098481
vn 0.015369 0.030554 0.093969
vn -0.000000 -0.000000 0.100000
vn 0.007803 0.015513 0.098481
vn -0.000000 -0.000000 0.100000
vn -0.000000 -0.000000 0.100000
vn 0.002093 0.017238 0.098481
vn 0.001770 0.034156 0.093969
vn -0.000863 0.049993 0.086603
vn -0.005541 0.064040 0.076604
vn -0.011853 0.075682 0.064279
vn -0.019271 0.084431 0.050000
vn -0.027181 0.089952 0.034202
vn 0.000000 0.000000 0.100000
vn 0.000899 0.017342 0.098481
vn -0.000590 0.034197 0.093969
vn -0.004310 0.049814 0.086603
vn -0.009946 0.063505 0.076604
vn -0.017046 0.074684 0.064279
vn -0.025050 0.082901 0.050000
vn -0.033322 0.087863 0.034202
vn -0.000000 -0.000000 0.100000
vn -0.000300 0.017362 0.098481
vn -0.002948 0.034075 0.093969
vn -0.007736 0.049398 0.086603
vn -0.014303 0.062667 0.076604
vn -0.022158 0.073330 0.064279
vn -0.030710 0.080975 0.050000
vn -0.039304 0.085355 0.034202
vn 0.000000 -0.000000 0.100000
vn -0.001497 0.017300 0.098481
vn -0.005292 0.033790 0.093969
vn -0.011126 0.048746 0.086603
vn -0.018593 0.061531 0.076604
vn -0.027164 0.071626 0.064279
vn -0.036223 0.078663 0.050000
vn -0.045099 0.082439 0.034202
vn 0.000000 -0.000000 0.100000
vn -0.002687 0.017156 0.098481
vn -0.007611 0.033344 0.093969
vn -0.014463 0.047863 0.086603
vn -0.022794 0.060102 0.076604
vn -0.032041 0.069582 0.064279
vn -0.041564 0.075977 0.050000
vn -0.050680 0.079132 0.034202
vn 0.000000 -0.000000 0.100000
vn -0.003864 0.016929 0.098481
vn -0.009893 0.032740 0.093969
vn -0.017730 0.046751 0.086603
vn -0.026886 0.058386 0.076604
vn -0.036765 0.067205 0.064279
vn -0.046706 0.072928 0.050000
vn -0.056018 0.075447 0.034202
vn 0.000000 -0.000000 0.100000
vn -0.005023 0.016623 0.098481
vn -0.012128 0.031979 0.093969
vn -0.020913 0.045416 0.086603
vn -0.030850 0.056392 0.076604
vn -0.041314 0.064509 0.064279
vn -0.051627 0.069532 0.050000
vn -0.061090 0.071402 0.034202
vn 0.000000 -0.000000 0.100000
vn -0.006158 0.016236 0.098481
vn -0.014306 0.031067 0.093969
vn -0.023997 0.043865 0.086603
vn -0.034667 0.054129 0.076604
vn -0.045666 0.061505 0.064279
vn -0.056301 0.065805 0.050000
vn -0.065870 0.067017 0.034202
vn 0.000000 -0.000000 0.100000
vn -0.007263 0.015773 0.098481
vn -0.016415 0.030006 0.093969
vn -0.026966 0.042105 0.086603
vn -0.038319 0.051609 0.076604
vn -0.049801 0.058208 0.064279
vn -0.060706 0.061763 0.050000
vn -0.000000 0.000000 0.100000
vn -0.008334 0.015234 0.098481
vn -0.018446 0.028802 0.093969
vn -0.029807 0.040144 0.086603
vn -0.041788 0.048842 0.076604
vn -0.053698 0.054633 0.064279
vn 0.000000 -0.000000 0.100000
vn -0.009365 0.014623 0.098481
vn -0.020389 0.027460 0.093969
vn -0.032505 0.037992 0.086603
vn -0.045058 0.045843 0.076604
vn 0.000000 -0.000000 0.100000
vn -0.010352 0.013942 0.098481
vn -0.022235 0.025988 0.093969
vn -0.035049 0.035659 0.086603
vn 0.000000 -0.000000 0.100000
vn -0.011289 0.013195 0.098481
vn -0.023975 0.024392 0.093969
vn 0.000000 -0.000000 0.100000
vn -0.012172 0.012384 0.098481
vn -0.000000 0.000000 0.100000
vn 0.000000 -0.000000 0.100000
vn -0.015645 0.007534 0.098481
vn -0.031765 0.012678 0.093969
vn -0.047606 0.015287 0.086603
vn -0.062411 0.015383 0.076604
vn -0.075466 0.013158 0.064279
vn -0.086138 0.008953 0.050000
vn -0.093913 0.003243 0.034202
vn -0.000000 0.000000 0.100000
vn -0.016128 0.006437 0.098481
vn -0.032564 0.010457 0.093969
vn -0.048547 0.011966 0.086603
vn -0.063324 0.011040 0.076604
vn -0.076194 0.007920 0.064279
vn -0.086551 0.002989 0.050000
vn -0.093913 -0.003243 0.034202
vn 0.000000 -0.000000 0.100000
vn -0.016533 0.005309 0.098481
vn -0.033208 0.008185 0.093969
vn -0.049257 0.008588 0.086603
vn -0.063934 0.006645 0.076604
vn -0.076559 0.002644 0.064279
vn -0.086551 -0.002989 0.050000
vn -0.093466 -0.009715 0.034202
vn 0.000000 -0.000000 0.100000
vn -0.016860 0.004156 0.098481
vn -0.033694 0.005875 0.093969
vn -0.049732 0.005169 0.086603
vn -0.064240 0.002219 0.076604
vn -0.076559 -0.002644 0.064279
vn -0.086138 -0.008953 0.050000
vn -0.092573 -0.016140 0.034202
vn -0.000000 0.000000 0.100000
vn -0.017107 0.002983 0.098481
vn -0.034019 0.003536 0.093969
vn -0.049970 0.001726 0.086603
vn -0.064240 -0.002219 0.076604
vn -0.076194 -0.007920 0.064279
vn -0.085316 -0.014875 0.050000
vn -0.091239 -0.022488 0.034202
vn 0.000000 -0.000000 0.100000
vn -0.017272 0.001795 0.098481
vn -0.034182 0.001181 0.093969
vn -0.049970 -0.001726 0.086603
vn -0.063934 -0.006645 0.076604
vn -0.075466 -0.013158 0.064279
vn -0.084086 -0.020725 0.050000
vn -0.089470 -0.028729 0.034202
vn -0.000000 0.000000 0.100000
vn -0.017354 0.000599 0.098481
vn -0.034182 -0.001181 0.093969
vn -0.049732 -0.005169 0.086603
vn -0.063324 -0.011040 0.076604
vn -0.074378 -0.018333 0.064279
vn -0.082456 -0.026477 0.050000
vn -0.087275 -0.034834 0.034202
vn 0.000000 0.000000 0.100000
vn -0.017354 -0.000599 0.098481
vn -0.034019 -0.003536 0.093969
vn -0.049257 -0.008588 0.086603
vn -0.062411 -0.015383 0.076604
vn -0.072936 -0.023420 0.064279
vn -0.080433 -0.032103 0.050000
vn -0.084663 -0.040772 0.034202
vn 0.000000 0.000000 0.100000
vn -0.017272 -0.001795 0.098481
vn -0.033694 -0.005875 0.093969
vn -0.048547 -0.011966 0.086603
vn -0.061201 -0.019652 0.076604
vn -0.071147 -0.028397 0.064279
vn -0.078026 -0.037575 0.050000
vn -0.081649 -0.046516 0.034202
vn 0.000000 0.000000 0.100000
vn -0.017107 -0.002983 0.098481
vn -0.033208 -0.008185 0.093969
vn -0.047606 -0.015287 0.086603
vn -0.059699 -0.023828 0.076604
vn -0.069018 -0.033237 0.064279
vn -0.075248 -0.042869 0.050000
vn 0.000000 0.000000 0.100000
vn -0.016860 -0.004156 0.098481
vn -0.032564 -0.010457 0.093969
vn -0.046438 -0.018535 0.086603
vn -0.057913 -0.027890 0.076604
vn -0.066561 -0.037920 0.064279
vn 0.000000 0.000000 0.100000
vn -0.016533 -0.005309 0.098481
vn -0.031765 -0.012678 0.093969
vn -0.045048 -0.021694 0.086603
vn -0.055851 -0.031819 0.076604
vn 0.000000 0.000000 0.100000
vn -0.016128 -0.006437 0.098481
vn -0.030815 -0.014840 0.093969
vn -0.043444 -0.024750 0.086603
vn 0.000000 0.000000 0.100000
vn -0.015645 -0.007534 0.098481
vn -0.029718 -0.016930 0.093969
vn 0.000000 0.000000 0.100000
vn -0.015088 -0.008596 0.098481
vn 0.000000 0.000000 0.100000
vn -0.000000 -0.000000 0.100000
vn -0.011289 -0.013195 0.098481
vn -0.020389 -0.027460 0.093969
vn -0.026966 -0.042105 0.086603
vn -0.030850 -0.056392 0.076604
vn -0.032041 -0.069582 0.064279
vn -0.030710 -0.080975 0.050000
vn -0.027181 -0.089952 0.034202
vn 0.000000 0.000000 0.100000
vn -0.010352 -0.013942 0.098481
vn -0.018446 -0.028802 0.093969
vn -0.023997 -0.043865 0.086603
vn -0.026886 -0.058386 0.076604
vn -0.027164 -0.071626 0.064279
vn -0.025050 -0.082901 0.050000
vn -0.020910 -0.091613 0.034202
vn 0.000000 0.000000 0.100000
vn -0.009365 -0.014623 0.098481
vn -0.016415 -0.030006 0.093969
vn -0.020913 -0.045416 0.086603
vn -0.022794 -0.060102 0.076604
vn -0.022158 -0.073330 0.064279
vn -0.019271 -0.084431 0.050000
vn -0.014540 -0.092838 0.034202
vn 0.000000 0.000000 0.100000
vn -0.008334 -0.015234 0.098481
vn -0.014306 -0.031067 0.093969
vn -0.017730 -0.046751 0.086603
vn -0.018593 -0.061531 0.076604
vn -0.017046 -0.074684 0.064279
vn -0.013400 -0.085560 0.050000
vn -0.008100 -0.093619 0.034202
vn -0.000000 -0.000000 0.100000
vn -0.007263 -0.015773 0.098481
vn -0.012128 -0.031979 0.093969
vn -0.014463 -0.047863 0.086603
vn -0.014303 -0.062667 0.076604
vn -0.011853 -0.075682 0.064279
vn -0.007465 -0.086280 0.050000
vn -0.001622 -0.093955 0.034202
vn 0.000000 0.000000 0.100000
vn -0.006158 -0.016236 0.098481
vn -0.009893 -0.032740 0.093969
vn -0.011126 -0.048746 0.086603
vn -0.009946 -0.063505 0.076604
vn -0.006603 -0.076319 0.064279
vn -0.001495 -0.086590 0.050000
vn 0.004864 -0.093843 0.034202
vn 0.000000 0.000000 0.100000
vn -0.005023 -0.016623 0.098481
vn -0.007611 -0.033344 0.093969
vn -0.007736 -0.049398 0.086603
vn -0.005541 -0.064040 0.076604
vn -0.001322 -0.076593 0.064279
vn 0.004483 -0.086486 0.050000
vn 0.011327 -0.093284 0.034202
vn 0.000000 0.000000 0.100000
vn -0.003864 -0.016929 0.098481
vn -0.005292 -0.033790 0.093969
vn -0.004310 -0.049814 0.086603
vn -0.001109 -0.064269 0.076604
vn 0.003965 -0.076502 0.064279
vn 0.010439 -0.085971 0.050000
vn 0.017736 -0.092280 0.034202
vn 0.000000 0.000000 0.100000
vn -0.002687 -0.017156 0.098481
vn -0.002948 -0.034075 0.093969
vn -0.000863 -0.049993 0.086603
vn 0.003327 -0.064193 0.076604
vn 0.009234 -0.076046 0.064279
vn 0.016345 -0.085046 0.050000
vn 0.000000 0.000000 0.100000
vn -0.001497 -0.017300 0.098481
vn -0.000590 -0.034197 0.093969
vn 0.002588 -0.049933 0.086603
vn 0.007748 -0.063810 0.076604
vn 0.014458 -0.075228 0.064279
vn 0.000000 0.000000 0.100000
vn -0.000300 -0.017362 0.098481
vn 0.001770 -0.034156 0.093969
vn 0.006027 -0.049635 0.086603
vn 0.012132 -0.063124 0.076604
vn -0.000000 0.000000 0.100000
vn 0.000899 -0.017342 0.098481
vn 0.004123 -0.033953 0.093969
vn 0.009437 -0.049101 0.086603
vn -0.000000 0.000000 0.100000
vn 0.002093 -0.017238 0.098481
vn 0.006455 -0.033587 0.093969
vn -0.000000 0.000000 0.100000
vn 0.003277 -0.017053 0.098481
vn -0.000000 0.000000 0.100000
vn -0.000000 0.000000 0.100000
vn 0.008855 -0.014937 0.098481
vn 0.019429 -0.028148 0.093969
vn 0.031174 -0.039092 0.086603
vn 0.043449 -0.047370 0.076604
vn 0.055552 -0.052747 0.064279
vn 0.066767 -0.055156 0.050000
vn 0.076402 -0.054708 0.034202
vn -0.000000 0.000000 0.100000
vn 0.009864 -0.014291 0.098481
vn 0.021325 -0.026740 0.093969
vn 0.033797 -0.036848 0.086603
vn 0.046613 -0.044260 0.076604
vn 0.059058 -0.048789 0.064279
vn 0.070413 -0.050419 0.050000
vn 0.079995 -0.049306 0.034202
vn -0.000000 0.000000 0.100000
vn 0.010827 -0.013576 0.098481
vn 0.023119 -0.025205 0.093969
vn 0.036259 -0.034428 0.086603
vn 0.049556 -0.040939 0.076604
vn 0.062284 -0.044598 0.064279
vn 0.073723 -0.045441 0.050000
vn 0.083206 -0.043670 0.034202
vn -0.000000 0.000000 0.100000
vn 0.011738 -0.012797 0.098481
vn 0.024802 -0.023550 0.093969
vn 0.038548 -0.031845 0.086603
vn 0.052262 -0.037422 0.076604
vn 0.065212 -0.040195 0.064279
vn 0.076683 -0.040246 0.050000
vn 0.086020 -0.037825 0.034202
vn -0.000000 0.000000 0.100000
vn 0.012593 -0.011957 0.098481
vn 0.026368 -0.021783 0.093969
vn 0.040653 -0.029109 0.086603
vn 0.054720 -0.033727 0.076604
vn 0.067830 -0.035600 0.064279
vn 0.079277 -0.034860 0.050000
vn 0.088425 -0.031800 0.034202
vn 0.000000 -0.000000 0.100000
vn 0.013387 -0.011060 0.098481
vn 0.027808 -0.019912 0.093969
vn 0.042564 -0.026235 0.086603
vn 0.056916 -0.029872 0.076604
vn 0.070124 -0.030835 0.064279
vn 0.081493 -0.029307 0.050000
vn 0.090408 -0.025624 0.034202
vn -0.000000 0.000000 0.100000
vn 0.014119 -0.010110 0.098481
vn 0.029116 -0.017946 0.093969
vn 0.044273 -0.023236 0.086603
vn 0.058841 -0.025874 0.076604
vn 0.072085 -0.025924 0.064279
vn 0.083321 -0.023615 0.050000
vn 0.091961 -0.019326 0.034202
vn 0.000000 -0.000000 0.100000
vn 0.014782 -0.009111 0.098481
vn 0.030284 -0.015894 0.093969
vn 0.045770 -0.020126 0.086603
vn 0.060486 -0.021753 0.076604
vn 0.073701 -0.020889 0.064279
vn 0.084751 -0.017811 0.050000
vn 0.093075 -0.012935 0.034202
vn -0.000000 0.000000 0.100000
vn 0.015376 -0.008070 0.098481
vn 0.031309 -0.013767 0.093969
vn 0.047050 -0.016921 0.086603
vn 0.061843 -0.017528 0.076604
vn 0.074967 -0.015754 0.064279
vn 0.085778 -0.011921 0.050000
vn 0.093745 -0.006483 0.034202
vn -0.000000 0.000000 0.100000
vn 0.015896 -0.006990 0.098481
vn 0.032184 -0.011574 0.093969
vn 0.048105 -0.013634 0.086603
vn 0.062905 -0.013220 0.076604
vn 0.075875 -0.010545 0.064279
vn 0.086396 -0.005975 0.050000
vn -0.000000 0.000000 0.100000
vn 0.016340 -0.005876 0.098481
vn 0.032906 -0.009326 0.093969
vn 0.048931 -0.010283 0.086603
vn 0.063667 -0.008848 0.076604
vn 0.076422 -0.005285 0.064279
vn -0.000000 0.000000 0.100000
vn 0.016707 -0.004735 0.098481
vn 0.033471 -0.007034 0.093969
vn 0.049524 -0.006883 0.086603
vn 0.064126 -0.004435 0.076604
vn -0.000000 0.000000 0.100000
vn 0.016994 -0.003571 0.098481
vn 0.033876 -0.004708 0.093969
vn 0.049881 -0.003450 0.086603
vn -0.000000 0.000000 0.100000
vn 0.017200 -0.002390 0.098481
vn 0.034121 -0.002360 0.093969
vn -0.000000 0.000000 0.100000
vn 0.017323 -0.001198 0.098481
vn 0.000000 0.000000 0.100000
vn 0.000000 0.000000 0.100000
vn 0.000000 0.000000 0.100000
vn 0.000000 0.000000 0.100000
vn 0.000000 0.000000 0.100000
vn 0.000000 0.000000 0.100000
vn 0.000000 0.000000 0.100000
vn 0.000000 0.000000 0.100000
vn 0.000000 0.000000 0.100000
vn 0.000000 0.000000 0.100000
vn 0.000000 0.000000 0.100000
vn 0.000000 0.000000 0.100000
vn 0.000000 0.000000 0.100000
vn 0.000000 0.000000 0.100000
vn 0.000000 0.000000 0.100000
vn 0.000000 0.000000 0.100000
vn 0.000000 0.000000 0.100000
vn 0.000000 0.000000 0.100000
vn 0.000000 0.000000 0.100000
vn 0.000000 0.000000 0.100000
vn 0.000000 0.000000 0.100000
vn 0.000000 0.000000 0.100000
vn 0.000000 0.000000 0.100000
vn 0.000000 0.000000 0.100000
vn 0.000000 0.000000 0.100000
vn 0.000000 0.000000 0.100000
vn 0.000000 0.000000 0.100000
vn 0.000000 0.000000 0.100000
vn 0.000000 0.000000 0.100000
vn 0.000000 0.000000 0.100000
vn 0.000000 0.000000 0.100000
vn 0.000000 0.000000 0.100000
vn 0.000000 0.000000 0.100000
vn 0.000000 0.000000 0.100000
vn 0.000000 0.000000 0.100000
vn 0.000000 0.000000 0.100000
vn 0.000000 0.000000 0.100000
vn 0.000000 0.000000 0.100000
vn 0.000000 0.000000 0.100000
vn 0.000000 0.000000 0.100000
vn 0.000000 0.000000 0.100000
vn 0.000000 0.000000 0.100000
vn 0.000000 0.000000 0.100000
vn 0.000000 0.000000 0.100000
vn 0.000000 0.000000 0.100000
vn 0.000000 0.000000 0.100000
vn 0.000000 0.000000 0.100000
vn 0.000000 0.000000 0.100000
vn 0.000000 0.000000 0.100000
vn 0.000000 0.000000 0.100000
vn 0.000000 0.000000 0.100000
vn 0.000000 0.000000 0.100000
vn 0.000000 0.000000 0.100000
vn 0.000000 0.000000 0.100000
vn 0.000000 0.000000 0.100000
vn 0.000000 0.000000 0.100000
vn 0.000000 0.000000 0.100000
vn 0.000000 0.000000 0.100000
vn 0.000000 0.000000 0.100000
vn 0.000000 0.000000 0.100000
vn 0.000000 0.000000 0.100000
vn 0.000000 0.000000 0.100000
vn 0.000000 0.000000 0.100000
vn 0.000000 0.000000 0.100000
vn 0.000000 0.000000 0.100000
vn 0.000000 0.000000 0.100000
vn 0.000000 0.000000 0.100000
vn 0.000000 0.000000 0.100000
vn 0.000000 0.000000 0.100000
vn 0.000000 0.000000 0.100000
vn 0.000000 0.000000 0.100000
vn 0.000000 0.000000 0.100000
vn 0.000000 0.000000 0.100000
vn 0.000000 0.000000 0.100000
vn 0.000000 0.000000 0.100000
vn 0.000000 0.000000 0.100000
vn 0.000000 0.000000 0.100000
vn 0.000000 0.000000 0.100000
vn 0.000000 0.000000 0.100000
vn 0.000000 0.000000 0.100000
vn 0.000000 0.000000 0.100000
vn 0.000000 0.000000 0.100000
vn 0.000000 0.000000 0.100000
vn 0.000000 0.000000 0.100000
vn 0.000000 0.000000 0.100000
vn 0.000000 0.000000 0.100000
vn 0.000000 0.000000 0.100000
vn 0.000000 0.000000 0.100000
vn 0.000000 0.000000 0.100000
vn 0.000000 0.000000 0.100000
vn 0.000000 0.000000 0.100000
vn 0.000000 0.000000 0.100000
vn 0.000000 0.000000 0.100000
vn 0.000000 0.000000 0.100000
vn 0.000000 0.000000 0.100000
vn 0.000000 0.000000 0.100000
vn 0.000000 0.000000 0.100000
vn 0.000000 0.000000 0.100000
vn 0.000000 0.000000 0.100000
vn 0.000000 0.000000 0.100000
vn 0.000000 0.000000 0.100000
vn 0.000000 0.000000 0.100000
vn 0.000000 0.000000 0.100000
vn 0.000000 0.000000 0.100000
vn 0.000000 0.000000 0.100000
vn 0.000000 0.000000 0.100000
vn 0.000000 0.000000 0.100000
vn 0.000000 0.000000 0.100000
vn 0.000000 0.000000 0.100000
vn 0.000000 0.000000 0.100000
vn 0.000000 0.000000 0.100000
vn 0.000000 0.000000 0.100000
vn 0.000000 0.000000 0.100000
vn 0.000000 0.000000 0.100000
vn 0.000000 0.000000 0.100000
vn 0.000000 0.000000 0.100000
vn 0.000000 0.000000 0.100000
vn 0.000000 0.000000 0.100000
vn 0.000000 0.000000 0.100000
vn 0.000000 0.000000 0.100000
vn 0.000000 0.000000 0.100000
vn 0.000000 0.000000 0.100000
vn 0.000000 0.000000 0.100000
vn 0.000000 0.000000 0.100000
vn 0.000000 0.000000 0.100000
vn 0.000000 0.000000 0.100000
vn 0.000000 0.000000 0.100000
vn 0.000000 0.000000 0.100000
vn 0.000000 0.000000 0.100000
vn 0.000000 0.000000 0.100000
vn 0.000000 0.000000 0.100000
vn 0.000000 0.000000 0.100000
vn 0.000000 0.000000 0.100000
vn 0.000000 0.000000 0.100000
vn 0.000000 0.000000 0.100000
vn 0.000000 0.000000 0.100000
vn 0.000000 0.000000 0.100000
vn 0.000000 0.000000 0.100000
vn 0.000000 0.000000 0.100000
vn 0.000000 0.000000 0.100000
vn 0.000000 0.000000 0.100000
vn 0.000000 0.000000 0.100000
vn 0.000000 0.000000 0.100000
vn 0.000000 0.000000 0.100000
vn 0.000000 0.000000 0.100000
vn 0.000000 0.000000 0.100000
vn 0.000000 0.000000 0.100000
vn 0.000000 0.000000 0.100000
vn 0.000000 0.000000 0.100000
vn 0.000000 0.000000 0.100000
vn 0.000000 0.000000 0.100000
vn 0.000000 0.000000 0.100000
vn 0.000000 0.000000 0.100000
vn 0.000000 0.000000 0.100000
vn 0.000000 0.000000 0.100000
vn 0.000000 0.000000 0.100000
vn 0.000000 0.000000 0.100000
vn 0.000000 0.000000 0.100000
vn 0.000000 0.000000 0.100000
vn 0.000000 0.000000 0.100000
vn 0.000000 0.000000 0.100000
vn 0.000000 0.000000 0.100000
vn 0.000000 0.000000 0.100000
vn 0.000000 0.000000 0.100000
vn 0.000000 0.000000 0.100000
vn 0.000000 0.000000 0.100000
vn 0.000000 0.000000 0.100000
vn 0.000000 0.000000 0.100000
vn 0.000000 0.000000 0.100000
vn 0.000000 0.000000 0.100000
vn 0.000000 0.000000 0.100000
vn 0.000000 0.000000 0.100000
vn 0.000000 0.000000 0.100000
vn 0.000000 0.000000 0.100000
vn 0.000000 0.000000 0.100000
vn 0.000000 0.000000 0.100000
vn 0.000000 0.000000 0.100000
vn 0.000000 0.000000 0.100000
vn 0.000000 0.000000 0.100000
vn 0.000000 0.000000 0.100000
vn 0.000000 0.000000 0.100000
vn 0.000000 0.000000 0.100000
vn 0.000000 0.000000 0.100000
vn 0.000000 0.000000 0.100000
vn 0.000000 0.000000 0.100000
vn 0.000000 0.000000 0.100000
vn 0.000000 0.000000 0.100000
vn 0.000000 0.000000 0.100000
vn 0.000000 0.000000 0.100000
vn 0.000000 0.000000 0.100000
vn 0.000000 0.000000 0.100000
vn 0.000000 0.000000 0.100000
vn 0.000000 0.000000 0.100000
vn 0.000000 0.000000 0.100000
vn 0.000000 0.000000 0.100000
vn 0.000000 0.000000 0.100000
vn 0.000000 0.000000 0.100000
vn 0.000000 0.000000 0.100000
vn 0.000000 0.000000 0.100000
vn 0.000000 0.000000 0.100000
vn 0.000000 0.000000 0.100000
vn 0.000000 0.000000 0.100000
vn 0.000000 0.000000 0.100000
vn 0.000000 0.000000 0.100000
vn 0.000000 0.000000 0.100000
vn 0.000000 0.000000 0.100000
vn 0.000000 0.000000 0.100000
vn 0.000000 0.000000 0.100000
vn 0.000000 0.000000 0.100000
vn 0.000000 0.000000 0.100000
vn 0.000000 0.000000 0.100000
vn 0.000000 0.000000 0.100000
vn -0.098481 0.017365 0.000000
vn -0.098481 0.017365 0.000000
vn -0.100000 0.000000 0.000000
vn -0.100000 0.000000 0.000000
vn -0.098481 -0.017365 0.000000
vn -0.098481 -0.017365 0.000000
vn -0.093969 -0.034202 0.000000
vn -0.093969 -0.034202 0.000000
vn -0.086603 -0.050000 0.000000
vn -0.086603 -0.050000 0.000000
vn -0.076604 -0.064279 0.000000
vn -0.076604 -0.064279 0.000000
vn -0.064279 -0.076604 0.000000
vn -0.064279 -0.076604 0.000000
vn -0.050000 -0.086603 0.000000
vn -0.050000 -0.086603 0.000000
vn -0.034202 -0.093969 0.000000
vn -0.034202 -0.093969 0.000000
vn -0.017365 -0.098481 0.000000
vn -0.017365 -0.098481 0.000000
vn 0.000000 -0.100000 0.000000
vn 0.000000 -0.100000 0.000000
vn 0.017365 -0.098481 0.000000
vn 0.017365 -0.098481 0.000000
vn 0.034202 -0.093969 0.000000
vn 0.034202 -0.093969 0.000000
vn 0.050000 -0.086603 0.000000
vn 0.050000 -0.086603 0.000000
vn 0.064279 -0.076604 0.000000
vn 0.064279 -0.076604 0.000000
vn 0.076604 -0.064279 0.000000
vn 0.076604 -0.064279 0.000000
vn 0.086603 -0.050000 0.000000
vn 0.086603 -0.050000 0.000000
vn 0.093969 -0.034202 0.000000
vn 0.093969 -0.034202 0.000000
vn 0.098481 -0.017365 0.000000
vn 0.098481 -0.017365 0.000000
vn 0.100000 -0.000000 0.000000
vn 0.100000 -0.000000 0.000000
vn 0.098481 0.017365 0.000000
vn 0.098481 0.017365 0.000000
vn 0.093969 0.034202 0.000000
vn 0.093969 0.034202 0.000000
vn 0.086603 0.050000 0.000000
vn 0.086603 0.050000 0.000000
vn 0.076604 0.064279 0.000000
vn 0.076604 0.064279 0.000000
vn 0.064279 0.076604 0.000000
vn 0.064279 0.076604 0.000000
vn 0.050000 0.086603 0.000000
vn 0.050000 0.086603 0.000000
vn 0.034202 0.093969 0.000000
vn 0.034202 0.093969 0.000000
vn 0.017365 0.098481 0.000000
vn 0.017365 0.098481 0.000000
vn 0.000000 0.100000 0.000000
vn 0.000000 0.100000 0.000000
vn -0.017365 0.098481 0.000000
vn -0.017365 0.098481 0.000000
vn -0.034202 0.093969 0.000000
vn -0.034202 0.093969 0.000000
vn -0.050000 0.086603 0.000000
vn -0.050000 0.086603 0.000000
vn -0.064279 0.076604 0.000000
vn -0.064279 0.076604 0.000000
vn -0.076604 0.064279 0.000000
vn -0.076604 0.064279 0.000000
vn -0.086603 0.050000 0.000000
vn -0.086603 0.050000 0.000000
vn -0.093969 0.034202 0.000000
vn -0.093969 0.034202 0.000000
vn -0.098481 0.017365 0.000000
vn -0.098481 0.017365 0.000000
vn -0.100000 0.000000 0.000000
vn -0.100000 0.000000 0.000000
vn -0.098481 -0.017365 0.000000
vn -0.098481 -0.017365 0.000000
vn -0.093969 -0.034202 0.000000
vn -0.093969 -0.034202 0.000000
vn -0.086603 -0.050000 0.000000
vn -0.086603 -0.050000 0.000000
vn -0.076604 -0.064279 0.000000
vn -0.076604 -0.064279 0.000000
vn -0.064279 -0.076604 0.000000
vn -0.064279 -0.076604 0.000000
vn -0.050000 -0.086603 0.000000
vn -0.050000 -0.086603 0.000000
vn -0.034202 -0.093969 0.000000
vn -0.034202 -0.093969 0.000000
vn -0.017365 -0.098481 0.000000
vn -0.017365 -0.098481 0.000000
vn 0.000000 -0.100000 0.000000
vn 0.000000 -0.100000 0.000000
vn 0.017365 -0.098481 0.000000
vn 0.017365 -0.098481 0.000000
vn 0.034202 -0.093969 0.000000
vn 0.034202 -0.093969 0.000000
vn 0.050000 -0.086603 0.000000
vn 0.050000 -0.086603 0.000000
vn 0.064279 -0.076604 0.000000
vn 0.064279 -0.076604 0.000000
vn 0.076604 -0.064279 0.000000
vn 0.076604 -0.064279 0.000000
vn 0.086603 -0.050000 0.000000
vn 0.086603 -0.050000 0.000000
vn 0.093969 -0.034202 0.000000
vn 0.093969 -0.034202 0.000000
vn 0.098481 -0.017365 0.000000
vn 0.098481 -0.017365 0.000000
vn 0.100000 -0.000000 0.000000
vn 0.100000 -0.000000 0.000000
vn 0.098481 0.017365 0.000000
vn 0.098481 0.017365 0.000000
vn 0.093969 0.034202 0.000000
vn 0.093969 0.034202 0.000000
vn 0.086603 0.050000 0.000000
vn 0.086603 0.050000 0.000000
vn 0.076604 0.064279 0.000000
vn 0.076604 0.064279 0.000000
vn 0.064279 0.076604 0.000000
vn 0.064279 0.076604 0.000000
vn 0.050000 0.086603 0.000000
vn 0.050000 0.086603 0.000000
vn 0.034202 0.093969 0.000000
vn 0.034202 0.093969 0.000000
vn 0.017365 0.098481 0.000000
vn 0.017365 0.098481 0.000000
vn 0.000000 0.100000 0.000000
vn 0.000000 0.100000 0.000000
vn -0.017365 0.098481 0.000000
vn -0.017365 0.098481 0.000000
vn -0.034202 0.093969 0.000000
vn -0.034202 0.093969 0.000000
vn -0.050000 0.086603 0.000000
vn -0.050000 0.086603 0.000000
vn -0.064279 0.076604 0.000000
vn -0.064279 0.076604 0.000000
vn -0.076604 0.064279 0.000000
vn -0.076604 0.064279 0.000000
vn -0.086603 0.050000 0.000000
vn -0.086603 0.050000 0.000000
vn -0.093969 0.034202 0.000000
vn -0.093969 0.034202 0.000000
vn -0.098481 0.017365 0.000000
vn -0.098481 0.017365 0.000000
vn -0.100000 0.000000 0.000000
vn -0.100000 0.000000 0.000000
vn -0.098481 -0.017365 0.000000
vn -0.098481 -0.017365 0.000000
vn -0.093969 -0.034202 0.000000
vn -0.093969 -0.034202 0.000000
vn -0.086603 -0.050000 0.000000
vn -0.086603 -0.050000 0.000000
vn -0.076604 -0.064279 0.000000
vn -0.076604 -0.064279 0.000000
vn -0.064279 -0.076604 0.000000
vn -0.064279 -0.076604 0.000000
vn -0.050000 -0.086603 0.000000
vn -0.050000 -0.086603 0.000000
vn -0.034202 -0.093969 0.000000
vn -0.034202 -0.093969 0.000000
vn -0.017365 -0.098481 0.000000
vn -0.017365 -0.098481 0.000000
vn 0.000000 -0.100000 0.000000
vn 0.000000 -0.100000 0.000000
vn 0.017365 -0.098481 0.000000
vn 0.017365 -0.098481 0.000000
vn 0.034202 -0.093969 0.000000
vn 0.034202 -0.093969 0.000000
vn 0.050000 -0.086603 0.000000
vn 0.050000 -0.086603 0.000000
vn 0.064279 -0.076604 0.000000
vn 0.064279 -0.076604 0.000000
vn 0.076604 -0.064279 0.000000
vn 0.076604 -0.064279 0.000000
vn 0.086603 -0.050000 0.000000
vn 0.086603 -0.050000 0.000000
vn 0.093969 -0.034202 0.000000
vn 0.093969 -0.034202 0.000000
vn 0.098481 -0.017365 0.000000
vn 0.098481 -0.017365 0.000000
vn 0.100000 -0.000000 0.000000
vn 0.100000 -0.000000 0.000000
vn 0.098481 0.017365 0.000000
vn 0.098481 0.017365 0.000000
vn 0.093969 0.034202 0.000000
vn 0.093969 0.034202 0.000000
vn 0.086603 0.050000 0.000000
vn 0.086603 0.050000 0.000000
vn 0.076604 0.064279 0.000000
vn 0.076604 0.064279 0.000000
vn 0.064279 0.076604 0.000000
vn 0.064279 0.076604 0.000000
vn 0.050000 0.086603 0.000000
vn 0.050000 0.086603 0.000000
vn 0.034202 0.093969 0.000000
vn 0.034202 0.093969 0.000000
vn 0.017365 0.098481 0.000000
vn 0.017365 0.098481 0.000000
vn 0.000000 0.100000 0.000000
vn 0.000000 0.100000 0.000000
vn -0.017365 0.098481 0.000000
vn -0.017365 0.098481 0.000000
vn -0.034202 0.093969 0.000000
vn -0.034202 0.093969 0.000000
vn -0.050000 0.086603 0.000000
vn -0.050000 0.086603 0.000000
vn -0.064279 0.076604 0.000000
vn -0.064279 0.076604 0.000000
vn -0.076604 0.064279 0.000000
vn -0.076604 0.064279 0.000000
vn -0.086603 0.050000 0.000000
vn -0.086603 0.050000 0.000000
vn -0.093969 0.034202 0.000000
vn -0.093969 0.034202 0.000000
vn 0.043589 -0.090000 0.000000
vn 0.043589 -0.090000 0.000000
vn 0.048229 -0.087601 0.000000
vn 0.048229 -0.087601 0.000000
vn 0.052738 -0.084963 0.000000
vn 0.052738 -0.084963 0.000000
vn 0.057103 -0.082093 0.000000
vn 0.057103 -0.082093 0.000000
vn 0.061312 -0.078999 0.000000
vn 0.061312 -0.078999 0.000000
vn 0.065354 -0.075690 0.000000
vn 0.065354 -0.075690 0.000000
vn 0.069217 -0.072173 0.000000
vn 0.069217 -0.072173 0.000000
vn 0.072891 -0.068460 0.000000
vn 0.072891 -0.068460 0.000000
vn 0.076367 -0.064561 0.000000
vn 0.076367 -0.064561 0.000000
vn 0.079634 -0.060485 0.000000
vn 0.079634 -0.060485 0.000000
vn 0.082684 -0.056244 0.000000
vn 0.082684 -0.056244 0.000000
vn 0.085508 -0.051849 0.000000
vn 0.085508 -0.051849 0.000000
vn 0.088099 -0.047313 0.000000
vn 0.088099 -0.047313 0.000000
vn 0.090450 -0.042648 0.000000
vn 0.090450 -0.042648 0.000000
vn 0.092553 -0.037867 0.000000
vn 0.092553 -0.037867 0.000000
vn 0.094404 -0.032982 0.000000
vn 0.094404 -0.032982 0.000000
vn 0.095998 -0.028007 0.000000
vn 0.095998 -0.028007 0.000000
vn 0.097330 -0.022956 0.000000
vn 0.097330 -0.022956 0.000000
vn 0.098395 -0.017842 0.000000
vn 0.098395 -0.017842 0.000000
vn 0.099193 -0.012679 0.000000
vn 0.099193 -0.012679 0.000000
vn 0.099720 -0.007482 0.000000
vn 0.099720 -0.007482 0.000000
vn 0.099974 -0.002264 0.000000
vn 0.099974 -0.002264 0.000000
vn 0.099956 0.002959 0.000000
vn 0.099956 0.002959 0.000000
vn 0.099665 0.008175 0.000000
vn 0.099665 0.008175 0.000000
vn 0.099102 0.013368 0.000000
vn 0.099102 0.013368 0.000000
vn 0.098269 0.018525 0.000000
vn 0.098269 0.018525 0.000000
vn 0.097168 0.023632 0.000000
vn 0.097168 0.023632 0.000000
vn 0.095801 0.028674 0.000000
vn 0.095801 0.028674 0.000000
vn 0.094173 0.033637 0.000000
vn 0.094173 0.033637 0.000000
vn 0.092288 0.038509 0.000000
vn 0.092288 0.038509 0.000000
vn 0.090151 0.043276 0.000000
vn 0.090151 0.043276 0.000000
vn 0.087768 0.047925 0.000000
vn 0.087768 0.047925 0.000000
vn 0.085146 0.052442 0.000000
vn 0.085146 0.052442 0.000000
vn 0.082291 0.056817 0.000000
vn 0.082291 0.056817 0.000000
vn 0.079212 0.061037 0.000000
vn 0.079212 0.061037 0.000000
vn 0.075916 0.065090 0.000000
vn 0.075916 0.065090 0.000000
vn 0.072414 0.068966 0.000000
vn 0.072414 0.068966 0.000000
vn 0.068713 0.072653 0.000000
vn 0.068713 0.072653 0.000000
vn 0.064826 0.076142 0.000000
vn 0.064826 0.076142 0.000000
vn 0.060761 0.079423 0.000000
vn 0.060761 0.079423 0.000000
vn 0.056531 0.082488 0.000000
vn 0.056531 0.082488 0.000000
vn 0.052146 0.085328 0.000000
vn 0.052146 0.085328 0.000000
vn 0.047619 0.087934 0.000000
vn 0.047619 0.087934 0.000000
vn 0.042962 0.090301 0.000000
vn 0.042962 0.090301 0.000000
vn 0.038188 0.092421 0.000000
vn 0.038188 0.092421 0.000000
vn 0.033310 0.094289 0.000000
vn 0.033310 0.094289 0.000000
vn 0.028340 0.095900 0.000000
vn 0.028340 0.095900 0.000000
vn 0.023294 0.097249 0.000000
vn 0.023294 0.097249 0.000000
vn 0.018184 0.098333 0.000000
vn 0.018184 0.098333 0.000000
vn 0.013024 0.099148 0.000000
vn 0.013024 0.099148 0.000000
vn 0.007829 0.099693 0.000000
vn 0.007829 0.099693 0.000000
vn 0.002612 0.099966 0.000000
vn 0.002612 0.099966 0.000000
vn -0.002612 0.099966 -0.000000
vn -0.002612 0.099966 -0.000000
vn -0.007829 0.099693 -0.000000
vn -0.007829 0.099693 -0.000000
vn -0.013024 0.099148 -0.000000
vn -0.013024 0.099148 -0.000000
vn -0.018184 0.098333 -0.000000
vn -0.018184 0.098333 -0.000000
vn -0.023294 0.097249 -0.000000
vn -0.023294 0.097249 -0.000000
vn -0.028340 0.095900 -0.000000
vn -0.028340 0.095900 -0.000000
vn -0.033310 0.094289 -0.000000
vn -0.033310 0.094289 -0.000000
vn -0.038188 0.092421 -0.000000
vn -0.038188 0.092421 -0.000000
vn -0.042962 0.090301 -0.000000
vn -0.042962 0.090301 -0.000000
vn -0.047619 0.087934 -0.000000
vn -0.047619 0.087934 -0.000000
vn -0.052146 0.085328 -0.000000
vn -0.052146 0.085328 -0.000000
vn -0.056531 0.082488 -0.000000
vn -0.056531 0.082488 -0.000000
vn -0.060761 0.079423 -0.000000
vn -0.060761 0.079423 -0.000000
vn -0.064826 0.076142 -0.000000
vn -0.064826 0.076142 -0.000000
vn -0.068713 0.072653 -0.000000
vn -0.068713 0.072653 -0.000000
vn -0.072414 0.068966 -0.000000
vn -0.072414 0.068966 -0.000000
vn -0.075916 0.065090 -0.000000
vn -0.075916 0.065090 -0.000000
vn -0.079212 0.061037 -0.000000
vn -0.079212 0.061037 -0.000000
vn -0.082291 0.056817 -0.000000
vn -0.082291 0.056817 -0.000000
vn -0.085146 0.052442 -0.000000
vn -0.085146 0.052442 -0.000000
vn -0.087768 0.047925 -0.000000
vn -0.087768 0.047925 -0.000000
vn -0.090151 0.043276 -0.000000
vn -0.090151 0.043276 -0.000000
vn -0.092288 0.038509 -0.000000
vn -0.092288 0.038509 -0.000000
vn -0.094173 0.033637 -0.000000
vn -0.094173 0.033637 -0.000000
vn -0.095801 0.028674 -0.000000
vn -0.095801 0.028674 -0.000000
vn -0.097168 0.023632 -0.000000
vn -0.097168 0.023632 -0.000000
vn -0.098269 0.018525 -0.000000
vn -0.098269 0.018525 -0.000000
vn -0.099102 0.013368 -0.000000
vn -0.099102 0.013368 -0.000000
vn -0.099665 0.008175 -0.000000
vn -0.099665 0.008175 -0.000000
vn -0.099956 0.002959 -0.000000
vn -0.099956 0.002959 -0.000000
vn -0.099974 -0.002264 0.000000
vn -0.099974 -0.002264 0.000000
vn -0.099720 -0.007482 0.000000
vn -0.099720 -0.007482 0.000000
vn -0.099193 -0.012679 0.000000
vn -0.099193 -0.012679 0.000000
vn -0.098395 -0.017842 0.000000
vn -0.098395 -0.017842 0.000000
vn -0.097330 -0.022956 0.000000
vn -0.097330 -0.022956 0.000000
vn -0.095998 -0.028007 0.000000
vn -0.095998 -0.028007 0.000000
vn -0.094404 -0.032982 0.000000
vn -0.094404 -0.032982 0.000000
vn -0.092553 -0.037867 0.000000
vn -0.092553 -0.037867 0.000000
vn -0.090450 -0.042648 0.000000
vn -0.090450 -0.042648 0.000000
vn -0.088099 -0.047313 0.000000
vn -0.088099 -0.047313 0.000000
vn -0.085508 -0.051849 0.000000
vn -0.085508 -0.051849 0.000000
vn -0.082684 -0.056244 0.000000
vn -0.082684 -0.056244 0.000000
vn -0.079634 -0.060485 0.000000
vn -0.079634 -0.060485 0.000000
vn -0.076367 -0.064561 0.000000
vn -0.076367 -0.064561 0.000000
vn -0.072891 -0.068460 0.000000
vn -0.072891 -0.068460 0.000000
vn -0.069217 -0.072173 0.000000
vn -0.069217 -0.072173 0.000000
vn -0.065354 -0.075690 0.000000
vn -0.065354 -0.075690 0.000000
vn -0.061312 -0.078999 0.000000
vn -0.061312 -0.078999 0.000000
vn -0.057103 -0.082093 0.000000
vn -0.057103 -0.082093 0.000000
vn -0.052738 -0.084963 0.000000
vn -0.052738 -0.084963 0.000000
vn -0.048229 -0.087601 0.000000
vn -0.048229 -0.087601 0.000000
vn -0.043589 -0.090000 0.000000
vn -0.043589 -0.090000 0.000000
vn -0.043589 -0.090000 0.000000
vn -0.043589 -0.090000 0.000000
vn -0.048229 -0.087601 0.000000
vn -0.048229 -0.087601 0.000000
vn -0.052738 -0.084963 0.000000
vn -0.052738 -0.084963 0.000000
vn -0.057103 -0.082093 0.000000
vn -0.057103 -0.082093 0.000000
vn -0.061312 -0.078999 0.000000
vn -0.061312 -0.078999 0.000000
vn -0.065354 -0.075690 0.000000
vn -0.065354 -0.075690 0.000000
vn -0.069217 -0.072173 0.000000
vn -0.069217 -0.072173 0.000000
vn -0.072891 -0.068460 0.000000
vn -0.072891 -0.068460 0.000000
vn -0.076367 -0.064561 0.000000
vn -0.076367 -0.064561 0.000000
vn -0.079634 -0.060485 0.000000
vn -0.079634 -0.060485 0.000000
vn -0.082684 -0.056244 0.000000
vn -0.082684 -0.056244 0.000000
vn -0.085508 -0.051849 0.000000
vn -0.085508 -0.051849 0.000000
vn -0.088099 -0.047313 0.000000
vn -0.088099 -0.047313 0.000000
vn -0.090450 -0.042648 0.000000
vn -0.090450 -0.042648 0.000000
vn -0.092553 -0.037867 0.000000
vn -0.092553 -0.037867 0.000000
vn -0.094404 -0.032982 0.000000
vn -0.094404 -0.032982 0.000000
vn -0.095998 -0.028007 0.000000
vn -0.095998 -0.028007 0.000000
vn -0.097330 -0.022956 0.000000
vn -0.097330 -0.022956 0.000000
vn -0.098395 -0.017842 0.000000
vn -0.098395 -0.017842 0.000000
vn -0.099193 -0.012679 0.000000
vn -0.099193 -0.012679 0.000000
vn -0.099720 -0.007482 0.000000
vn -0.099720 -0.007482 0.000000
vn -0.099974 -0.002264 0.000000
vn -0.099974 -0.002264 0.000000
vn -0.099956 0.002959 -0.000000
vn -0.099956 0.002959 -0.000000
vn -0.099665 0.008175 -0.000000
vn -0.099665 0.008175 -0.000000
vn -0.099102 0.013368 -0.000000
vn -0.099102 0.013368 -0.000000
vn -0.098269 0.018525 -0.000000
vn -0.098269 0.018525 -0.000000
vn -0.097168 0.023632 -0.000000
vn -0.097168 0.023632 -0.000000
vn -0.095801 0.028674 -0.000000
vn -0.095801 0.028674 -0.000000
vn -0.094173 0.033637 -0.000000
vn -0.094173 0.033637 -0.000000
vn -0.092288 0.038509 -0.000000
vn -0.092288 0.038509 -0.000000
vn -0.090151 0.043276 -0.000000
vn -0.090151 0.043276 -0.000000
vn -0.087768 0.047925 -0.000000
vn -0.087768 0.047925 -0.000000
vn -0.085146 0.052442 -0.000000
vn -0.085146 0.052442 -0.000000
vn -0.082291 0.056817 -0.000000
vn -0.082291 0.056817 -0.000000
vn -0.079212 0.061037 -0.000000
vn -0.079212 0.061037 -0.000000
vn -0.075916 0.065090 -0.000000
vn -0.075916 0.065090 -0.000000
vn -0.072414 0.068966 -0.000000
vn -0.072414 0.068966 -0.000000
vn -0.068713 0.072653 -0.000000
vn -0.068713 0.072653 -0.000000
vn -0.064826 0.076142 -0.000000
vn -0.064826 0.076142 -0.000000
vn -0.060761 0.079423 -0.000000
vn -0.060761 0.079423 -0.000000
vn -0.056531 0.082488 -0.000000
vn -0.056531 0.082488 -0.000000
vn -0.052146 0.085328 -0.000000
vn -0.052146 0.085328 -0.000000
vn -0.047619 0.087934 -0.000000
vn -0.047619 0.087934 -0.000000
vn -0.042962 0.090301 -0.000000
vn -0.042962 0.090301 -0.000000
vn -0.038188 0.092421 -0.000000
vn -0.038188 0.092421 -0.000000
vn -0.033310 0.094289 -0.000000
vn -0.033310 0.094289 -0.000000
vn -0.028340 0.095900 -0.000000
vn -0.028340 0.095900 -0.000000
vn -0.023294 0.097249 -0.000000
vn -0.023294 0.097249 -0.000000
vn -0.018184 0.098333 -0.000000
vn -0.018184 0.098333 -0.000000
vn -0.013024 0.099148 -0.000000
vn -0.013024 0.099148 -0.000000
vn -0.007829 0.099693 -0.000000
vn -0.007829 0.099693 -0.000000
vn -0.002612 0.099966 -0.000000
vn -0.002612 0.099966 -0.000000
vn 0.002612 0.099966 0.000000
vn 0.002612 0.099966 0.000000
vn 0.007829 0.099693 0.000000
vn 0.007829 0.099693 0.000000
vn 0.013024 0.099148 0.000000
vn 0.013024 0.099148 0.000000
vn 0.018184 0.098333 0.000000
vn 0.018184 0.098333 0.000000
vn 0.023294 0.097249 0.000000
vn 0.023294 0.097249 0.000000
vn 0.028340 0.095900 0.000000
vn 0.028340 0.095900 0.000000
vn 0.033310 0.094289 0.000000
vn 0.033310 0.094289 0.000000
vn 0.038188 0.092421 0.000000
vn 0.038188 0.092421 0.000000
vn 0.042962 0.090301 0.000000
vn 0.042962 0.090301 0.000000
vn 0.047619 0.087934 0.000000
vn 0.047619 0.087934 0.000000
vn 0.052146 0.085328 0.000000
vn 0.052146 0.085328 0.000000
vn 0.056531 0.082488 0.000000
vn 0.056531 0.082488 0.000000
vn 0.060761 0.079423 0.000000
vn 0.060761 0.079423 0.000000
vn 0.064826 0.076142 0.000000
vn 0.064826 0.076142 0.000000
vn 0.068713 0.072653 0.000000
vn 0.068713 0.072653 0.000000
vn 0.072414 0.068966 0.000000
vn 0.072414 0.068966 0.000000
vn 0.075916 0.065090 0.000000
vn 0.075916 0.065090 0.000000
vn 0.079212 0.061037 0.000000
vn 0.079212 0.061037 0.000000
vn 0.082291 0.056817 0.000000
vn 0.082291 0.056817 0.000000
vn 0.085146 0.052442 0.000000
vn 0.085146 0.052442 0.000000
vn 0.087768 0.047925 0.000000
vn 0.087768 0.047925 0.000000
vn 0.090151 0.043276 0.000000
vn 0.090151 0.043276 0.000000
vn 0.092288 0.038509 0.000000
vn 0.092288 0.038509 0.000000
vn 0.094173 0.033637 0.000000
vn 0.094173 0.033637 0.000000
vn 0.095801 0.028674 0.000000
vn 0.095801 0.028674 0.000000
vn 0.097168 0.023632 0.000000
vn 0.097168 0.023632 0.000000
vn 0.098269 0.018525 0.000000
vn 0.098269 0.018525 0.000000
vn 0.099102 0.013368 0.000000
vn 0.099102 0.013368 0.000000
vn 0.099665 0.008175 0.000000
vn 0.099665 0.008175 0.000000
vn 0.099956 0.002959 0.000000
vn 0.099956 0.002959 0.000000
vn 0.099974 -0.002264 0.000000
vn 0.099974 -0.002264 0.000000
vn 0.099720 -0.007482 0.000000
vn 0.099720 -0.007482 0.000000
vn 0.099193 -0.012679 0.000000
vn 0.099193 -0.012679 0.000000
vn 0.098395 -0.017842 0.000000
vn 0.098395 -0.017842 0.000000
vn 0.097330 -0.022956 0.000000
vn 0.097330 -0.022956 0.000000
vn 0.095998 -0.028007 0.000000
vn 0.095998 -0.028007 0.000000
vn 0.094404 -0.032982 0.000000
vn 0.094404 -0.032982 0.000000
vn 0.092553 -0.037867 0.000000
vn 0.092553 -0.037867 0.000000
vn 0.090450 -0.042648 0.000000
vn 0.090450 -0.042648 0.000000
vn 0.088099 -0.047313 0.000000
vn 0.088099 -0.047313 0.000000
vn 0.085508 -0.051849 0.000000
vn 0.085508 -0.051849 0.000000
vn 0.082684 -0.056244 0.000000
vn 0.082684 -0.056244 0.000000
vn 0.079634 -0.060485 0.000000
vn 0.079634 -0.060485 0.000000
vn 0.076367 -0.064561 0.000000
vn 0.076367 -0.064561 0.000000
vn 0.072891 -0.068460 0.000000
vn 0.072891 -0.068460 0.000000
vn 0.069217 -0.072173 0.000000
vn 0.069217 -0.072173 0.000000
vn 0.065354 -0.075690 0.000000
vn 0.065354 -0.075690 0.000000
vn 0.061312 -0.078999 0.000000
vn 0.061312 -0.078999 0.000000
vn 0.057103 -0.082093 0.000000
vn 0.057103 -0.082093 0.000000
vn 0.052738 -0.084963 0.000000
vn 0.052738 -0.084963 0.000000
vn 0.048229 -0.087601 0.000000
vn 0.048229 -0.087601 0.000000
vn 0.043589 -0.090000 0.000000
vn 0.043589 -0.090000 0.000000
vn -0.098481 0.017365 0.000000
vn -0.098481 0.017365 0.000000
vn -0.100000 0.000000 0.000000
vn -0.100000 0.000000 0.000000
vn -0.098481 -0.017365 0.000000
vn -0.098481 -0.017365 0.000000
vn -0.093969 -0.034202 0.000000
vn -0.093969 -0.034202 0.000000
vn -0.086603 -0.050000 0.000000
vn -0.086603 -0.050000 0.000000
vn -0.076604 -0.064279 0.000000
vn -0.076604 -0.064279 0.000000
vn -0.064279 -0.076604 0.000000
vn -0.064279 -0.076604 0.000000
vn -0.050000 -0.086603 0.000000
vn -0.050000 -0.086603 0.000000
vn -0.034202 -0.093969 0.000000
vn -0.034202 -0.093969 0.000000
vn -0.017365 -0.098481 0.000000
vn -0.017365 -0.098481 0.000000
vn 0.000000 -0.100000 0.000000
vn 0.000000 -0.100000 0.000000
vn 0.017365 -0.098481 0.000000
vn 0.017365 -0.098481 0.000000
vn 0.034202 -0.093969 0.000000
vn 0.034202 -0.093969 0.000000
vn 0.050000 -0.086603 0.000000
vn 0.050000 -0.086603 0.000000
vn 0.064279 -0.076604 0.000000
vn 0.064279 -0.076604 0.000000
vn 0.076604 -0.064279 0.000000
vn 0.076604 -0.064279 0.000000
vn 0.086603 -0.050000 0.000000
vn 0.086603 -0.050000 0.000000
vn 0.093969 -0.034202 0.000000
vn 0.093969 -0.034202 0.000000
vn 0.098481 -0.017365 0.000000
vn 0.098481 -0.017365 0.000000
vn 0.100000 -0.000000 0.000000
vn 0.100000 -0.000000 0.000000
vn 0.098481 0.017365 0.000000
vn 0.098481 0.017365 0.000000
vn 0.093969 0.034202 0.000000
vn 0.093969 0.034202 0.000000
vn 0.086603 0.050000 0.000000
vn 0.086603 0.050000 0.000000
vn 0.076604 0.064279 0.000000
vn 0.076604 0.064279 0.000000
vn 0.064279 0.076604 0.000000
vn 0.064279 0.076604 0.000000
vn 0.050000 0.086603 0.000000
vn 0.050000 0.086603 0.000000
vn 0.034202 0.093969 0.000000
vn 0.034202 0.093969 0.000000
vn 0.017365 0.098481 0.000000
vn 0.017365 0.098481 0.000000
vn 0.000000 0.100000 0.000000
vn 0.000000 0.100000 0.000000
vn -0.017365 0.098481 0.000000
vn -0.017365 0.098481 0.000000
vn -0.034202 0.093969 0.000000
vn -0.034202 0.093969 0.000000
vn -0.050000 0.086603 0.000000
vn -0.050000 0.086603 0.000000
vn -0.064279 0.076604 0.000000
vn -0.064279 0.076604 0.000000
vn -0.076604 0.064279 0.000000
vn -0.076604 0.064279 0.000000
vn -0.086603 0.050000 0.000000
vn -0.086603 0.050000 0.000000
vn -0.093969 0.034202 0.000000
vn -0.093969 0.034202 0.000000
vn -0.098481 0.017365 0.000000
vn -0.098481 0.017365 0.000000
vn -0.100000 0.000000 0.000000
vn -0.100000 0.000000 0.000000
vn -0.098481 -0.017365 0.000000
vn -0.098481 -0.017365 0.000000
vn -0.093969 -0.034202 0.000000
vn -0.093969 -0.034202 0.000000
vn -0.086603 -0.050000 0.000000
vn -0.086603 -0.050000 0.000000
vn -0.076604 -0.064279 0.000000
vn -0.076604 -0.064279 0.000000
vn -0.064279 -0.076604 0.000000
vn -0.064279 -0.076604 0.000000
vn -0.050000 -0.086603 0.000000
vn -0.050000 -0.086603 0.000000
vn -0.034202 -0.093969 0.000000
vn -0.034202 -0.093969 0.000000
vn -0.017365 -0.098481 0.000000
vn -0.017365 -0.098481 0.000000
vn 0.000000 -0.100000 0.000000
vn 0.000000 -0.100000 0.000000
vn 0.017365 -0.098481 0.000000
vn 0.017365 -0.098481 0.000000
vn 0.034202 -0.093969 0.000000
vn 0.034202 -0.093969 0.000000
vn 0.050000 -0.086603 0.000000
vn 0.050000 -0.086603 0.000000
vn 0.064279 -0.076604 0.000000
vn 0.064279 -0.076604 0.000000
vn 0.076604 -0.064279 0.000000
vn 0.076604 -0.064279 0.000000
vn 0.086603 -0.050000 0.000000
vn 0.086603 -0.050000 0.000000
vn 0.093969 -0.034202 0.000000
vn 0.093969 -0.034202 0.000000
vn 0.098481 -0.017365 0.000000
vn 0.098481 -0.017365 0.000000
vn 0.100000 -0.000000 0.000000
vn 0.100000 -0.000000 0.000000
vn 0.098481 0.017365 0.000000
vn 0.098481 0.017365 0.000000
vn 0.093969 0.034202 0.000000
vn 0.093969 0.034202 0.000000
vn 0.086603 0.050000 0.000000
vn 0.086603 0.050000 0.000000
vn 0.076604 0.064279 0.000000
vn 0.076604 0.064279 0.000000
vn 0.064279 0.076604 0.000000
vn 0.064279 0.076604 0.000000
vn 0.050000 0.086603 0.000000
vn 0.050000 0.086603 0.000000
vn 0.034202 0.093969 0.000000
vn 0.034202 0.093969 0.000000
vn 0.017365 0.098481 0.000000
vn 0.017365 0.098481 0.000000
vn 0.000000 0.100000 0.000000
vn 0.000000 0.100000 0.000000
vn -0.017365 0.098481 0.000000
vn -0.017365 0.098481 0.000000
vn -0.034202 0.093969 0.000000
vn -0.034202 0.093969 0.000000
vn -0.050000 0.086603 0.000000
vn -0.050000 0.086603 0.000000
vn -0.064279 0.076604 0.000000
vn -0.064279 0.076604 0.000000
vn -0.076604 0.064279 0.000000
vn -0.076604 0.064279 0.000000
vn -0.086603 0.050000 0.000000
vn -0.086603 0.050000 0.000000
vn -0.093969 0.034202 0.000000
vn -0.093969 0.034202 0.000000
vn -0.098481 0.017365 0.000000
vn -0.098481 0.017365 0.000000
vn -0.100000 0.000000 0.000000
vn -0.100000 0.000000 0.000000
vn -0.098481 -0.017365 0.000000
vn -0.098481 -0.017365 0.000000
vn -0.093969 -0.034202 0.000000
vn -0.093969 -0.034202 0.000000
vn -0.086603 -0.050000 0.000000
vn -0.086603 -0.050000 0.000000
vn -0.076604 -0.064279 0.000000
vn -0.076604 -0.064279 0.000000
vn -0.064279 -0.076604 0.000000
vn -0.064279 -0.076604 0.000000
vn -0.050000 -0.086603 0.000000
vn -0.050000 -0.086603 0.000000
vn -0.034202 -0.093969 0.000000
vn -0.034202 -0.093969 0.000000
vn -0.017365 -0.098481 0.000000
vn -0.017365 -0.098481 0.000000
vn 0.000000 -0.100000 0.000000
vn 0.000000 -0.100000 0.000000
vn 0.017365 -0.098481 0.000000
vn 0.017365 -0.098481 0.000000
vn 0.034202 -0.093969 0.000000
vn 0.034202 -0.093969 0.000000
vn 0.050000 -0.086603 0.000000
vn 0.050000 -0.086603 0.000000
vn 0.064279 -0.076604 0.000000
vn 0.064279 -0.076604 0.000000
vn 0.076604 -0.064279 0.000000
vn 0.076604 -0.064279 0.000000
vn 0.086603 -0.050000 0.000000
vn 0.086603 -0.050000 0.000000
vn 0.093969 -0.034202 0.000000
vn 0.093969 -0.034202 0.000000
vn 0.098481 -0.017365 0.000000
vn 0.098481 -0.017365 0.000000
vn 0.100000 -0.000000 0.000000
vn 0.100000 -0.000000 0.000000
vn 0.098481 0.017365 0.000000
vn 0.098481 0.017365 0.000000
vn 0.093969 0.034202 0.000000
vn 0.093969 0.034202 0.000000
vn 0.086603 0.050000 0.000000
vn 0.086603 0.050000 0.000000
vn 0.076604 0.064279 0.000000
vn 0.076604 0.064279 0.000000
vn 0.064279 0.076604 0.000000
vn 0.064279 0.076604 0.000000
vn 0.050000 0.086603 0.000000
vn 0.050000 0.086603 0.000000
vn 0.034202 0.093969 0.000000
vn 0.034202 0.093969 0.000000
vn 0.017365 0.098481 0.000000
vn 0.017365 0.098481 0.000000
vn 0.000000 0.100000 0.000000
vn 0.000000 0.100000 0.000000
vn -0.017365 0.098481 0.000000
vn -0.017365 0.098481 0.000000
vn -0.034202 0.093969 0.000000
vn -0.034202 0.093969 0.000000
vn -0.050000 0.086603 0.000000
vn -0.050000 0.086603 0.000000
vn -0.064279 0.076604 0.000000
vn -0.064279 0.076604 0.000000
vn -0.076604 0.064279 0.000000
vn -0.076604 0.064279 0.000000
vn -0.086603 0.050000 0.000000
vn -0.086603 0.050000 0.000000
vn -0.093969 0.034202 0.000000
vn -0.093969 0.034202 0.000000
vn 0.000000 0.000000 -0.100000
vn 0.000000 0.000000 -0.100000
vn 0.000000 0.000000 -0.100000
vn 0.000000 0.000000 -0.100000
vn 0.000000 0.000000 -0.100000
vn 0.000000 0.000000 -0.100000
vn 0.000000 0.000000 -0.100000
vn 0.000000 0.000000 -0.100000
vn 0.000000 0.000000 -0.100000
vn 0.000000 0.000000 -0.100000
vn 0.000000 0.000000 -0.100000
vn 0.000000 0.000000 -0.100000
vn 0.000000 0.000000 -0.100000
vn 0.000000 0.000000 -0.100000
vn 0.000000 0.000000 -0.100000
vn 0.000000 0.000000 -0.100000
vn 0.000000 0.000000 -0.100000
vn 0.000000 0.000000 -0.100000
vn 0.000000 0.000000 -0.100000
vn 0.000000 0.000000 -0.100000
vn 0.000000 0.000000 -0.100000
vn 0.000000 0.000000 -0.100000
vn 0.000000 0.000000 -0.100000
vn 0.000000 0.000000 -0.100000
vn 0.000000 0.000000 -0.100000
vn 0.000000 0.000000 -0.100000
vn 0.000000 0.000000 -0.100000
vn 0.000000 0.000000 -0.100000
vn 0.000000 0.000000 -0.100000
vn 0.000000 0.000000 -0.100000
vn 0.000000 0.000000 -0.100000
vn 0.000000 0.000000 -0.100000
vn 0.000000 0.000000 -0.100000
vn 0.000000 0.000000 -0.100000
vn 0.000000 0.000000 -0.100000
vn 0.000000 0.000000 -0.100000
vn 0.000000 0.000000 -0.100000
vn 0.000000 0.000000 -0.100000
vn 0.000000 0.000000 -0.100000
vn 0.000000 0.000000 -0.100000
vn 0.000000 0.000000 -0.100000
vn 0.000000 0.000000 -0.100000
vn 0.000000 0.000000 -0.100000
vn 0.000000 0.000000 -0.100000
vn 0.000000 0.000000 -0.100000
vn 0.000000 0.000000 -0.100000
vn 0.000000 0.000000 -0.100000
vn 0.000000 0.000000 -0.100000
vn 0.000000 0.000000 -0.100000
vn 0.000000 0.000000 -0.100000
vn 0.000000 0.000000 -0.100000
vn 0.000000 0.000000 -0.100000
vn 0.000000 0.000000 -0.100000
vn 0.000000 0.000000 -0.100000
vn 0.000000 0.000000 -0.100000
vn 0.000000 0.000000 -0.100000
vn 0.000000 0.000000 -0.100000
vn 0.000000 0.000000 -0.100000
vn 0.000000 0.000000 -0.100000
vn 0.000000 0.000000 -0.100000
vn 0.000000 0.000000 -0.100000
vn 0.000000 0.000000 -0.100000
vn 0.000000 0.000000 -0.100000
vn 0.000000 0.000000 -0.100000
vn 0.000000 0.000000 -0.100000
vn 0.000000 0.000000 -0.100000
vn 0.000000 0.000000 -0.100000
vn 0.000000 0.000000 -0.100000
vn 0.000000 0.000000 -0.100000
vn 0.000000 0.000000 -0.100000
vn 0.000000 0.000000 -0.100000
vn 0.000000 0.000000 -0.100000
vn 0.000000 0.000000 -0.100000
vn 0.000000 0.000000 -0.100000
vn 0.000000 0.000000 -0.100000
vn 0.000000 0.000000 -0.100000
vn 0.000000 0.000000 -0.100000
vn 0.000000 0.000000 -0.100000
vn 0.000000 0.000000 -0.100000
vn 0.000000 0.000000 -0.100000
vn 0.000000 0.000000 -0.100000
vn 0.000000 0.000000 -0.100000
vn 0.000000 0.000000 -0.100000
vn 0.000000 0.000000 -0.100000
vn 0.000000 0.000000 -0.100000
vn 0.000000 0.000000 -0.100000
vn 0.000000 0.000000 -0.100000
vn 0.000000 0.000000 -0.100000
vn 0.000000 0.000000 -0.100000
vn 0.000000 0.000000 -0.100000
vn 0.000000 0.000000 -0.100000
vn 0.000000 0.000000 -0.100000
vn 0.000000 0.000000 -0.100000
vn 0.000000 0.000000 -0.100000
vn 0.000000 0.000000 -0.100000
vn 0.000000 0.000000 -0.100000
vn 0.000000 0.000000 -0.100000
vn 0.000000 0.000000 -0.100000
vn 0.000000 0.000000 -0.100000
vn 0.000000 0.000000 -0.100000
vn 0.000000 0.000000 -0.100000
vn 0.000000 0.000000 -0.100000
vn 0.000000 0.000000 -0.100000
vn 0.000000 0.000000 -0.100000
vn 0.000000 0.000000 -0.100000
vn 0.000000 0.000000 -0.100000
vn 0.000000 0.000000 -0.100000
vn 0.000000 0.000000 -0.100000
vn 0.000000 0.000000 -0.100000
vn 0.000000 0.000000 -0.100000
vn 0.000000 0.000000 -0.100000
vn 0.000000 0.000000 -0.100000
vn 0.000000 0.000000 -0.100000
vn 0.000000 0.000000 -0.100000
vn 0.000000 0.000000 -0.100000
vn 0.000000 0.000000 -0.100000
vn 0.000000 0.000000 -0.100000
vn 0.000000 0.000000 -0.100000
vn 0.000000 0.000000 -0.100000
vn 0.000000 0.000000 -0.100000
vn 0.000000 0.000000 -0.100000
vn 0.000000 0.000000 -0.100000
vn 0.000000 0.000000 -0.100000
vn 0.000000 0.000000 -0.100000
vn 0.000000 0.000000 -0.100000
vn 0.000000 0.000000 -0.100000
vn 0.000000 0.000000 -0.100000
vn 0.000000 0.000000 -0.100000
vn 0.000000 0.000000 -0.100000
vn 0.000000 0.000000 -0.100000
vn 0.000000 0.000000 -0.100000
vn 0.000000 0.000000 -0.100000
vn 0.000000 0.000000 -0.100000
vn 0.000000 0.000000 -0.100000
vn 0.000000 0.000000 -0.100000
vn 0.000000 0.000000 -0.100000
vn 0.000000 0.000000 -0.100000
vn 0.000000 0.000000 -0.100000
vn 0.000000 0.000000 -0.100000
vn 0.000000 0.000000 -0.100000
vn 0.000000 0.000000 -0.100000
vn 0.000000 0.000000 -0.100000
vn 0.000000 0.000000 -0.100000
vn 0.000000 0.000000 -0.100000
vn 0.000000 0.000000 -0.100000
vn 0.000000 0.000000 -0.100000
vn 0.000000 0.000000 -0.100000
vn 0.000000 0.000000 -0.100000
vn 0.000000 0.000000 -0.100000
vn 0.000000 0.000000 -0.100000
vn 0.000000 0.000000 -0.100000
vn 0.000000 0.000000 -0.100000
vn 0.000000 0.000000 -0.100000
vn 0.000000 0.000000 -0.100000
vn 0.000000 0.000000 -0.100000
vn 0.000000 0.000000 -0.100000
vn 0.000000 0.000000 -0.100000
vn 0.000000 0.000000 -0.100000
vn 0.000000 0.000000 -0.100000
vn 0.000000 0.000000 -0.100000
vn 0.000000 0.000000 -0.100000
vn 0.000000 0.000000 -0.100000
vn 0.000000 0.000000 -0.100000
vn 0.000000 0.000000 -0.100000
vn 0.000000 0.000000 -0.100000
vn 0.000000 0.000000 -0.100000
vn 0.000000 0.000000 -0.100000
vn 0.000000 0.000000 -0.100000
vn 0.000000 0.000000 -0.100000
vn 0.000000 0.000000 -0.100000
vn 0.000000 0.000000 -0.100000
vn 0.000000 0.000000 -0.100000
vn 0.000000 0.000000 -0.100000
vn 0.000000 0.000000 -0.100000
vn 0.000000 0.000000 -0.100000
vn 0.000000 0.000000 -0.100000
vn 0.000000 0.000000 -0.100000
vn 0.000000 0.000000 -0.100000
vn 0.000000 0.000000 -0.100000
vn 0.000000 0.000000 -0.100000
vn 0.000000 0.000000 -0.100000
vn 0.000000 0.000000 -0.100000
vn 0.000000 0.000000 -0.100000
vn 0.000000 0.000000 -0.100000
vn 0.000000 0.000000 -0.100000
vn 0.000000 0.000000 -0.100000
vn 0.000000 0.000000 -0.100000
vn 0.000000 0.000000 -0.100000
vn 0.000000 0.000000 -0.100000
vn 0.000000 0.000000 -0.100000
vn 0.000000 0.000000 -0.100000
vn 0.000000 0.000000 -0.100000
vn 0.000000 0.000000 -0.100000
vn 0.000000 0.000000 -0.100000
vn 0.000000 0.000000 -0.100000
vn 0.000000 0.000000 -0.100000
vn 0.000000 0.000000 -0.100000
vn 0.000000 0.000000 -0.100000
vn 0.000000 0.000000 -0.100000
vn 0.000000 0.000000 -0.100000
vn 0.000000 0.000000 -0.100000
vn 0.000000 0.000000 -0.100000
vn 0.000000 0.000000 -0.100000
vn 0.000000 0.000000 -0.100000
vn 0.000000 0.000000 -0.100000
vn 0.000000 0.000000 -0.100000
vn 0.000000 0.000000 -0.100000
vn 0.000000 0.000000 -0.100000
vn 0.000000 0.000000 -0.100000
vn 0.000000 0.000000 -0.100000
vn 0.000000 0.000000 -0.100000
vn 0.000000 0.000000 -0.100000
vn 0.000000 0.000000 -0.100000
vn 0.000000 0.000000 -0.100000
vn 0.000000 0.000000 -0.100000
vn 0.000000 0.000000 -0.100000
vn 0.000000 0.000000 -0.100000
vn 0.000000 0.000000 -0.100000
vn 0.000000 0.000000 -0.100000
vn 0.000000 0.000000 -0.100000
vn 0.000000 0.000000 -0.100000
vn 0.000000 0.000000 -0.100000
vn 0.000000 0.000000 -0.100000
vn 0.000000 0.000000 -0.100000
vn 0.000000 0.000000 -0.100000
vn 0.000000 0.000000 -0.100000
vn 0.000000 0.000000 -0.100000
vn 0.000000 0.000000 -0.100000
vn 0.000000 0.000000 -0.100000
vn 0.000000 0.000000 -0.100000
vn 0.000000 0.000000 -0.100000
vn 0.000000 0.000000 -0.100000
vn 0.000000 0.000000 -0.100000
vn 0.000000 0.000000 -0.100000
vn 0.000000 0.000000 -0.100000
vn 0.000000 0.000000 -0.100000
vn 0.000000 0.000000 -0.100000
vn 0.000000 0.000000 -0.100000
vn 0.000000 0.000000 -0.100000
vn 0.000000 0.000000 -0.100000
vn 0.000000 0.000000 -0.100000
vn 0.000000 0.000000 -0.100000
vn 0.000000 0.000000 -0.100000
vn 0.000000 0.000000 -0.100000
vn 0.000000 0.000000 -0.100000
vn 0.000000 0.000000 -0.100000
vn 0.000000 0.000000 -0.100000
vn 0.000000 0.000000 -0.100000
vn 0.000000 0.000000 -0.100000
vn 0.000000 0.000000 -0.100000
vn 0.000000 0.000000 -0.100000
vn 0.000000 0.000000 -0.100000
vn 0.000000 0.000000 -0.100000
vn 0.000000 0.000000 -0.100000
vn 0.000000 0.000000 -0.100000
vn 0.000000 0.000000 -0.100000
vn 0.000000 0.000000 -0.100000
vn 0.000000 0.000000 -0.100000
vn 0.000000 0.000000 -0.100000
vn 0.000000 0.000000 -0.100000
vn 0.000000 0.000000 -0.100000
vn 0.000000 0.000000 -0.100000
vn 0.000000 0.000000 -0.100000
vn 0.000000 0.000000 -0.100000
vn 0.000000 0.000000 -0.100000
vn 0.000000 0.000000 -0.100000
vn 0.000000 0.000000 -0.100000
vn 0.000000 0.000000 -0.100000
vn 0.000000 0.000000 -0.100000
vn 0.000000 0.000000 -0.100000
vn 0.000000 0.000000 -0.100000
vn 0.000000 0.000000 -0.100000
vn 0.000000 0.000000 -0.100000
vn 0.000000 0.000000 -0.100000
vn 0.000000 0.000000 -0.100000
vn 0.000000 0.000000 -0.100000
vn 0.000000 0.000000 -0.100000
vn 0.000000 0.000000 -0.100000
vn 0.000000 0.000000 -0.100000
vn 0.000000 0.000000 -0.100000
vn 0.000000 0.000000 -0.100000
vn 0.000000 0.000000 -0.100000
vn 0.000000 0.000000 -0.100000
vn 0.000000 0.000000 -0.100000
vn 0.000000 0.000000 -0.100000
vn 0.000000 0.000000 -0.100000
vn 0.000000 0.000000 -0.100000
vn 0.000000 0.000000 -0.100000
vn 0.000000 0.000000 -0.100000
vn 0.000000 0.000000 -0.100000
vn 0.000000 0.000000 -0.100000
vn 0.000000 0.000000 -0.100000
vn 0.000000 0.000000 -0.100000
vn 0.000000 0.000000 -0.100000
vn 0.000000 0.000000 -0.100000
vn 0.000000 0.000000 -0.100000
vn 0.000000 0.000000 -0.100000
vn 0.000000 0.000000 -0.100000
vn 0.099699 0.007749 -0.000000
vn 0.098422 0.003399 -0.017365
vn 0.100000 0.000000 -0.000000
vn 0.098422 -0.003399 -0.017365
vn 0.099699 -0.007749 -0.000000
vn 0.097953 -0.010181 -0.017365
vn 0.098799 -0.015452 -0.000000
vn 0.097017 -0.016915 -0.017365
vn 0.097304 -0.023062 -0.000000
vn 0.095619 -0.023568 -0.017365
vn 0.095225 -0.030533 -0.000000
vn 0.093777 -0.030073 -0.017365
vn 0.091465 -0.036506 -0.017365
vn 0.089479 -0.028700 -0.034202
vn 0.087275 -0.034834 -0.034202
vn 0.082463 -0.026454 -0.050000
vn 0.080433 -0.032103 -0.050000
vn 0.072942 -0.023403 -0.064279
vn 0.071147 -0.028397 -0.064279
vn 0.061205 -0.019640 -0.076604
vn 0.059699 -0.023828 -0.076604
vn 0.047608 -0.015280 -0.086603
vn 0.046438 -0.018535 -0.086603
vn 0.032565 -0.010454 -0.093969
vn 0.031765 -0.012678 -0.093969
vn 0.016534 -0.005308 -0.098481
vn 0.016128 -0.006437 -0.098481
vn 0.097953 0.010181 -0.017365
vn 0.098799 0.015452 -0.000000
vn 0.097017 0.016915 -0.017365
vn 0.097304 0.023062 -0.000000
vn 0.095619 0.023568 -0.017365
vn 0.095225 0.030533 -0.000000
vn 0.093777 0.030073 -0.017365
vn 0.091465 0.036506 -0.017365
vn 0.089479 0.028700 -0.034202
vn 0.087275 0.034834 -0.034202
vn 0.082463 0.026454 -0.050000
vn 0.080433 0.032103 -0.050000
vn 0.071147 0.028397 -0.064279
vn 0.069018 0.033237 -0.064279
vn 0.057913 0.027890 -0.076604
vn 0.055851 0.031819 -0.076604
vn 0.043444 0.024750 -0.086603
vn 0.041633 0.027689 -0.086603
vn 0.028479 0.018940 -0.093969
vn 0.027104 0.020860 -0.093969
vn 0.013761 0.010591 -0.098481
vn 0.012998 0.011515 -0.098481
vn 0.012172 0.012384 -0.098481
vn 0.011289 0.013195 -0.098481
vn 0.010352 0.013942 -0.098481
vn 0.009365 0.014623 -0.098481
vn 0.008334 0.015234 -0.098481
vn 0.007263 0.015773 -0.098481
vn 0.006158 0.016236 -0.098481
vn 0.005023 0.016623 -0.098481
vn 0.003864 0.016929 -0.098481
vn 0.002687 0.017156 -0.098481
vn 0.001497 0.017300 -0.098481
vn 0.000300 0.017362 -0.098481
vn -0.000899 0.017342 -0.098481
vn -0.002093 0.017238 -0.098481
vn -0.003277 0.017053 -0.098481
vn -0.004446 0.016786 -0.098481
vn -0.005594 0.016439 -0.098481
vn -0.006714 0.016014 -0.098481
vn -0.011017 0.032379 -0.093969
vn -0.013225 0.031542 -0.093969
vn -0.016106 0.047335 -0.086603
vn -0.019333 0.046111 -0.086603
vn -0.020706 0.060853 -0.076604
vn -0.024854 0.059279 -0.076604
vn -0.024676 0.072521 -0.064279
vn -0.029620 0.070646 -0.064279
vn -0.027896 0.081987 -0.050000
vn -0.033486 0.079867 -0.050000
vn -0.030269 0.088961 -0.034202
vn -0.036335 0.086660 -0.034202
vn -0.031723 0.093232 -0.017365
vn -0.038079 0.090821 -0.017365
vn -0.036018 0.093288 -0.000000
vn -0.043139 0.090217 -0.000000
vn 0.092572 0.037820 -0.000000
vn 0.088728 0.042729 -0.017365
vn 0.084663 0.040772 -0.034202
vn 0.081649 0.046516 -0.034202
vn 0.075248 0.042869 -0.050000
vn 0.072111 0.047958 -0.050000
vn 0.063786 0.042422 -0.064279
vn 0.060707 0.046721 -0.064279
vn 0.050939 0.039204 -0.076604
vn 0.048113 0.042625 -0.076604
vn 0.037426 0.033156 -0.086603
vn 0.035049 0.035659 -0.086603
vn 0.023975 0.024392 -0.093969
vn 0.022235 0.025988 -0.093969
vn 0.089363 0.044880 -0.000000
vn 0.085569 0.048749 -0.017365
vn 0.078245 0.052038 -0.034202
vn 0.068631 0.052819 -0.050000
vn 0.057339 0.050798 -0.064279
vn 0.045058 0.045843 -0.076604
vn 0.032505 0.037992 -0.086603
vn 0.020389 0.027460 -0.093969
vn 0.085617 0.051670 -0.000000
vn 0.082002 0.054536 -0.017365
vn 0.074468 0.057312 -0.034202
vn 0.064823 0.057428 -0.050000
vn 0.053698 0.054633 -0.064279
vn 0.041788 0.048842 -0.076604
vn 0.029807 0.040144 -0.086603
vn 0.018446 0.028802 -0.093969
vn 0.081355 0.058149 -0.000000
vn 0.078044 0.060064 -0.017365
vn 0.070337 0.062313 -0.034202
vn 0.060706 0.061763 -0.050000
vn 0.049801 0.058208 -0.064279
vn 0.038319 0.051609 -0.076604
vn 0.026966 0.042105 -0.086603
vn 0.016415 0.030006 -0.093969
vn 0.076604 0.064279 -0.000000
vn 0.073714 0.065305 -0.017365
vn 0.065870 0.067017 -0.034202
vn 0.056301 0.065805 -0.050000
vn 0.045666 0.061505 -0.064279
vn 0.034667 0.054129 -0.076604
vn 0.023997 0.043865 -0.086603
vn 0.014306 0.031067 -0.093969
vn 0.071393 0.070022 -0.000000
vn 0.069033 0.070235 -0.017365
vn 0.061090 0.071402 -0.034202
vn 0.051627 0.069532 -0.050000
vn 0.041314 0.064509 -0.064279
vn 0.030850 0.056392 -0.076604
vn 0.020913 0.045416 -0.086603
vn 0.012128 0.031979 -0.093969
vn 0.065752 0.075344 -0.000000
vn 0.064023 0.074830 -0.017365
vn 0.056018 0.075447 -0.034202
vn 0.046706 0.072928 -0.050000
vn 0.036765 0.067205 -0.064279
vn 0.026886 0.058386 -0.076604
vn 0.017730 0.046751 -0.086603
vn 0.009893 0.032740 -0.093969
vn 0.059716 0.080212 -0.000000
vn 0.058708 0.079069 -0.017365
vn 0.050680 0.079132 -0.034202
vn 0.041564 0.075977 -0.050000
vn 0.032041 0.069582 -0.064279
vn 0.022794 0.060102 -0.076604
vn 0.014463 0.047863 -0.086603
vn 0.007611 0.033344 -0.093969
vn 0.053113 0.082931 -0.017365
vn 0.053320 0.084599 -0.000000
vn 0.047265 0.086397 -0.017365
vn 0.046604 0.088476 -0.000000
vn 0.041191 0.089452 -0.017365
vn 0.039608 0.091822 -0.000000
vn 0.034922 0.092081 -0.017365
vn 0.032373 0.094615 -0.000000
vn 0.028486 0.094271 -0.017365
vn 0.024944 0.096839 -0.000000
vn 0.021914 0.096012 -0.017365
vn 0.017365 0.098481 -0.000000
vn 0.015238 0.097295 -0.017365
vn 0.009681 0.099530 -0.000000
vn 0.008489 0.098114 -0.017365
vn 0.001939 0.099981 -0.000000
vn 0.001700 0.098466 -0.017365
vn -0.005097 0.098349 -0.017365
vn -0.004864 0.093843 -0.034202
vn -0.011327 0.093284 -0.034202
vn -0.010439 0.085971 -0.050000
vn -0.016345 0.085046 -0.050000
vn -0.014458 0.075228 -0.064279
vn -0.019614 0.074051 -0.064279
vn -0.016458 0.062136 -0.076604
vn -0.005814 0.099831 -0.000000
vn -0.011871 0.097763 -0.017365
vn -0.017736 0.092280 -0.034202
vn -0.022174 0.083716 -0.050000
vn -0.013533 0.099080 -0.000000
vn -0.018587 0.096711 -0.017365
vn -0.024060 0.090837 -0.034202
vn -0.021170 0.097733 -0.000000
vn -0.025215 0.095198 -0.017365
vn -0.028680 0.095799 -0.000000
vn -0.044254 0.087977 -0.017365
vn -0.050000 0.086603 -0.000000
vn -0.050219 0.084715 -0.017365
vn -0.056561 0.082468 -0.000000
vn -0.055943 0.081048 -0.017365
vn -0.061402 0.076995 -0.017365
vn -0.058589 0.073468 -0.034202
vn -0.063518 0.069251 -0.034202
vn -0.058538 0.063822 -0.050000
vn -0.062802 0.059631 -0.050000
vn -0.055552 0.052747 -0.064279
vn -0.059058 0.048789 -0.064279
vn -0.049556 0.040939 -0.076604
vn -0.052262 0.037422 -0.076604
vn -0.040653 0.029109 -0.086603
vn -0.042564 0.026235 -0.086603
vn -0.029116 0.017946 -0.093969
vn -0.030284 0.015894 -0.093969
vn -0.015376 0.008070 -0.098481
vn -0.015896 0.006990 -0.098481
vn -0.016340 0.005876 -0.098481
vn -0.016707 0.004735 -0.098481
vn -0.016994 0.003571 -0.098481
vn -0.017200 0.002390 -0.098481
vn -0.017323 0.001198 -0.098481
vn -0.017365 0.000000 -0.098481
vn -0.017323 -0.001198 -0.098481
vn -0.034202 -0.000000 -0.093969
vn -0.034121 -0.002360 -0.093969
vn -0.050000 -0.000000 -0.086603
vn -0.049881 -0.003450 -0.086603
vn -0.064279 -0.000000 -0.076604
vn -0.064126 -0.004435 -0.076604
vn -0.076604 -0.000000 -0.064279
vn -0.076422 -0.005285 -0.064279
vn -0.086603 -0.000000 -0.050000
vn -0.086396 -0.005975 -0.050000
vn -0.093969 -0.000000 -0.034202
vn -0.093745 -0.006483 -0.034202
vn -0.098481 -0.000000 -0.017365
vn -0.098246 -0.006794 -0.017365
vn -0.099925 -0.003878 -0.000000
vn -0.099324 -0.011609 -0.000000
vn -0.062781 0.077836 -0.000000
vn -0.066567 0.072576 -0.017365
vn -0.068144 0.064704 -0.034202
vn -0.066767 0.055156 -0.050000
vn -0.062284 0.044598 -0.064279
vn -0.054720 0.033727 -0.076604
vn -0.044273 0.023236 -0.086603
vn -0.031309 0.013767 -0.093969
vn -0.068624 0.072737 -0.000000
vn -0.071416 0.067810 -0.017365
vn -0.072446 0.059848 -0.034202
vn -0.070413 0.050419 -0.050000
vn -0.065212 0.040195 -0.064279
vn -0.056916 0.029872 -0.076604
vn -0.045770 0.020126 -0.086603
vn -0.032184 0.011574 -0.093969
vn -0.074054 0.067201 -0.000000
vn -0.075924 0.062722 -0.017365
vn -0.076402 0.054708 -0.034202
vn -0.073723 0.045441 -0.050000
vn -0.067830 0.035600 -0.064279
vn -0.058841 0.025874 -0.076604
vn -0.047050 0.016921 -0.086603
vn -0.032906 0.009326 -0.093969
vn -0.079039 0.061260 -0.000000
vn -0.080070 0.057334 -0.017365
vn -0.079995 0.049306 -0.034202
vn -0.076683 0.040246 -0.050000
vn -0.070124 0.030835 -0.064279
vn -0.060486 0.021753 -0.076604
vn -0.048105 0.013634 -0.086603
vn -0.033471 0.007034 -0.093969
vn -0.083549 0.054951 -0.000000
vn -0.083835 0.051673 -0.017365
vn -0.083206 0.043670 -0.034202
vn -0.079277 0.034860 -0.050000
vn -0.072085 0.025924 -0.064279
vn -0.061843 0.017528 -0.076604
vn -0.048931 0.010283 -0.086603
vn -0.033876 0.004708 -0.093969
vn -0.087556 0.048311 -0.000000
vn -0.087200 0.045766 -0.017365
vn -0.086020 0.037825 -0.034202
vn -0.081493 0.029307 -0.050000
vn -0.073701 0.020889 -0.064279
vn -0.062905 0.013220 -0.076604
vn -0.049524 0.006883 -0.086603
vn -0.034121 0.002360 -0.093969
vn -0.091036 0.041381 -0.000000
vn -0.090150 0.039641 -0.017365
vn -0.088425 0.031800 -0.034202
vn -0.083321 0.023615 -0.050000
vn -0.074967 0.015754 -0.064279
vn -0.063667 0.008848 -0.076604
vn -0.049881 0.003450 -0.086603
vn -0.093969 0.034202 -0.000000
vn -0.092670 0.033327 -0.017365
vn -0.090408 0.025624 -0.034202
vn -0.084751 0.017811 -0.050000
vn -0.075875 0.010545 -0.064279
vn -0.064126 0.004435 -0.076604
vn -0.094749 0.026854 -0.017365
vn -0.096337 0.026817 -0.000000
vn -0.096376 0.020254 -0.017365
vn -0.098126 0.019271 -0.000000
vn -0.097543 0.013556 -0.017365
vn -0.099324 0.011609 -0.000000
vn -0.098246 0.006794 -0.017365
vn -0.099925 0.003878 -0.000000
vn -0.097543 -0.013556 -0.017365
vn -0.098126 -0.019271 -0.000000
vn -0.096376 -0.020254 -0.017365
vn -0.096337 -0.026817 -0.000000
vn -0.094749 -0.026854 -0.017365
vn -0.093969 -0.034202 -0.000000
vn -0.092670 -0.033327 -0.017365
vn -0.090150 -0.039641 -0.017365
vn -0.086020 -0.037825 -0.034202
vn -0.083206 -0.043670 -0.034202
vn -0.076683 -0.040246 -0.050000
vn -0.073723 -0.045441 -0.050000
vn -0.065212 -0.040195 -0.064279
vn -0.062284 -0.044598 -0.064279
vn -0.052262 -0.037422 -0.076604
vn -0.049556 -0.040939 -0.076604
vn -0.038548 -0.031845 -0.086603
vn -0.036259 -0.034428 -0.086603
vn -0.024802 -0.023550 -0.093969
vn -0.023119 -0.025205 -0.093969
vn -0.011738 -0.012797 -0.098481
vn -0.010827 -0.013576 -0.098481
vn -0.009864 -0.014291 -0.098481
vn -0.008855 -0.014937 -0.098481
vn -0.007803 -0.015513 -0.098481
vn -0.006714 -0.016014 -0.098481
vn -0.005594 -0.016439 -0.098481
vn -0.004446 -0.016786 -0.098481
vn -0.011017 -0.032379 -0.093969
vn -0.008757 -0.033062 -0.093969
vn -0.016106 -0.047335 -0.086603
vn -0.012802 -0.048333 -0.086603
vn -0.020706 -0.060853 -0.076604
vn -0.016458 -0.062136 -0.076604
vn -0.024676 -0.072521 -0.064279
vn -0.019614 -0.074051 -0.064279
vn -0.027896 -0.081987 -0.050000
vn -0.022174 -0.083716 -0.050000
vn -0.030269 -0.088961 -0.034202
vn -0.024060 -0.090837 -0.034202
vn -0.031723 -0.093232 -0.017365
vn -0.025215 -0.095198 -0.017365
vn -0.028680 -0.095799 -0.000000
vn -0.021170 -0.097733 -0.000000
vn -0.091036 -0.041381 -0.000000
vn -0.087200 -0.045766 -0.017365
vn -0.079995 -0.049306 -0.034202
vn -0.070413 -0.050419 -0.050000
vn -0.059058 -0.048789 -0.064279
vn -0.046613 -0.044260 -0.076604
vn -0.033797 -0.036848 -0.086603
vn -0.021325 -0.026740 -0.093969
vn -0.087556 -0.048311 -0.000000
vn -0.083835 -0.051673 -0.017365
vn -0.076402 -0.054708 -0.034202
vn -0.066767 -0.055156 -0.050000
vn -0.055552 -0.052747 -0.064279
vn -0.043449 -0.047370 -0.076604
vn -0.031174 -0.039092 -0.086603
vn -0.019429 -0.028148 -0.093969
vn -0.083549 -0.054951 -0.000000
vn -0.080070 -0.057334 -0.017365
vn -0.072446 -0.059848 -0.034202
vn -0.062802 -0.059631 -0.050000
vn -0.051780 -0.056454 -0.064279
vn -0.040077 -0.050255 -0.076604
vn -0.028403 -0.041149 -0.086603
vn -0.017441 -0.029421 -0.093969
vn -0.079039 -0.061260 -0.000000
vn -0.075924 -0.062722 -0.017365
vn -0.068144 -0.064704 -0.034202
vn -0.058538 -0.063822 -0.050000
vn -0.047762 -0.059892 -0.064279
vn -0.036514 -0.052900 -0.076604
vn -0.025497 -0.043011 -0.086603
vn -0.015369 -0.030554 -0.093969
vn -0.074054 -0.067201 -0.000000
vn -0.071416 -0.067810 -0.017365
vn -0.063518 -0.069251 -0.034202
vn -0.053996 -0.067709 -0.050000
vn -0.043516 -0.063044 -0.064279
vn -0.032778 -0.055294 -0.076604
vn -0.022469 -0.044667 -0.086603
vn -0.013225 -0.031542 -0.093969
vn -0.068624 -0.072737 -0.000000
vn -0.066567 -0.072576 -0.017365
vn -0.058589 -0.073468 -0.034202
vn -0.049196 -0.071272 -0.050000
vn -0.039063 -0.065896 -0.064279
vn -0.028885 -0.057423 -0.076604
vn -0.019333 -0.046111 -0.086603
vn -0.062781 -0.077836 -0.000000
vn -0.061402 -0.076995 -0.017365
vn -0.053381 -0.077335 -0.034202
vn -0.044161 -0.074497 -0.050000
vn -0.034424 -0.068434 -0.064279
vn -0.024854 -0.059279 -0.076604
vn -0.056561 -0.082468 -0.000000
vn -0.055943 -0.081048 -0.017365
vn -0.047918 -0.080834 -0.034202
vn -0.038917 -0.077366 -0.050000
vn -0.029620 -0.070646 -0.064279
vn -0.050219 -0.084715 -0.017365
vn -0.050000 -0.086603 -0.000000
vn -0.044254 -0.087977 -0.017365
vn -0.043139 -0.090217 -0.000000
vn -0.038079 -0.090821 -0.017365
vn -0.036018 -0.093288 -0.000000
vn -0.018587 -0.096711 -0.017365
vn -0.013533 -0.099080 -0.000000
vn -0.011871 -0.097763 -0.017365
vn -0.005814 -0.099831 -0.000000
vn -0.005097 -0.098349 -0.017365
vn 0.001939 -0.099981 -0.000000
vn 0.001700 -0.098466 -0.017365
vn 0.008489 -0.098114 -0.017365
vn 0.008100 -0.093619 -0.034202
vn 0.014540 -0.092838 -0.034202
vn 0.013400 -0.085560 -0.050000
vn 0.019271 -0.084431 -0.050000
vn 0.017046 -0.074684 -0.064279
vn 0.022158 -0.073330 -0.064279
vn 0.018593 -0.061531 -0.076604
vn 0.022794 -0.060102 -0.076604
vn 0.017730 -0.046751 -0.086603
vn 0.020913 -0.045416 -0.086603
vn 0.014306 -0.031067 -0.093969
vn 0.016415 -0.030006 -0.093969
vn 0.008334 -0.015234 -0.098481
vn 0.009365 -0.014623 -0.098481
vn 0.010352 -0.013942 -0.098481
vn 0.011289 -0.013195 -0.098481
vn 0.012172 -0.012384 -0.098481
vn 0.012998 -0.011515 -0.098481
vn 0.013761 -0.010591 -0.098481
vn 0.014459 -0.009616 -0.098481
vn 0.027104 -0.020860 -0.093969
vn 0.028479 -0.018940 -0.093969
vn 0.039624 -0.030495 -0.086603
vn 0.041633 -0.027689 -0.086603
vn 0.050939 -0.039204 -0.076604
vn 0.053523 -0.035596 -0.076604
vn 0.060707 -0.046721 -0.064279
vn 0.063786 -0.042422 -0.064279
vn 0.068631 -0.052819 -0.050000
vn 0.072111 -0.047958 -0.050000
vn 0.074468 -0.057312 -0.034202
vn 0.078245 -0.052038 -0.034202
vn 0.078044 -0.060064 -0.017365
vn 0.082002 -0.054536 -0.017365
vn 0.081355 -0.058149 -0.000000
vn 0.085617 -0.051670 -0.000000
vn 0.009681 -0.099530 -0.000000
vn 0.015238 -0.097295 -0.017365
vn 0.020910 -0.091613 -0.034202
vn 0.025050 -0.082901 -0.050000
vn 0.027164 -0.071626 -0.064279
vn 0.026886 -0.058386 -0.076604
vn 0.023997 -0.043865 -0.086603
vn 0.018446 -0.028802 -0.093969
vn 0.017365 -0.098481 -0.000000
vn 0.021914 -0.096012 -0.017365
vn 0.027181 -0.089952 -0.034202
vn 0.030710 -0.080975 -0.050000
vn 0.032041 -0.069582 -0.064279
vn 0.030850 -0.056392 -0.076604
vn 0.026966 -0.042105 -0.086603
vn 0.020389 -0.027460 -0.093969
vn 0.024944 -0.096839 -0.000000
vn 0.028486 -0.094271 -0.017365
vn 0.033322 -0.087863 -0.034202
vn 0.036223 -0.078663 -0.050000
vn 0.036765 -0.067205 -0.064279
vn 0.034667 -0.054129 -0.076604
vn 0.029807 -0.040144 -0.086603
vn 0.022235 -0.025988 -0.093969
vn 0.032373 -0.094615 -0.000000
vn 0.034922 -0.092081 -0.017365
vn 0.039304 -0.085355 -0.034202
vn 0.041564 -0.075977 -0.050000
vn 0.041314 -0.064509 -0.064279
vn 0.038319 -0.051609 -0.076604
vn 0.032505 -0.037992 -0.086603
vn 0.023975 -0.024392 -0.093969
vn 0.039608 -0.091822 -0.000000
vn 0.041191 -0.089452 -0.017365
vn 0.045099 -0.082439 -0.034202
vn 0.046706 -0.072928 -0.050000
vn 0.045666 -0.061505 -0.064279
vn 0.041788 -0.048842 -0.076604
vn 0.035049 -0.035659 -0.086603
vn 0.025601 -0.022680 -0.093969
vn 0.046604 -0.088476 -0.000000
vn 0.047265 -0.086397 -0.017365
vn 0.050680 -0.079132 -0.034202
vn 0.051627 -0.069532 -0.050000
vn 0.049801 -0.058208 -0.064279
vn 0.045058 -0.045843 -0.076604
vn 0.037426 -0.033156 -0.086603
vn 0.053320 -0.084599 -0.000000
vn 0.053113 -0.082931 -0.017365
vn 0.056018 -0.075447 -0.034202
vn 0.056301 -0.065805 -0.050000
vn 0.053698 -0.054633 -0.064279
vn 0.048113 -0.042625 -0.076604
vn 0.059716 -0.080212 -0.000000
vn 0.058708 -0.079069 -0.017365
vn 0.061090 -0.071402 -0.034202
vn 0.060706 -0.061763 -0.050000
vn 0.057339 -0.050798 -0.064279
vn 0.064023 -0.074830 -0.017365
vn 0.065752 -0.075344 -0.000000
vn 0.069033 -0.070235 -0.017365
vn 0.071393 -0.070022 -0.000000
vn 0.073714 -0.065305 -0.017365
vn 0.076604 -0.064279 -0.000000
vn 0.085569 -0.048749 -0.017365
vn 0.089363 -0.044880 -0.000000
vn 0.088728 -0.042729 -0.017365
vn 0.092572 -0.037820 -0.000000
vn 0.017354 -0.000599 -0.098481
vn 0.017354 0.000599 -0.098481
vn 0.017272 0.001795 -0.098481
vn 0.017107 0.002983 -0.098481
vn 0.016860 0.004156 -0.098481
vn 0.016534 0.005308 -0.098481
vn 0.016128 0.006437 -0.098481
vn 0.015645 0.007534 -0.098481
vn 0.015088 0.008596 -0.098481
vn 0.014459 0.009616 -0.098481
vn 0.017272 -0.001795 -0.098481
vn 0.017107 -0.002983 -0.098481
vn 0.016860 -0.004156 -0.098481
vn 0.015645 -0.007534 -0.098481
vn 0.015088 -0.008596 -0.098481
vn 0.007263 -0.015773 -0.098481
vn 0.012128 -0.031979 -0.093969
vn 0.014463 -0.047863 -0.086603
vn 0.014303 -0.062667 -0.076604
vn 0.011853 -0.075682 -0.064279
vn 0.007465 -0.086280 -0.050000
vn 0.001622 -0.093955 -0.034202
vn 0.006158 -0.016236 -0.098481
vn 0.009893 -0.032740 -0.093969
vn 0.011126 -0.048746 -0.086603
vn 0.009946 -0.063505 -0.076604
vn 0.006603 -0.076319 -0.064279
vn 0.001495 -0.086590 -0.050000
vn -0.004864 -0.093843 -0.034202
vn 0.005023 -0.016623 -0.098481
vn 0.007611 -0.033344 -0.093969
vn 0.007736 -0.049398 -0.086603
vn 0.005541 -0.064040 -0.076604
vn 0.001322 -0.076593 -0.064279
vn -0.004483 -0.086486 -0.050000
vn -0.011327 -0.093284 -0.034202
vn 0.003864 -0.016929 -0.098481
vn 0.005292 -0.033790 -0.093969
vn 0.004310 -0.049814 -0.086603
vn 0.001109 -0.064269 -0.076604
vn -0.003965 -0.076502 -0.064279
vn -0.010439 -0.085971 -0.050000
vn -0.017736 -0.092280 -0.034202
vn 0.002687 -0.017156 -0.098481
vn 0.002948 -0.034075 -0.093969
vn 0.000863 -0.049993 -0.086603
vn -0.003327 -0.064193 -0.076604
vn -0.009234 -0.076046 -0.064279
vn -0.016345 -0.085046 -0.050000
vn 0.001497 -0.017300 -0.098481
vn 0.000590 -0.034197 -0.093969
vn -0.002588 -0.049933 -0.086603
vn -0.007748 -0.063810 -0.076604
vn -0.014458 -0.075228 -0.064279
vn 0.000300 -0.017362 -0.098481
vn -0.001770 -0.034156 -0.093969
vn -0.006027 -0.049635 -0.086603
vn -0.012132 -0.063124 -0.076604
vn -0.000899 -0.017342 -0.098481
vn -0.004123 -0.033953 -0.093969
vn -0.009437 -0.049101 -0.086603
vn -0.002093 -0.017238 -0.098481
vn -0.006455 -0.033587 -0.093969
vn -0.003277 -0.017053 -0.098481
vn -0.012593 -0.011957 -0.098481
vn -0.026368 -0.021783 -0.093969
vn -0.040653 -0.029109 -0.086603
vn -0.054720 -0.033727 -0.076604
vn -0.067830 -0.035600 -0.064279
vn -0.079277 -0.034860 -0.050000
vn -0.088425 -0.031800 -0.034202
vn -0.013387 -0.011060 -0.098481
vn -0.027808 -0.019912 -0.093969
vn -0.042564 -0.026235 -0.086603
vn -0.056916 -0.029872 -0.076604
vn -0.070124 -0.030835 -0.064279
vn -0.081493 -0.029307 -0.050000
vn -0.090408 -0.025624 -0.034202
vn -0.014119 -0.010110 -0.098481
vn -0.029116 -0.017946 -0.093969
vn -0.044273 -0.023236 -0.086603
vn -0.058841 -0.025874 -0.076604
vn -0.072085 -0.025924 -0.064279
vn -0.083321 -0.023615 -0.050000
vn -0.091961 -0.019326 -0.034202
vn -0.014782 -0.009111 -0.098481
vn -0.030284 -0.015894 -0.093969
vn -0.045770 -0.020126 -0.086603
vn -0.060486 -0.021753 -0.076604
vn -0.073701 -0.020889 -0.064279
vn -0.084751 -0.017811 -0.050000
vn -0.093075 -0.012935 -0.034202
vn -0.015376 -0.008070 -0.098481
vn -0.031309 -0.013767 -0.093969
vn -0.047050 -0.016921 -0.086603
vn -0.061843 -0.017528 -0.076604
vn -0.074967 -0.015754 -0.064279
vn -0.085778 -0.011921 -0.050000
vn -0.015896 -0.006990 -0.098481
vn -0.032184 -0.011574 -0.093969
vn -0.048105 -0.013634 -0.086603
vn -0.062905 -0.013220 -0.076604
vn -0.075875 -0.010545 -0.064279
vn -0.016340 -0.005876 -0.098481
vn -0.032906 -0.009326 -0.093969
vn -0.048931 -0.010283 -0.086603
vn -0.063667 -0.008848 -0.076604
vn -0.016707 -0.004735 -0.098481
vn -0.033471 -0.007034 -0.093969
vn -0.049524 -0.006883 -0.086603
vn -0.016994 -0.003571 -0.098481
vn -0.033876 -0.004708 -0.093969
vn -0.017200 -0.002390 -0.098481
vn -0.014782 0.009111 -0.098481
vn -0.027808 0.019912 -0.093969
vn -0.038548 0.031845 -0.086603
vn -0.046613 0.044260 -0.076604
vn -0.051780 0.056454 -0.064279
vn -0.053996 0.067709 -0.050000
vn -0.053381 0.077335 -0.034202
vn -0.014119 0.010110 -0.098481
vn -0.026368 0.021783 -0.093969
vn -0.036259 0.034428 -0.086603
vn -0.043449 0.047370 -0.076604
vn -0.047762 0.059892 -0.064279
vn -0.049196 0.071272 -0.050000
vn -0.047918 0.080834 -0.034202
vn -0.013387 0.011060 -0.098481
vn -0.024802 0.023550 -0.093969
vn -0.033797 0.036848 -0.086603
vn -0.040077 0.050255 -0.076604
vn -0.043516 0.063044 -0.064279
vn -0.044161 0.074497 -0.050000
vn -0.042227 0.083947 -0.034202
vn -0.012593 0.011957 -0.098481
vn -0.023119 0.025205 -0.093969
vn -0.031174 0.039092 -0.086603
vn -0.036514 0.052900 -0.076604
vn -0.039063 0.065896 -0.064279
vn -0.038917 0.077366 -0.050000
vn -0.011738 0.012797 -0.098481
vn -0.021325 0.026740 -0.093969
vn -0.028403 0.041149 -0.086603
vn -0.032778 0.055294 -0.076604
vn -0.034424 0.068434 -0.064279
vn -0.010827 0.013576 -0.098481
vn -0.019429 0.028148 -0.093969
vn -0.025497 0.043011 -0.086603
vn -0.028885 0.057423 -0.076604
vn -0.009864 0.014291 -0.098481
vn -0.017441 0.029421 -0.093969
vn -0.022469 0.044667 -0.086603
vn -0.008855 0.014937 -0.098481
vn -0.015369 0.030554 -0.093969
vn -0.007803 0.015513 -0.098481
vn -0.093745 0.006483 -0.034202
vn -0.093075 0.012935 -0.034202
vn -0.091961 0.019326 -0.034202
vn -0.086396 0.005975 -0.050000
vn -0.085778 0.011921 -0.050000
vn -0.076422 0.005285 -0.064279
vn 0.093913 0.003243 -0.034202
vn 0.093913 -0.003243 -0.034202
vn 0.093466 -0.009715 -0.034202
vn 0.092573 -0.016140 -0.034202
vn 0.091239 -0.022488 -0.034202
vn 0.086551 0.002989 -0.050000
vn 0.086551 -0.002989 -0.050000
vn 0.086138 -0.008953 -0.050000
vn 0.085316 -0.014875 -0.050000
vn 0.084086 -0.020725 -0.050000
vn 0.093466 0.009715 -0.034202
vn 0.092573 0.016140 -0.034202
vn 0.091239 0.022488 -0.034202
vn 0.076559 0.002644 -0.064279
vn 0.076559 -0.002644 -0.064279
vn 0.076194 -0.007920 -0.064279
vn 0.075466 -0.013158 -0.064279
vn 0.074378 -0.018333 -0.064279
vn 0.086138 0.008953 -0.050000
vn 0.085316 0.014875 -0.050000
vn 0.084086 0.020725 -0.050000
vn 0.064240 0.002219 -0.076604
vn 0.064240 -0.002219 -0.076604
vn 0.063934 -0.006645 -0.076604
vn 0.063324 -0.011040 -0.076604
vn 0.062411 -0.015383 -0.076604
vn 0.076194 0.007920 -0.064279
vn 0.075466 0.013158 -0.064279
vn 0.074378 0.018333 -0.064279
vn 0.049970 0.001726 -0.086603
vn 0.049970 -0.001726 -0.086603
vn 0.049732 -0.005169 -0.086603
vn 0.049257 -0.008588 -0.086603
vn 0.048547 -0.011966 -0.086603
vn 0.063934 0.006645 -0.076604
vn 0.063324 0.011040 -0.076604
vn 0.062411 0.015383 -0.076604
vn 0.072942 0.023403 -0.064279
vn 0.034182 0.001181 -0.093969
vn 0.034182 -0.001181 -0.093969
vn 0.034019 -0.003536 -0.093969
vn 0.033694 -0.005875 -0.093969
vn 0.033208 -0.008185 -0.093969
vn 0.049732 0.005169 -0.086603
vn 0.049257 0.008588 -0.086603
vn 0.048547 0.011966 -0.086603
vn 0.061205 0.019640 -0.076604
vn 0.059699 0.023828 -0.076604
vn 0.034019 0.003536 -0.093969
vn 0.033694 0.005875 -0.093969
vn 0.033208 0.008185 -0.093969
vn 0.047608 0.015280 -0.086603
vn 0.046438 0.018535 -0.086603
vn 0.045048 0.021694 -0.086603
vn 0.032565 0.010454 -0.093969
vn 0.031765 0.012678 -0.093969
vn 0.030815 0.014840 -0.093969
vn 0.029718 0.016930 -0.093969
vn 0.078026 0.037575 -0.050000
vn 0.066561 0.037920 -0.064279
vn 0.053523 0.035596 -0.076604
vn 0.039624 0.030495 -0.086603
vn 0.025601 0.022680 -0.093969
vn 0.045099 0.082439 -0.034202
vn 0.036223 0.078663 -0.050000
vn 0.027164 0.071626 -0.064279
vn 0.018593 0.061531 -0.076604
vn 0.011126 0.048746 -0.086603
vn 0.005292 0.033790 -0.093969
vn 0.039304 0.085355 -0.034202
vn 0.033322 0.087863 -0.034202
vn 0.027181 0.089952 -0.034202
vn 0.020910 0.091613 -0.034202
vn 0.014540 0.092838 -0.034202
vn 0.008100 0.093619 -0.034202
vn 0.001622 0.093955 -0.034202
vn 0.030710 0.080975 -0.050000
vn 0.022158 0.073330 -0.064279
vn 0.014303 0.062667 -0.076604
vn 0.007736 0.049398 -0.086603
vn 0.002948 0.034075 -0.093969
vn 0.025050 0.082901 -0.050000
vn 0.019271 0.084431 -0.050000
vn 0.013400 0.085560 -0.050000
vn 0.007465 0.086280 -0.050000
vn 0.001495 0.086590 -0.050000
vn -0.004483 0.086486 -0.050000
vn 0.017046 0.074684 -0.064279
vn 0.009946 0.063505 -0.076604
vn 0.004310 0.049814 -0.086603
vn 0.000590 0.034197 -0.093969
vn 0.011853 0.075682 -0.064279
vn 0.006603 0.076319 -0.064279
vn 0.001322 0.076593 -0.064279
vn -0.003965 0.076502 -0.064279
vn -0.009234 0.076046 -0.064279
vn 0.005541 0.064040 -0.076604
vn 0.000863 0.049993 -0.086603
vn -0.001770 0.034156 -0.093969
vn 0.001109 0.064269 -0.076604
vn -0.003327 0.064193 -0.076604
vn -0.007748 0.063810 -0.076604
vn -0.012132 0.063124 -0.076604
vn -0.002588 0.049933 -0.086603
vn -0.004123 0.033953 -0.093969
vn -0.006027 0.049635 -0.086603
vn -0.009437 0.049101 -0.086603
vn -0.012802 0.048333 -0.086603
vn -0.006455 0.033587 -0.093969
vn -0.008757 0.033062 -0.093969
vn -0.042227 -0.083947 -0.034202
vn -0.033486 -0.079867 -0.050000
vn -0.036335 -0.086660 -0.034202
vn 0.065870 -0.067017 -0.034202
vn 0.064823 -0.057428 -0.050000
vn 0.070337 -0.062313 -0.034202
vn 0.081649 -0.046516 -0.034202
vn 0.084663 -0.040772 -0.034202
vn 0.075248 -0.042869 -0.050000
vn 0.078026 -0.037575 -0.050000
vn 0.066561 -0.037920 -0.064279
vn 0.069018 -0.033237 -0.064279
vn 0.055851 -0.031819 -0.076604
vn 0.057913 -0.027890 -0.076604
vn 0.043444 -0.024750 -0.086603
vn 0.045048 -0.021694 -0.086603
vn 0.029718 -0.016930 -0.093969
vn 0.030815 -0.014840 -0.093969
vn 0.000000 0.000000 0.100000
vn 0.000000 0.000000 0.100000
vn 0.000000 0.000000 0.100000
vn 0.000000 0.000000 0.100000
vn 0.000000 0.000000 0.100000
vn 0.000000 0.000000 0.100000
vn 0.000000 0.000000 0.100000
vn 0.000000 0.000000 0.100000
vn 0.000000 0.000000 0.100000
vn 0.000000 0.000000 0.100000
vn 0.000000 0.000000 0.100000
vn 0.000000 0.000000 0.100000
vn 0.000000 0.000000 0.100000
vn 0.000000 0.000000 0.100000
vn 0.000000 0.000000 0.100000
vn 0.000000 0.000000 0.100000
vn 0.000000 0.000000 0.100000
vn 0.000000 0.000000 0.100000
vn 0.000000 0.000000 0.100000
vn 0.000000 0.000000 0.100000
vn 0.000000 0.000000 0.100000
vn 0.000000 0.000000 0.100000
vn 0.000000 0.000000 0.100000
vn 0.000000 0.000000 0.100000
vn 0.000000 0.000000 0.100000
vn 0.000000 0.000000 0.100000
vn 0.000000 0.000000 0.100000
vn 0.000000 0.000000 0.100000
vn 0.000000 0.000000 0.100000
vn 0.000000 0.000000 0.100000
vn 0.000000 0.000000 0.100000
vn 0.000000 0.000000 0.100000
vn 0.000000 0.000000 0.100000
vn 0.000000 0.000000 0.100000
vn 0.000000 0.000000 0.100000
vn 0.000000 0.000000 0.100000
vn 0.000000 0.000000 0.100000
vn 0.000000 0.000000 0.100000
vn 0.000000 0.000000 0.100000
vn 0.000000 0.000000 0.100000
vn 0.000000 0.000000 0.100000
vn 0.000000 0.000000 0.100000
vn 0.000000 0.000000 0.100000
vn 0.000000 0.000000 0.100000
vn 0.000000 0.000000 0.100000
vn 0.000000 0.000000 0.100000
vn 0.000000 0.000000 0.100000
vn 0.000000 0.000000 0.100000
vn 0.000000 0.000000 0.100000
vn 0.000000 0.000000 0.100000
vn 0.000000 0.000000 0.100000
vn 0.000000 0.000000 0.100000
vn 0.000000 0.000000 0.100000
vn 0.000000 0.000000 0.100000
vn 0.000000 0.000000 0.100000
vn 0.000000 0.000000 0.100000
vn 0.000000 0.000000 0.100000
vn 0.000000 0.000000 0.100000
vn 0.000000 0.000000 0.100000
vn 0.000000 0.000000 0.100000
vn 0.000000 0.000000 0.100000
vn 0.000000 0.000000 0.100000
vn 0.000000 0.000000 0.100000
vn 0.000000 0.000000 0.100000
vn 0.000000 0.000000 0.100000
vn 0.000000 0.000000 0.100000
vn 0.000000 0.000000 0.100000
vn 0.000000 0.000000 0.100000
vn 0.000000 0.000000 0.100000
vn 0.000000 0.000000 0.100000
vn 0.000000 0.000000 0.100000
vn 0.000000 0.000000 0.100000
vn 0.000000 0.000000 0.100000
vn 0.000000 0.000000 0.100000
vn 0.000000 0.000000 0.100000
vn 0.000000 0.000000 0.100000
vn 0.000000 0.000000 0.100000
vn 0.000000 0.000000 0.100000
vn 0.000000 0.000000 0.100000
vn 0.000000 0.000000 0.100000
vn 0.000000 0.000000 0.100000
vn 0.000000 0.000000 0.100000
vn 0.000000 0.000000 0.100000
vn 0.000000 0.000000 0.100000
vn 0.000000 0.000000 0.100000
vn 0.000000 0.000000 0.100000
vn 0.000000 0.000000 0.100000
vn 0.000000 0.000000 0.100000
vn 0.000000 0.000000 0.100000
vn 0.000000 0.000000 0.100000
vn 0.000000 0.000000 0.100000
vn 0.000000 0.000000 0.100000
vn 0.000000 0.000000 0.100000
vn 0.000000 0.000000 0.100000
vn 0.000000 0.000000 0.100000
vn 0.000000 0.000000 0.100000
vn 0.000000 0.000000 0.100000
vn 0.000000 0.000000 0.100000
vn 0.000000 0.000000 0.100000
vn 0.000000 0.000000 0.100000
vn 0.000000 0.000000 0.100000
vn 0.000000 0.000000 0.100000
vn 0.000000 0.000000 0.100000
vn 0.000000 0.000000 0.100000
vn 0.000000 0.000000 0.100000
vn 0.000000 0.000000 0.100000
vn 0.000000 0.000000 0.100000
vn 0.000000 0.000000 0.100000
vn 0.000000 0.000000 0.100000
vn 0.000000 0.000000 0.100000
vn 0.000000 0.000000 0.100000
vn 0.000000 0.000000 0.100000
vn 0.000000 0.000000 0.100000
vn 0.000000 0.000000 0.100000
vn 0.000000 0.000000 0.100000
vn 0.000000 0.000000 0.100000
vn 0.000000 0.000000 0.100000
vn 0.000000 0.000000 0.100000
vn 0.000000 0.000000 0.100000
vn 0.000000 0.000000 0.100000
vn 0.000000 0.000000 0.100000
vn 0.000000 0.000000 0.100000
vn 0.000000 0.000000 0.100000
vn 0.000000 0.000000 0.100000
vn 0.000000 0.000000 0.100000
vn 0.000000 0.000000 0.100000
vn 0.000000 0.000000 0.100000
vn 0.000000 0.000000 0.100000
vn 0.000000 0.000000 0.100000
vn 0.000000 0.000000 0.100000
vn 0.000000 0.000000 0.100000
vn 0.000000 0.000000 0.100000
vn 0.000000 0.000000 0.100000
vn 0.000000 0.000000 0.100000
vn 0.000000 0.000000 0.100000
vn 0.000000 0.000000 0.100000
vn 0.000000 0.000000 0.100000
vn 0.000000 0.000000 0.100000
vn 0.000000 0.000000 0.100000
vn 0.000000 0.000000 0.100000
vn 0.000000 0.000000 0.100000
vn 0.000000 0.000000 0.100000
vn 0.000000 0.000000 0.100000
vn 0.000000 0.000000 0.100000
vn 0.000000 0.000000 0.100000
vn 0.000000 0.000000 0.100000
vn 0.000000 0.000000 0.100000
vn 0.000000 0.000000 0.100000
vn 0.000000 0.000000 0.100000
vn 0.000000 0.000000 0.100000
vn 0.000000 0.000000 0.100000
vn 0.000000 0.000000 0.100000
vn 0.000000 0.000000 0.100000
vn 0.000000 0.000000 0.100000
vn 0.000000 0.000000 0.100000
vn 0.000000 0.000000 0.100000
vn 0.000000 0.000000 0.100000
vn 0.000000 0.000000 0.100000
vn 0.000000 0.000000 0.100000
vn 0.000000 0.000000 0.100000
vn 0.000000 0.000000 0.100000
vn 0.000000 0.000000 0.100000
vn 0.000000 0.000000 0.100000
vn 0.000000 0.000000 0.100000
vn 0.000000 0.000000 0.100000
vn 0.000000 0.000000 0.100000
vn 0.000000 0.000000 0.100000
vn 0.000000 0.000000 0.100000
vn 0.000000 0.000000 0.100000
vn 0.000000 0.000000 0.100000
vn 0.000000 0.000000 0.100000
vn 0.000000 0.000000 0.100000
vn 0.000000 0.000000 0.100000
vn 0.000000 0.000000 0.100000
vn 0.000000 0.000000 0.100000
vn 0.000000 0.000000 0.100000
vn 0.000000 0.000000 0.100000
vn 0.000000 0.000000 0.100000
vn 0.000000 0.000000 0.100000
vn 0.000000 0.000000 0.100000
vn 0.000000 0.000000 0.100000
vn 0.000000 0.000000 0.100000
vn 0.000000 0.000000 0.100000
vn 0.000000 0.000000 0.100000
vn 0.000000 0.000000 0.100000
vn 0.000000 0.000000 0.100000
vn 0.000000 0.000000 0.100000
vn 0.000000 0.000000 0.100000
vn 0.000000 0.000000 0.100000
vn 0.000000 0.000000 0.100000
vn 0.000000 0.000000 0.100000
vn 0.000000 0.000000 0.100000
vn 0.000000 0.000000 0.100000
vn 0.000000 0.000000 0.100000
vn 0.000000 0.000000 0.100000
vn 0.000000 0.000000 0.100000
vn 0.000000 0.000000 0.100000
vn 0.000000 0.000000 0.100000
vn 0.000000 0.000000 0.100000
vn 0.000000 0.000000 0.100000
vn 0.000000 0.000000 0.100000
vn 0.000000 0.000000 0.100000
vn 0.000000 0.000000 0.100000
vn 0.000000 0.000000 0.100000
vn 0.000000 0.000000 0.100000
vn 0.000000 0.000000 0.100000
vn 0.000000 0.000000 0.100000
vn 0.000000 0.000000 0.100000
vn 0.000000 0.000000 0.100000
vn 0.000000 0.000000 0.100000
vn 0.000000 0.000000 0.100000
vn 0.000000 0.000000 0.100000
vn 0.000000 0.000000 0.100000
vn 0.000000 0.000000 0.100000
vn 0.000000 0.000000 0.100000
vn 0.000000 0.000000 0.100000
vn 0.000000 0.000000 0.100000
vn 0.000000 0.000000 0.100000
vn 0.000000 0.000000 0.100000
vn 0.000000 0.000000 0.100000
vn 0.000000 0.000000 0.100000
vn 0.000000 0.000000 0.100000
vn 0.000000 0.000000 0.100000
vn 0.000000 0.000000 0.100000
vn 0.000000 0.000000 0.100000
vn 0.000000 0.000000 0.100000
vn 0.000000 0.000000 0.100000
vn 0.000000 0.000000 0.100000
vn 0.000000 0.000000 0.100000
vn 0.000000 0.000000 0.100000
vn 0.000000 0.000000 0.100000
vn 0.000000 0.000000 0.100000
vn 0.000000 0.000000 0.100000
vn 0.000000 0.000000 0.100000
vn 0.000000 0.000000 0.100000
vn 0.000000 0.000000 0.100000
vn 0.000000 0.000000 0.100000
vn 0.000000 0.000000 0.100000
vn 0.000000 0.000000 0.100000
vn 0.000000 0.000000 0.100000
vn 0.000000 0.000000 0.100000
vn 0.000000 0.000000 0.100000
vn 0.000000 0.000000 0.100000
vn 0.000000 0.000000 0.100000
vn 0.000000 0.000000 0.100000
vn 0.000000 0.000000 0.100000
vn 0.000000 0.000000 0.100000
vn 0.000000 0.000000 0.100000
vn 0.000000 0.000000 0.100000
vn 0.000000 0.000000 0.100000
vn 0.000000 0.000000 0.100000
vn 0.000000 0.000000 0.100000
vn 0.000000 0.000000 0.100000
vn 0.000000 0.000000 0.100000
vn 0.000000 0.000000 0.100000
vn 0.000000 0.000000 0.100000
vn 0.000000 0.000000 0.100000
vn 0.000000 0.000000 0.100000
vn 0.000000 0.000000 0.100000
vn 0.000000 0.000000 0.100000
vn 0.000000 0.000000 0.100000
vn 0.000000 0.000000 0.100000
vn 0.000000 0.000000 0.100000
vn 0.000000 0.000000 0.100000
vn 0.000000 0.000000 0.100000
vn 0.000000 0.000000 0.100000
vn 0.000000 0.000000 0.100000
vn 0.000000 0.000000 0.100000
vn 0.000000 0.000000 0.100000
vn 0.000000 0.000000 0.100000
vn 0.000000 0.000000 0.100000
vn 0.000000 0.000000 0.100000
vn 0.000000 0.000000 0.100000
vn 0.000000 0.000000 0.100000
vn 0.000000 0.000000 0.100000
vn 0.000000 0.000000 0.100000
vn 0.000000 0.000000 0.100000
vn 0.000000 0.000000 0.100000
vn 0.000000 0.000000 0.100000
vn 0.000000 0.000000 0.100000
vn 0.000000 0.000000 0.100000
vn 0.000000 0.000000 0.100000
vn 0.000000 0.000000 0.100000
vn 0.000000 0.000000 0.100000
vn 0.000000 0.000000 0.100000
vn 0.000000 -0.100000 0.000000
vn 0.000000 -0.100000 0.000000
vn 0.000000 -0.100000 0.000000
vn 0.000000 -0.100000 0.000000
vn -0.099630 0.008596 0.000000
vn -0.099630 0.008596 0.000000
vn -0.100000 0.000000 0.000000
vn -0.100000 0.000000 0.000000
vn -0.099630 -0.008596 0.000000
vn -0.099630 -0.008596 0.000000
vn -0.098522 -0.017129 0.000000
vn -0.098522 -0.017129 0.000000
vn -0.096685 -0.025535 0.000000
vn -0.096685 -0.025535 0.000000
vn -0.094132 -0.033752 0.000000
vn -0.094132 -0.033752 0.000000
vn -0.090882 -0.041719 0.000000
vn -0.090882 -0.041719 0.000000
vn -0.086959 -0.049378 0.000000
vn -0.086959 -0.049378 0.000000
vn -0.082392 -0.056670 0.000000
vn -0.082392 -0.056670 0.000000
vn -0.077216 -0.063543 0.000000
vn -0.077216 -0.063543 0.000000
vn -0.071467 -0.069946 0.000000
vn -0.071467 -0.069946 0.000000
vn -0.065190 -0.075831 0.000000
vn -0.065190 -0.075831 0.000000
vn -0.058430 -0.081154 0.000000
vn -0.058430 -0.081154 0.000000
vn -0.051237 -0.085876 0.000000
vn -0.051237 -0.085876 0.000000
vn -0.043665 -0.089963 0.000000
vn -0.043665 -0.089963 0.000000
vn -0.035770 -0.093384 0.000000
vn -0.035770 -0.093384 0.000000
vn -0.027610 -0.096113 0.000000
vn -0.027610 -0.096113 0.000000
vn -0.019245 -0.098131 0.000000
vn -0.019245 -0.098131 0.000000
vn -0.010738 -0.099422 0.000000
vn -0.010738 -0.099422 0.000000
vn -0.002152 -0.099977 0.000000
vn -0.002152 -0.099977 0.000000
vn 0.006451 -0.099792 0.000000
vn 0.006451 -0.099792 0.000000
vn 0.015006 -0.098868 0.000000
vn 0.015006 -0.098868 0.000000
vn 0.023449 -0.097212 0.000000
vn 0.023449 -0.097212 0.000000
vn 0.031719 -0.094836 0.000000
vn 0.031719 -0.094836 0.000000
vn 0.039754 -0.091758 0.000000
vn 0.039754 -0.091758 0.000000
vn 0.047495 -0.088001 0.000000
vn 0.047495 -0.088001 0.000000
vn 0.054884 -0.083593 0.000000
vn 0.054884 -0.083593 0.000000
vn 0.061867 -0.078565 0.000000
vn 0.061867 -0.078565 0.000000
vn 0.068392 -0.072956 0.000000
vn 0.068392 -0.072956 0.000000
vn 0.074410 -0.066806 0.000000
vn 0.074410 -0.066806 0.000000
vn 0.079878 -0.060162 0.000000
vn 0.079878 -0.060162 0.000000
vn 0.084754 -0.053073 0.000000
vn 0.084754 -0.053073 0.000000
vn 0.089003 -0.045591 0.000000
vn 0.089003 -0.045591 0.000000
vn 0.092592 -0.037771 0.000000
vn 0.092592 -0.037771 0.000000
vn 0.095497 -0.029671 0.000000
vn 0.095497 -0.029671 0.000000
vn 0.097694 -0.021352 0.000000
vn 0.097694 -0.021352 0.000000
vn 0.099168 -0.012875 0.000000
vn 0.099168 -0.012875 0.000000
vn 0.099907 -0.004302 0.000000
vn 0.099907 -0.004302 0.000000
vn 0.099907 0.004302 0.000000
vn 0.099907 0.004302 0.000000
vn 0.099168 0.012875 0.000000
vn 0.099168 0.012875 0.000000
vn 0.097694 0.021352 0.000000
vn 0.097694 0.021352 0.000000
vn 0.095497 0.029671 0.000000
vn 0.095497 0.029671 0.000000
vn 0.092592 0.037771 0.000000
vn 0.092592 0.037771 0.000000
vn 0.089003 0.045591 0.000000
vn 0.089003 0.045591 0.000000
vn 0.084754 0.053073 0.000000
vn 0.084754 0.053073 0.000000
vn 0.079878 0.060162 0.000000
vn 0.079878 0.060162 0.000000
vn 0.074410 0.066806 0.000000
vn 0.074410 0.066806 0.000000
vn 0.068392 0.072956 0.000000
vn 0.068392 0.072956 0.000000
vn 0.061867 0.078565 0.000000
vn 0.061867 0.078565 0.000000
vn 0.054884 0.083593 0.000000
vn 0.054884 0.083593 0.000000
vn 0.047495 0.088001 0.000000
vn 0.047495 0.088001 0.000000
vn 0.039754 0.091758 0.000000
vn 0.039754 0.091758 0.000000
vn 0.031719 0.094836 0.000000
vn 0.031719 0.094836 0.000000
vn 0.023449 0.097212 0.000000
vn 0.023449 0.097212 0.000000
vn 0.015006 0.098868 0.000000
vn 0.015006 0.098868 0.000000
vn 0.006451 0.099792 0.000000
vn 0.006451 0.099792 0.000000
vn -0.002152 0.099977 0.000000
vn -0.002152 0.099977 0.000000
vn -0.010738 0.099422 0.000000
vn -0.010738 0.099422 0.000000
vn -0.019245 0.098131 0.000000
vn -0.019245 0.098131 0.000000
vn -0.027610 0.096113 0.000000
vn -0.027610 0.096113 0.000000
vn -0.035770 0.093384 0.000000
vn -0.035770 0.093384 0.000000
vn -0.043665 0.089963 0.000000
vn -0.043665 0.089963 0.000000
vn -0.051237 0.085876 0.000000
vn -0.051237 0.085876 0.000000
vn -0.058430 0.081154 0.000000
vn -0.058430 0.081154 0.000000
vn -0.065190 0.075831 0.000000
vn -0.065190 0.075831 0.000000
vn -0.071467 0.069946 0.000000
vn -0.071467 0.069946 0.000000
vn -0.077216 0.063543 0.000000
vn -0.077216 0.063543 0.000000
vn -0.082392 0.056670 0.000000
vn -0.082392 0.056670 0.000000
vn -0.086959 0.049378 0.000000
vn -0.086959 0.049378 0.000000
vn -0.090882 0.041719 0.000000
vn -0.090882 0.041719 0.000000
vn -0.094132 0.033752 0.000000
vn -0.094132 0.033752 0.000000
vn -0.096685 0.025535 0.000000
vn -0.096685 0.025535 0.000000
vn -0.098522 0.017129 0.000000
vn -0.098522 0.017129 0.000000
vn -0.099630 -0.008596 0.000000
vn -0.099630 -0.008596 0.000000
vn -0.100000 -0.000000 0.000000
vn -0.100000 -0.000000 0.000000
vn -0.099630 0.008596 0.000000
vn -0.099630 0.008596 0.000000
vn -0.098522 0.017129 0.000000
vn -0.098522 0.017129 0.000000
vn -0.096685 0.025535 0.000000
vn -0.096685 0.025535 0.000000
vn -0.094132 0.033752 0.000000
vn -0.094132 0.033752 0.000000
vn -0.090882 0.041719 0.000000
vn -0.090882 0.041719 0.000000
vn -0.086959 0.049378 0.000000
vn -0.086959 0.049378 0.000000
vn -0.082392 0.056670 0.000000
vn -0.082392 0.056670 0.000000
vn -0.077216 0.063543 0.000000
vn -0.077216 0.063543 0.000000
vn -0.071467 0.069946 0.000000
vn -0.071467 0.069946 0.000000
vn -0.065190 0.075831 0.000000
vn -0.065190 0.075831 0.000000
vn -0.058430 0.081154 0.000000
vn -0.058430 0.081154 0.000000
vn -0.051237 0.085876 0.000000
vn -0.051237 0.085876 0.000000
vn -0.043665 0.089963 0.000000
vn -0.043665 0.089963 0.000000
vn -0.035770 0.093384 0.000000
vn -0.035770 0.093384 0.000000
vn -0.027610 0.096113 0.000000
vn -0.027610 0.096113 0.000000
vn -0.019245 0.098131 0.000000
vn -0.019245 0.098131 0.000000
vn -0.010738 0.099422 0.000000
vn -0.010738 0.099422 0.000000
vn -0.002152 0.099977 0.000000
vn -0.002152 0.099977 0.000000
vn 0.006451 0.099792 0.000000
vn 0.006451 0.099792 0.000000
vn 0.015006 0.098868 0.000000
vn 0.015006 0.098868 0.000000
vn 0.023449 0.097212 0.000000
vn 0.023449 0.097212 0.000000
vn 0.031719 0.094836 0.000000
vn 0.031719 0.094836 0.000000
vn 0.039754 0.091758 0.000000
vn 0.039754 0.091758 0.000000
vn 0.047495 0.088001 0.000000
vn 0.047495 0.088001 0.000000
vn 0.054884 0.083593 0.000000
vn 0.054884 0.083593 0.000000
vn 0.061867 0.078565 0.000000
vn 0.061867 0.078565 0.000000
vn 0.068392 0.072956 0.000000
vn 0.068392 0.072956 0.000000
vn 0.074410 0.066806 0.000000
vn 0.074410 0.066806 0.000000
vn 0.079878 0.060162 0.000000
vn 0.079878 0.060162 0.000000
vn 0.084754 0.053073 0.000000
vn 0.084754 0.053073 0.000000
vn 0.089003 0.045591 0.000000
vn 0.089003 0.045591 0.000000
vn 0.092592 0.037771 0.000000
vn 0.092592 0.037771 0.000000
vn 0.095497 0.029671 0.000000
vn 0.095497 0.029671 0.000000
vn 0.097694 0.021352 0.000000
vn 0.097694 0.021352 0.000000
vn 0.099168 0.012875 0.000000
vn 0.099168 0.012875 0.000000
vn 0.099907 0.004302 0.000000
vn 0.099907 0.004302 0.000000
vn 0.099907 -0.004302 0.000000
vn 0.099907 -0.004302 0.000000
vn 0.099168 -0.012875 0.000000
vn 0.099168 -0.012875 0.000000
vn 0.097694 -0.021352 0.000000
vn 0.097694 -0.021352 0.000000
vn 0.095497 -0.029671 0.000000
vn 0.095497 -0.029671 0.000000
vn 0.092592 -0.037771 0.000000
vn 0.092592 -0.037771 0.000000
vn 0.089003 -0.045591 0.000000
vn 0.089003 -0.045591 0.000000
vn 0.084754 -0.053073 0.000000
vn 0.084754 -0.053073 0.000000
vn 0.079878 -0.060162 0.000000
vn 0.079878 -0.060162 0.000000
vn 0.074410 -0.066806 0.000000
vn 0.074410 -0.066806 0.000000
vn 0.068392 -0.072956 0.000000
vn 0.068392 -0.072956 0.000000
vn 0.061867 -0.078565 0.000000
vn 0.061867 -0.078565 0.000000
vn 0.054884 -0.083593 0.000000
vn 0.054884 -0.083593 0.000000
vn 0.047495 -0.088001 0.000000
vn 0.047495 -0.088001 0.000000
vn 0.039754 -0.091758 0.000000
vn 0.039754 -0.091758 0.000000
vn 0.031719 -0.094836 0.000000
vn 0.031719 -0.094836 0.000000
vn 0.023449 -0.097212 0.000000
vn 0.023449 -0.097212 0.000000
vn 0.015006 -0.098868 0.000000
vn 0.015006 -0.098868 0.000000
vn 0.006451 -0.099792 0.000000
vn 0.006451 -0.099792 0.000000
vn -0.002152 -0.099977 0.000000
vn -0.002152 -0.099977 0.000000
vn -0.010738 -0.099422 0.000000
vn -0.010738 -0.099422 0.000000
vn -0.019245 -0.098131 0.000000
vn -0.019245 -0.098131 0.000000
vn -0.027610 -0.096113 0.000000
vn -0.027610 -0.096113 0.000000
vn -0.035770 -0.093384 0.000000
vn -0.035770 -0.093384 0.000000
vn -0.043665 -0.089963 0.000000
vn -0.043665 -0.089963 0.000000
vn -0.051237 -0.085876 0.000000
vn -0.051237 -0.085876 0.000000
vn -0.058430 -0.081154 0.000000
vn -0.058430 -0.081154 0.000000
vn -0.065190 -0.075831 0.000000
vn -0.065190 -0.075831 0.000000
vn -0.071467 -0.069946 0.000000
vn -0.071467 -0.069946 0.000000
vn -0.077216 -0.063543 0.000000
vn -0.077216 -0.063543 0.000000
vn -0.082392 -0.056670 0.000000
vn -0.082392 -0.056670 0.000000
vn -0.086959 -0.049378 0.000000
vn -0.086959 -0.049378 0.000000
vn -0.090882 -0.041719 0.000000
vn -0.090882 -0.041719 0.000000
vn -0.094132 -0.033752 0.000000
vn -0.094132 -0.033752 0.000000
vn -0.096685 -0.025535 0.000000
vn -0.096685 -0.025535 0.000000
vn -0.098522 -0.017129 0.000000
vn -0.098522 -0.017129 0.000000
vn -0.100000 -0.000000 0.000000
vn -0.099630 -0.008596 0.000000
vn -0.098522 -0.017129 0.000000
vn -0.096685 -0.025535 0.000000
vn -0.094132 -0.033752 0.000000
vn -0.090882 -0.041719 0.000000
vn -0.086959 -0.049378 0.000000
vn -0.082392 -0.056670 0.000000
vn -0.077216 -0.063543 0.000000
vn -0.071467 -0.069946 0.000000
vn -0.065190 -0.075831 0.000000
vn -0.058430 -0.081154 0.000000
vn -0.051237 -0.085876 0.000000
vn -0.043665 -0.089963 0.000000
vn -0.035770 -0.093384 0.000000
vn -0.027610 -0.096113 0.000000
vn -0.019245 -0.098131 0.000000
vn -0.010738 -0.099422 0.000000
vn -0.002152 -0.099977 0.000000
vn 0.006451 -0.099792 0.000000
vn 0.015006 -0.098868 0.000000
vn 0.023449 -0.097212 0.000000
vn 0.031719 -0.094836 0.000000
vn 0.039754 -0.091758 0.000000
vn 0.047495 -0.088001 0.000000
vn 0.054884 -0.083593 0.000000
vn 0.061867 -0.078565 0.000000
vn 0.068392 -0.072956 0.000000
vn 0.074410 -0.066806 0.000000
vn 0.079878 -0.060162 0.000000
vn 0.084754 -0.053073 0.000000
vn 0.089003 -0.045591 0.000000
vn 0.092592 -0.037771 0.000000
vn 0.095497 -0.029671 0.000000
vn 0.097694 -0.021352 0.000000
vn 0.099168 -0.012875 0.000000
vn 0.099907 -0.004302 0.000000
vn 0.099907 0.004302 0.000000
vn 0.099168 0.012875 0.000000
vn 0.097694 0.021352 0.000000
vn 0.095497 0.029671 0.000000
vn 0.092592 0.037771 0.000000
vn 0.089003 0.045591 0.000000
vn 0.084754 0.053073 0.000000
vn 0.079878 0.060162 0.000000
vn 0.074410 0.066806 0.000000
vn 0.068392 0.072956 0.000000
vn 0.061867 0.078565 0.000000
vn 0.054884 0.083593 0.000000
vn 0.047495 0.088001 0.000000
vn 0.039754 0.091758 0.000000
vn 0.031719 0.094836 0.000000
vn 0.023449 0.097212 0.000000
vn 0.015006 0.098868 0.000000
vn 0.006451 0.099792 0.000000
vn -0.002152 0.099977 0.000000
vn -0.010738 0.099422 0.000000
vn -0.019245 0.098131 0.000000
vn -0.027610 0.096113 0.000000
vn -0.035770 0.093384 0.000000
vn -0.043665 0.089963 0.000000
vn -0.051237 0.085876 0.000000
vn -0.058430 0.081154 0.000000
vn -0.065190 0.075831 0.000000
vn -0.071467 0.069946 0.000000
vn -0.077216 0.063543 0.000000
vn -0.082392 0.056670 0.000000
vn -0.086959 0.049378 0.000000
vn -0.090882 0.041719 0.000000
vn -0.094132 0.033752 0.000000
vn -0.096685 0.025535 0.000000
vn -0.098522 0.017129 0.000000
vn -0.099630 0.008596 0.000000
vn -0.100000 -0.000000 0.000000
vn -0.099630 -0.008596 0.000000
vn -0.098522 -0.017129 0.000000
vn -0.096685 -0.025535 0.000000
vn -0.094132 -0.033752 0.000000
vn -0.090882 -0.041719 0.000000
vn -0.086959 -0.049378 0.000000
vn -0.082392 -0.056670 0.000000
vn -0.077216 -0.063543 0.000000
vn -0.071467 -0.069946 0.000000
vn -0.065190 -0.075831 0.000000
vn -0.058430 -0.081154 0.000000
vn -0.051237 -0.085876 0.000000
vn -0.043665 -0.089963 0.000000
vn -0.035770 -0.093384 0.000000
vn -0.027610 -0.096113 0.000000
vn -0.019245 -0.098131 0.000000
vn -0.010738 -0.099422 0.000000
vn -0.002152 -0.099977 0.000000
vn 0.006451 -0.099792 0.000000
vn 0.015006 -0.098868 0.000000
vn 0.023449 -0.097212 0.000000
vn 0.031719 -0.094836 0.000000
vn 0.039754 -0.091758 0.000000
vn 0.047495 -0.088001 0.000000
vn 0.054884 -0.083593 0.000000
vn 0.061867 -0.078565 0.000000
vn 0.068392 -0.072956 0.000000
vn 0.074410 -0.066806 0.000000
vn 0.079878 -0.060162 0.000000
vn 0.084754 -0.053073 0.000000
vn 0.089003 -0.045591 0.000000
vn 0.092592 -0.037771 0.000000
vn 0.095497 -0.029671 0.000000
vn 0.097694 -0.021352 0.000000
vn 0.099168 -0.012875 0.000000
vn 0.099907 -0.004302 0.000000
vn 0.099907 0.004302 0.000000
vn 0.099168 0.012875 0.000000
vn 0.097694 0.021352 0.000000
vn 0.095497 0.029671 0.000000
vn 0.092592 0.037771 0.000000
vn 0.089003 0.045591 0.000000
vn 0.084754 0.053073 0.000000
vn 0.079878 0.060162 0.000000
vn 0.074410 0.066806 0.000000
vn 0.068392 0.072956 0.000000
vn 0.061867 0.078565 0.000000
vn 0.054884 0.083593 0.000000
vn 0.047495 0.088001 0.000000
vn 0.039754 0.091758 0.000000
vn 0.031719 0.094836 0.000000
vn 0.023449 0.097212 0.000000
vn 0.015006 0.098868 0.000000
vn 0.006451 0.099792 0.000000
vn -0.002152 0.099977 0.000000
vn -0.010738 0.099422 0.000000
vn -0.019245 0.098131 0.000000
vn -0.027610 0.096113 0.000000
vn -0.035770 0.093384 0.000000
vn -0.043665 0.089963 0.000000
vn -0.051237 0.085876 0.000000
vn -0.058430 0.081154 0.000000
vn -0.065190 0.075831 0.000000
vn -0.071467 0.069946 0.000000
vn -0.077216 0.063543 0.000000
vn -0.082392 0.056670 0.000000
vn -0.086959 0.049378 0.000000
vn -0.090882 0.041719 0.000000
vn -0.094132 0.033752 0.000000
vn -0.096685 0.025535 0.000000
vn -0.098522 0.017129 0.000000
vn -0.099630 0.008596 0.000000
vn -0.100000 -0.000000 0.000000
vn -0.099630 -0.008596 0.000000
vn -0.098522 -0.017129 0.000000
vn -0.096685 -0.025535 0.000000
vn -0.094132 -0.033752 0.000000
vn -0.090882 -0.041719 0.000000
vn -0.086959 -0.049378 0.000000
vn -0.082392 -0.056670 0.000000
vn -0.077216 -0.063543 0.000000
vn -0.071467 -0.069946 0.000000
vn -0.065190 -0.075831 0.000000
vn -0.058430 -0.081154 0.000000
vn -0.051237 -0.085876 0.000000
vn -0.043665 -0.089963 0.000000
vn -0.035770 -0.093384 0.000000
vn -0.027610 -0.096113 0.000000
vn -0.019245 -0.098131 0.000000
vn -0.010738 -0.099422 0.000000
vn -0.002152 -0.099977 0.000000
vn 0.006451 -0.099792 0.000000
vn 0.015006 -0.098868 0.000000
vn 0.023449 -0.097212 0.000000
vn 0.031719 -0.094836 0.000000
vn 0.039754 -0.091758 0.000000
vn 0.047495 -0.088001 0.000000
vn 0.054884 -0.083593 0.000000
vn 0.061867 -0.078565 0.000000
vn 0.068392 -0.072956 0.000000
vn 0.074410 -0.066806 0.000000
vn 0.079878 -0.060162 0.000000
vn 0.084754 -0.053073 0.000000
vn 0.089003 -0.045591 0.000000
vn 0.092592 -0.037771 0.000000
vn 0.095497 -0.029671 0.000000
vn 0.097694 -0.021352 0.000000
vn 0.099168 -0.012875 0.000000
vn 0.099907 -0.004302 0.000000
vn 0.099907 0.004302 0.000000
vn 0.099168 0.012875 0.000000
vn 0.097694 0.021352 0.000000
vn 0.095497 0.029671 0.000000
vn 0.092592 0.037771 0.000000
vn 0.089003 0.045591 0.000000
vn 0.084754 0.053073 0.000000
vn 0.079878 0.060162 0.000000
vn 0.074410 0.066806 0.000000
vn 0.068392 0.072956 0.000000
vn 0.061867 0.078565 0.000000
vn 0.054884 0.083593 0.000000
vn 0.047495 0.088001 0.000000
vn 0.039754 0.091758 0.000000
vn 0.031719 0.094836 0.000000
vn 0.023449 0.097212 0.000000
vn 0.015006 0.098868 0.000000
vn 0.006451 0.099792 0.000000
vn -0.002152 0.099977 0.000000
vn -0.010738 0.099422 0.000000
vn -0.019245 0.098131 0.000000
vn -0.027610 0.096113 0.000000
vn -0.035770 0.093384 0.000000
vn -0.043665 0.089963 0.000000
vn -0.051237 0.085876 0.000000
vn -0.058430 0.081154 0.000000
vn -0.065190 0.075831 0.000000
vn -0.071467 0.069946 0.000000
vn -0.077216 0.063543 0.000000
vn -0.082392 0.056670 0.000000
vn -0.086959 0.049378 0.000000
vn -0.090882 0.041719 0.000000
vn -0.094132 0.033752 0.000000
vn -0.096685 0.025535 0.000000
vn -0.098522 0.017129 0.000000
vn -0.099630 0.008596 0.000000
vn -0.100000 -0.000000 0.000000
vn -0.099630 -0.008596 0.000000
vn -0.098522 -0.017129 0.000000
vn -0.096685 -0.025535 0.000000
vn -0.094132 -0.033752 0.000000
vn -0.090882 -0.041719 0.000000
vn -0.086959 -0.049378 0.000000
vn -0.082392 -0.056670 0.000000
vn -0.077216 -0.063543 0.000000
vn -0.071467 -0.069946 0.000000
vn -0.065190 -0.075831 0.000000
vn -0.058430 -0.081154 0.000000
vn -0.051237 -0.085876 0.000000
vn -0.043665 -0.089963 0.000000
vn -0.035770 -0.093384 0.000000
vn -0.027610 -0.096113 0.000000
vn -0.019245 -0.098131 0.000000
vn -0.010738 -0.099422 0.000000
vn -0.002152 -0.099977 0.000000
vn 0.006451 -0.099792 0.000000
vn 0.015006 -0.098868 0.000000
vn 0.023449 -0.097212 0.000000
vn 0.031719 -0.094836 0.000000
vn 0.039754 -0.091758 0.000000
vn 0.047495 -0.088001 0.000000
vn 0.054884 -0.083593 0.000000
vn 0.061867 -0.078565 0.000000
vn 0.068392 -0.072956 0.000000
vn 0.074410 -0.066806 0.000000
vn 0.079878 -0.060162 0.000000
vn 0.084754 -0.053073 0.000000
vn 0.089003 -0.045591 0.000000
vn 0.092592 -0.037771 0.000000
vn 0.095497 -0.029671 0.000000
vn 0.097694 -0.021352 0.000000
vn 0.099168 -0.012875 0.000000
vn 0.099907 -0.004302 0.000000
vn 0.099907 0.004302 0.000000
vn 0.099168 0.012875 0.000000
vn 0.097694 0.021352 0.000000
vn 0.095497 0.029671 0.000000
vn 0.092592 0.037771 0.000000
vn 0.089003 0.045591 0.000000
vn 0.084754 0.053073 0.000000
vn 0.079878 0.060162 0.000000
vn 0.074410 0.066806 0.000000
vn 0.068392 0.072956 0.000000
vn 0.061867 0.078565 0.000000
vn 0.054884 0.083593 0.000000
vn 0.047495 0.088001 0.000000
vn 0.039754 0.091758 0.000000
vn 0.031719 0.094836 0.000000
vn 0.023449 0.097212 0.000000
vn 0.015006 0.098868 0.000000
vn 0.006451 0.099792 0.000000
vn -0.002152 0.099977 0.000000
vn -0.010738 0.099422 0.000000
vn -0.019245 0.098131 0.000000
vn -0.027610 0.096113 0.000000
vn -0.035770 0.093384 0.000000
vn -0.043665 0.089963 0.000000
vn -0.051237 0.085876 0.000000
vn -0.058430 0.081154 0.000000
vn -0.065190 0.075831 0.000000
vn -0.071467 0.069946 0.000000
vn -0.077216 0.063543 0.000000
vn -0.082392 0.056670 0.000000
vn -0.086959 0.049378 0.000000
vn -0.090882 0.041719 0.000000
vn -0.094132 0.033752 0.000000
vn -0.096685 0.025535 0.000000
vn -0.098522 0.017129 0.000000
vn -0.099630 0.008596 0.000000
vn -0.100000 -0.000000 0.000000
vn -0.099630 -0.008596 0.000000
vn -0.098522 -0.017129 0.000000
vn -0.096685 -0.025535 0.000000
vn -0.094132 -0.033752 0.000000
vn -0.090882 -0.041719 0.000000
vn -0.086959 -0.049378 0.000000
vn -0.082392 -0.056670 0.000000
vn -0.077216 -0.063543 0.000000
vn -0.071467 -0.069946 0.000000
vn -0.065190 -0.075831 0.000000
vn -0.058430 -0.081154 0.000000
vn -0.051237 -0.085876 0.000000
vn -0.043665 -0.089963 0.000000
vn -0.035770 -0.093384 0.000000
vn -0.027610 -0.096113 0.000000
vn -0.019245 -0.098131 0.000000
vn -0.010738 -0.099422 0.000000
vn -0.002152 -0.099977 0.000000
vn 0.006451 -0.099792 0.000000
vn 0.015006 -0.098868 0.000000
vn 0.023449 -0.097212 0.000000
vn 0.031719 -0.094836 0.000000
vn 0.039754 -0.091758 0.000000
vn 0.047495 -0.088001 0.000000
vn 0.054884 -0.083593 0.000000
vn 0.061867 -0.078565 0.000000
vn 0.068392 -0.072956 0.000000
vn 0.074410 -0.066806 0.000000
vn 0.079878 -0.060162 0.000000
vn 0.084754 -0.053073 0.000000
vn 0.089003 -0.045591 0.000000
vn 0.092592 -0.037771 0.000000
vn 0.095497 -0.029671 0.000000
vn 0.097694 -0.021352 0.000000
vn 0.099168 -0.012875 0.000000
vn 0.099907 -0.004302 0.000000
vn 0.099907 0.004302 0.000000
vn 0.099168 0.012875 0.000000
vn 0.097694 0.021352 0.000000
vn 0.095497 0.029671 0.000000
vn 0.092592 0.037771 0.000000
vn 0.089003 0.045591 0.000000
vn 0.084754 0.053073 0.000000
vn 0.079878 0.060162 0.000000
vn 0.074410 0.066806 0.000000
vn 0.068392 0.072956 0.000000
vn 0.061867 0.078565 0.000000
vn 0.054884 0.083593 0.000000
vn 0.047495 0.088001 0.000000
vn 0.039754 0.091758 0.000000
vn 0.031719 0.094836 0.000000
vn 0.023449 0.097212 0.000000
vn 0.015006 0.098868 0.000000
vn 0.006451 0.099792 0.000000
vn -0.002152 0.099977 0.000000
vn -0.010738 0.099422 0.000000
vn -0.019245 0.098131 0.000000
vn -0.027610 0.096113 0.000000
vn -0.035770 0.093384 0.000000
vn -0.043665 0.089963 0.000000
vn -0.051237 0.085876 0.000000
vn -0.058430 0.081154 0.000000
vn -0.065190 0.075831 0.000000
vn -0.071467 0.069946 0.000000
vn -0.077216 0.063543 0.000000
vn -0.082392 0.056670 0.000000
vn -0.086959 0.049378 0.000000
vn -0.090882 0.041719 0.000000
vn -0.094132 0.033752 0.000000
vn -0.096685 0.025535 0.000000
vn -0.098522 0.017129 0.000000
vn -0.099630 0.008596 0.000000
vn -0.100000 -0.000000 0.000000
vn -0.099630 -0.008596 0.000000
vn -0.098522 -0.017129 0.000000
vn -0.096685 -0.025535 0.000000
vn -0.094132 -0.033752 0.000000
vn -0.090882 -0.041719 0.000000
vn -0.086959 -0.049378 0.000000
vn -0.082392 -0.056670 0.000000
vn -0.077216 -0.063543 0.000000
vn -0.071467 -0.069946 0.000000
vn -0.065190 -0.075831 0.000000
vn -0.058430 -0.081154 0.000000
vn -0.051237 -0.085876 0.000000
vn -0.043665 -0.089963 0.000000
vn -0.035770 -0.093384 0.000000
vn -0.027610 -0.096113 0.000000
vn -0.019245 -0.098131 0.000000
vn -0.010738 -0.099422 0.000000
vn -0.002152 -0.099977 0.000000
vn 0.006451 -0.099792 0.000000
vn 0.015006 -0.098868 0.000000
vn 0.023449 -0.097212 0.000000
vn 0.031719 -0.094836 0.000000
vn 0.039754 -0.091758 0.000000
vn 0.047495 -0.088001 0.000000
vn 0.054884 -0.083593 0.000000
vn 0.061867 -0.078565 0.000000
vn 0.068392 -0.072956 0.000000
vn 0.074410 -0.066806 0.000000
vn 0.079878 -0.060162 0.000000
vn 0.084754 -0.053073 0.000000
vn 0.089003 -0.045591 0.000000
vn 0.092592 -0.037771 0.000000
vn 0.095497 -0.029671 0.000000
vn 0.097694 -0.021352 0.000000
vn 0.099168 -0.012875 0.000000
vn 0.099907 -0.004302 0.000000
vn 0.099907 0.004302 0.000000
vn 0.099168 0.012875 0.000000
vn 0.097694 0.021352 0.000000
vn 0.095497 0.029671 0.000000
vn 0.092592 0.037771 0.000000
vn 0.089003 0.045591 0.000000
vn 0.084754 0.053073 0.000000
vn 0.079878 0.060162 0.000000
vn 0.074410 0.066806 0.000000
vn 0.068392 0.072956 0.000000
vn 0.061867 0.078565 0.000000
vn 0.054884 0.083593 0.000000
vn 0.047495 0.088001 0.000000
vn 0.039754 0.091758 0.000000
vn 0.031719 0.094836 0.000000
vn 0.023449 0.097212 0.000000
vn 0.015006 0.098868 0.000000
vn 0.006451 0.099792 0.000000
vn -0.002152 0.099977 0.000000
vn -0.010738 0.099422 0.000000
vn -0.019245 0.098131 0.000000
vn -0.027610 0.096113 0.000000
vn -0.035770 0.093384 0.000000
vn -0.043665 0.089963 0.000000
vn -0.051237 0.085876 0.000000
vn -0.058430 0.081154 0.000000
vn -0.065190 0.075831 0.000000
vn -0.071467 0.069946 0.000000
vn -0.077216 0.063543 0.000000
vn -0.082392 0.056670 0.000000
vn -0.086959 0.049378 0.000000
vn -0.090882 0.041719 0.000000
vn -0.094132 0.033752 0.000000
vn -0.096685 0.025535 0.000000
vn -0.098522 0.017129 0.000000
vn -0.099630 0.008596 0.000000
vn -0.100000 -0.000000 0.000000
vn -0.099630 -0.008596 0.000000
vn -0.098522 -0.017129 0.000000
vn -0.096685 -0.025535 0.000000
vn -0.094132 -0.033752 0.000000
vn -0.090882 -0.041719 0.000000
vn -0.086959 -0.049378 0.000000
vn -0.082392 -0.056670 0.000000
vn -0.077216 -0.063543 0.000000
vn -0.071467 -0.069946 0.000000
vn -0.065190 -0.075831 0.000000
vn -0.058430 -0.081154 0.000000
vn -0.051237 -0.085876 0.000000
vn -0.043665 -0.089963 0.000000
vn -0.035770 -0.093384 0.000000
vn -0.027610 -0.096113 0.000000
vn -0.019245 -0.098131 0.000000
vn -0.010738 -0.099422 0.000000
vn -0.002152 -0.099977 0.000000
vn 0.006451 -0.099792 0.000000
vn 0.015006 -0.098868 0.000000
vn 0.023449 -0.097212 0.000000
vn 0.031719 -0.094836 0.000000
vn 0.039754 -0.091758 0.000000
vn 0.047495 -0.088001 0.000000
vn 0.054884 -0.083593 0.000000
vn 0.061867 -0.078565 0.000000
vn 0.068392 -0.072956 0.000000
vn 0.074410 -0.066806 0.000000
vn 0.079878 -0.060162 0.000000
vn 0.084754 -0.053073 0.000000
vn 0.089003 -0.045591 0.000000
vn 0.092592 -0.037771 0.000000
vn 0.095497 -0.029671 0.000000
vn 0.097694 -0.021352 0.000000
vn 0.099168 -0.012875 0.000000
vn 0.099907 -0.004302 0.000000
vn 0.099907 0.004302 0.000000
vn 0.099168 0.012875 0.000000
vn 0.097694 0.021352 0.000000
vn 0.095497 0.029671 0.000000
vn 0.092592 0.037771 0.000000
vn 0.089003 0.045591 0.000000
vn 0.084754 0.053073 0.000000
vn 0.079878 0.060162 0.000000
vn 0.074410 0.066806 0.000000
vn 0.068392 0.072956 0.000000
vn 0.061867 0.078565 0.000000
vn 0.054884 0.083593 0.000000
vn 0.047495 0.088001 0.000000
vn 0.039754 0.091758 0.000000
vn 0.031719 0.094836 0.000000
vn 0.023449 0.097212 0.000000
vn 0.015006 0.098868 0.000000
vn 0.006451 0.099792 0.000000
vn -0.002152 0.099977 0.000000
vn -0.010738 0.099422 0.000000
vn -0.019245 0.098131 0.000000
vn -0.027610 0.096113 0.000000
vn -0.035770 0.093384 0.000000
vn -0.043665 0.089963 0.000000
vn -0.051237 0.085876 0.000000
vn -0.058430 0.081154 0.000000
vn -0.065190 0.075831 0.000000
vn -0.071467 0.069946 0.000000
vn -0.077216 0.063543 0.000000
vn -0.082392 0.056670 0.000000
vn -0.086959 0.049378 0.000000
vn -0.090882 0.041719 0.000000
vn -0.094132 0.033752 0.000000
vn -0.096685 0.025535 0.000000
vn -0.098522 0.017129 0.000000
vn -0.099630 0.008596 0.000000
vn 0.099699 0.007749 0.000000
vn 0.100000 0.000000 0.000000
vn 0.099699 -0.007749 0.000000
vn 0.098799 -0.015452 0.000000
vn 0.097304 -0.023062 0.000000
vn 0.095225 -0.030533 0.000000
vn 0.092572 -0.037820 0.000000
vn 0.089363 -0.044880 0.000000
vn 0.085617 -0.051670 0.000000
vn 0.081355 -0.058149 0.000000
vn 0.076604 -0.064279 0.000000
vn 0.071393 -0.070022 0.000000
vn 0.065752 -0.075344 0.000000
vn 0.059716 -0.080212 0.000000
vn 0.053320 -0.084599 0.000000
vn 0.046604 -0.088476 0.000000
vn 0.039608 -0.091822 0.000000
vn 0.032373 -0.094615 0.000000
vn 0.024944 -0.096839 0.000000
vn 0.017365 -0.098481 0.000000
vn 0.009681 -0.099530 0.000000
vn 0.001939 -0.099981 0.000000
vn -0.005814 -0.099831 0.000000
vn -0.013533 -0.099080 0.000000
vn -0.021170 -0.097733 0.000000
vn -0.028680 -0.095799 0.000000
vn -0.036018 -0.093288 0.000000
vn -0.043139 -0.090217 0.000000
vn -0.050000 -0.086603 0.000000
vn -0.056561 -0.082468 0.000000
vn -0.062781 -0.077836 0.000000
vn -0.068624 -0.072737 0.000000
vn -0.074054 -0.067201 0.000000
vn -0.079039 -0.061260 0.000000
vn -0.083549 -0.054951 0.000000
vn -0.087556 -0.048311 0.000000
vn -0.091036 -0.041381 0.000000
vn -0.093969 -0.034202 0.000000
vn -0.096337 -0.026817 0.000000
vn -0.098126 -0.019271 0.000000
vn -0.099324 -0.011609 0.000000
vn -0.099925 -0.003878 0.000000
vn -0.099925 0.003878 -0.000000
vn -0.099324 0.011609 -0.000000
vn -0.098126 0.019271 -0.000000
vn -0.096337 0.026817 -0.000000
vn -0.093969 0.034202 -0.000000
vn -0.091036 0.041381 -0.000000
vn -0.087556 0.048311 -0.000000
vn -0.083549 0.054951 -0.000000
vn -0.079039 0.061260 -0.000000
vn -0.074054 0.067201 -0.000000
vn -0.068624 0.072737 -0.000000
vn -0.062781 0.077836 -0.000000
vn -0.056561 0.082468 -0.000000
vn -0.050000 0.086603 -0.000000
vn -0.043139 0.090217 -0.000000
vn -0.036018 0.093288 -0.000000
vn -0.028680 0.095799 -0.000000
vn -0.021170 0.097733 -0.000000
vn -0.013533 0.099080 -0.000000
vn -0.005814 0.099831 -0.000000
vn 0.001939 0.099981 0.000000
vn 0.009681 0.099530 0.000000
vn 0.017365 0.098481 0.000000
vn 0.024944 0.096839 0.000000
vn 0.032373 0.094615 0.000000
vn 0.039608 0.091822 0.000000
vn 0.046604 0.088476 0.000000
vn 0.053320 0.084599 0.000000
vn 0.059716 0.080212 0.000000
vn 0.065752 0.075344 0.000000
vn 0.071393 0.070022 0.000000
vn 0.076604 0.064279 0.000000
vn 0.081355 0.058149 0.000000
vn 0.085617 0.051670 0.000000
vn 0.089363 0.044880 0.000000
vn 0.092572 0.037820 0.000000
vn 0.095225 0.030533 0.000000
vn 0.097304 0.023062 0.000000
vn 0.098799 0.015452 0.000000
vn 0.099699 -0.007749 0.000000
vn 0.100000 -0.000000 0.000000
vn 0.099699 0.007749 0.000000
vn 0.098799 0.015452 0.000000
vn 0.097304 0.023062 0.000000
vn 0.095225 0.030533 0.000000
vn 0.092572 0.037820 0.000000
vn 0.089363 0.044880 0.000000
vn 0.085617 0.051670 0.000000
vn 0.081355 0.058149 0.000000
vn 0.076604 0.064279 0.000000
vn 0.071393 0.070022 0.000000
vn 0.065752 0.075344 0.000000
vn 0.059716 0.080212 0.000000
vn 0.053320 0.084599 0.000000
vn 0.046604 0.088476 0.000000
vn 0.039608 0.091822 0.000000
vn 0.032373 0.094615 0.000000
vn 0.024944 0.096839 0.000000
vn 0.017365 0.098481 0.000000
vn 0.009681 0.099530 0.000000
vn 0.001939 0.099981 0.000000
vn -0.005814 0.099831 -0.000000
vn -0.013533 0.099080 -0.000000
vn -0.021170 0.097733 -0.000000
vn -0.028680 0.095799 -0.000000
vn -0.036018 0.093288 -0.000000
vn -0.043139 0.090217 -0.000000
vn -0.050000 0.086603 -0.000000
vn -0.056561 0.082468 -0.000000
vn -0.062781 0.077836 -0.000000
vn -0.068624 0.072737 -0.000000
vn -0.074054 0.067201 -0.000000
vn -0.079039 0.061260 -0.000000
vn -0.083549 0.054951 -0.000000
vn -0.087556 0.048311 -0.000000
vn -0.091036 0.041381 -0.000000
vn -0.093969 0.034202 -0.000000
vn -0.096337 0.026817 -0.000000
vn -0.098126 0.019271 -0.000000
vn -0.099324 0.011609 -0.000000
vn -0.099925 0.003878 -0.000000
vn -0.099925 -0.003878 0.000000
vn -0.099324 -0.011609 0.000000
vn -0.098126 -0.019271 0.000000
vn -0.096337 -0.026817 0.000000
vn -0.093969 -0.034202 0.000000
vn -0.091036 -0.041381 0.000000
vn -0.087556 -0.048311 0.000000
vn -0.083549 -0.054951 0.000000
vn -0.079039 -0.061260 0.000000
vn -0.074054 -0.067201 0.000000
vn -0.068624 -0.072737 0.000000
vn -0.062781 -0.077836 0.000000
vn -0.056561 -0.082468 0.000000
vn -0.050000 -0.086603 0.000000
vn -0.043139 -0.090217 0.000000
vn -0.036018 -0.093288 0.000000
vn -0.028680 -0.095799 0.000000
vn -0.021170 -0.097733 0.000000
vn -0.013533 -0.099080 0.000000
vn -0.005814 -0.099831 0.000000
vn 0.001939 -0.099981 0.000000
vn 0.009681 -0.099530 0.000000
vn 0.017365 -0.098481 0.000000
vn 0.024944 -0.096839 0.000000
vn 0.032373 -0.094615 0.000000
vn 0.039608 -0.091822 0.000000
vn 0.046604 -0.088476 0.000000
vn 0.053320 -0.084599 0.000000
vn 0.059716 -0.080212 0.000000
vn 0.065752 -0.075344 0.000000
vn 0.071393 -0.070022 0.000000
vn 0.076604 -0.064279 0.000000
vn 0.081355 -0.058149 0.000000
vn 0.085617 -0.051670 0.000000
vn 0.089363 -0.044880 0.000000
vn 0.092572 -0.037820 0.000000
vn 0.095225 -0.030533 0.000000
vn 0.097304 -0.023062 0.000000
vn 0.098799 -0.015452 0.000000
vn 0.100000 -0.000000 0.000000
vn 0.099699 -0.007749 0.000000
vn 0.098799 -0.015452 0.000000
vn 0.097304 -0.023062 0.000000
vn 0.095225 -0.030533 0.000000
vn 0.092572 -0.037820 0.000000
vn 0.089363 -0.044880 0.000000
vn 0.085617 -0.051670 0.000000
vn 0.081355 -0.058149 0.000000
vn 0.076604 -0.064279 0.000000
vn 0.071393 -0.070022 0.000000
vn 0.065752 -0.075344 0.000000
vn 0.059716 -0.080212 0.000000
vn 0.053320 -0.084599 0.000000
vn 0.046604 -0.088476 0.000000
vn 0.039608 -0.091822 0.000000
vn 0.032373 -0.094615 0.000000
vn 0.024944 -0.096839 0.000000
vn 0.017365 -0.098481 0.000000
vn 0.009681 -0.099530 0.000000
vn 0.001939 -0.099981 0.000000
vn -0.005814 -0.099831 0.000000
vn -0.013533 -0.099080 0.000000
vn -0.021170 -0.097733 0.000000
vn -0.028680 -0.095799 0.000000
vn -0.036018 -0.093288 0.000000
vn -0.043139 -0.090217 0.000000
vn -0.050000 -0.086603 0.000000
vn -0.056561 -0.082468 0.000000
vn -0.062781 -0.077836 0.000000
vn -0.068624 -0.072737 0.000000
vn -0.074054 -0.067201 0.000000
vn -0.079039 -0.061260 0.000000
vn -0.083549 -0.054951 0.000000
vn -0.087556 -0.048311 0.000000
vn -0.091036 -0.041381 0.000000
vn -0.093969 -0.034202 0.000000
vn -0.096337 -0.026817 0.000000
vn -0.098126 -0.019271 0.000000
vn -0.099324 -0.011609 0.000000
vn -0.099925 -0.003878 0.000000
vn -0.099925 0.003878 -0.000000
vn -0.099324 0.011609 -0.000000
vn -0.098126 0.019271 -0.000000
vn -0.096337 0.026817 -0.000000
vn -0.093969 0.034202 -0.000000
vn -0.091036 0.041381 -0.000000
vn -0.087556 0.048311 -0.000000
vn -0.083549 0.054951 -0.000000
vn -0.079039 0.061260 -0.000000
vn -0.074054 0.067201 -0.000000
vn -0.068624 0.072737 -0.000000
vn -0.062781 0.077836 -0.000000
vn -0.056561 0.082468 -0.000000
vn -0.050000 0.086603 -0.000000
vn -0.043139 0.090217 -0.000000
vn -0.036018 0.093288 -0.000000
vn -0.028680 0.095799 -0.000000
vn -0.021170 0.097733 -0.000000
vn -0.013533 0.099080 -0.000000
vn -0.005814 0.099831 -0.000000
vn 0.001939 0.099981 0.000000
vn 0.009681 0.099530 0.000000
vn 0.017365 0.098481 0.000000
vn 0.024944 0.096839 0.000000
vn 0.032373 0.094615 0.000000
vn 0.039608 0.091822 0.000000
vn 0.046604 0.088476 0.000000
vn 0.053320 0.084599 0.000000
vn 0.059716 0.080212 0.000000
vn 0.065752 0.075344 0.000000
vn 0.071393 0.070022 0.000000
vn 0.076604 0.064279 0.000000
vn 0.081355 0.058149 0.000000
vn 0.085617 0.051670 0.000000
vn 0.089363 0.044880 0.000000
vn 0.092572 0.037820 0.000000
vn 0.095225 0.030533 0.000000
vn 0.097304 0.023062 0.000000
vn 0.098799 0.015452 0.000000
vn 0.099699 0.007749 0.000000
vn 0.100000 -0.000000 0.000000
vn 0.099699 -0.007749 0.000000
vn 0.098799 -0.015452 0.000000
vn 0.097304 -0.023062 0.000000
vn 0.095225 -0.030533 0.000000
vn 0.092572 -0.037820 0.000000
vn 0.089363 -0.044880 0.000000
vn 0.085617 -0.051670 0.000000
vn 0.081355 -0.058149 0.000000
vn 0.076604 -0.064279 0.000000
vn 0.071393 -0.070022 0.000000
vn 0.065752 -0.075344 0.000000
vn 0.059716 -0.080212 0.000000
vn 0.053320 -0.084599 0.000000
vn 0.046604 -0.088476 0.000000
vn 0.039608 -0.091822 0.000000
vn 0.032373 -0.094615 0.000000
vn 0.024944 -0.096839 0.000000
vn 0.017365 -0.098481 0.000000
vn 0.009681 -0.099530 0.000000
vn 0.001939 -0.099981 0.000000
vn -0.005814 -0.099831 0.000000
vn -0.013533 -0.099080 0.000000
vn -0.021170 -0.097733 0.000000
vn -0.028680 -0.095799 0.000000
vn -0.036018 -0.093288 0.000000
vn -0.043139 -0.090217 0.000000
vn -0.050000 -0.086603 0.000000
vn -0.056561 -0.082468 0.000000
vn -0.062781 -0.077836 0.000000
vn -0.068624 -0.072737 0.000000
vn -0.074054 -0.067201 0.000000
vn -0.079039 -0.061260 0.000000
vn -0.083549 -0.054951 0.000000
vn -0.087556 -0.048311 0.000000
vn -0.091036 -0.041381 0.000000
vn -0.093969 -0.034202 0.000000
vn -0.096337 -0.026817 0.000000
vn -0.098126 -0.019271 0.000000
vn -0.099324 -0.011609 0.000000
vn -0.099925 -0.003878 0.000000
vn -0.099925 0.003878 -0.000000
vn -0.099324 0.011609 -0.000000
vn -0.098126 0.019271 -0.000000
vn -0.096337 0.026817 -0.000000
vn -0.093969 0.034202 -0.000000
vn -0.091036 0.041381 -0.000000
vn -0.087556 0.048311 -0.000000
vn -0.083549 0.054951 -0.000000
vn -0.079039 0.061260 -0.000000
vn -0.074054 0.067201 -0.000000
vn -0.068624 0.072737 -0.000000
vn -0.062781 0.077836 -0.000000
vn -0.056561 0.082468 -0.000000
vn -0.050000 0.086603 -0.000000
vn -0.043139 0.090217 -0.000000
vn -0.036018 0.093288 -0.000000
vn -0.028680 0.095799 -0.000000
vn -0.021170 0.097733 -0.000000
vn -0.013533 0.099080 -0.000000
vn -0.005814 0.099831 -0.000000
vn 0.001939 0.099981 0.000000
vn 0.009681 0.099530 0.000000
vn 0.017365 0.098481 0.000000
vn 0.024944 0.096839 0.000000
vn 0.032373 0.094615 0.000000
vn 0.039608 0.091822 0.000000
vn 0.046604 0.088476 0.000000
vn 0.053320 0.084599 0.000000
vn 0.059716 0.080212 0.000000
vn 0.065752 0.075344 0.000000
vn 0.071393 0.070022 0.000000
vn 0.076604 0.064279 0.000000
vn 0.081355 0.058149 0.000000
vn 0.085617 0.051670 0.000000
vn 0.089363 0.044880 0.000000
vn 0.092572 0.037820 0.000000
vn 0.095225 0.030533 0.000000
vn 0.097304 0.023062 0.000000
vn 0.098799 0.015452 0.000000
vn 0.099699 0.007749 0.000000
vn 0.100000 -0.000000 0.000000
vn 0.099699 -0.007749 0.000000
vn 0.098799 -0.015452 0.000000
vn 0.097304 -0.023062 0.000000
vn 0.095225 -0.030533 0.000000
vn 0.092572 -0.037820 0.000000
vn 0.089363 -0.044880 0.000000
vn 0.085617 -0.051670 0.000000
vn 0.081355 -0.058149 0.000000
vn 0.076604 -0.064279 0.000000
vn 0.071393 -0.070022 0.000000
vn 0.065752 -0.075344 0.000000
vn 0.059716 -0.080212 0.000000
vn 0.053320 -0.084599 0.000000
vn 0.046604 -0.088476 0.000000
vn 0.039608 -0.091822 0.000000
vn 0.032373 -0.094615 0.000000
vn 0.024944 -0.096839 0.000000
vn 0.017365 -0.098481 0.000000
vn 0.009681 -0.099530 0.000000
vn 0.001939 -0.099981 0.000000
vn -0.005814 -0.099831 0.000000
vn -0.013533 -0.099080 0.000000
vn -0.021170 -0.097733 0.000000
vn -0.028680 -0.095799 0.000000
vn -0.036018 -0.093288 0.000000
vn -0.043139 -0.090217 0.000000
vn -0.050000 -0.086603 0.000000
vn -0.056561 -0.082468 0.000000
vn -0.062781 -0.077836 0.000000
vn -0.068624 -0.072737 0.000000
vn -0.074054 -0.067201 0.000000
vn -0.079039 -0.061260 0.000000
vn -0.083549 -0.054951 0.000000
vn -0.087556 -0.048311 0.000000
vn -0.091036 -0.041381 0.000000
vn -0.093969 -0.034202 0.000000
vn -0.096337 -0.026817 0.000000
vn -0.098126 -0.019271 0.000000
vn -0.099324 -0.011609 0.000000
vn -0.099925 -0.003878 0.000000
vn -0.099925 0.003878 -0.000000
vn -0.099324 0.011609 -0.000000
vn -0.098126 0.019271 -0.000000
vn -0.096337 0.026817 -0.000000
vn -0.093969 0.034202 -0.000000
vn -0.091036 0.041381 -0.000000
vn -0.087556 0.048311 -0.000000
vn -0.083549 0.054951 -0.000000
vn -0.079039 0.061260 -0.000000
vn -0.074054 0.067201 -0.000000
vn -0.068624 0.072737 -0.000000
vn -0.062781 0.077836 -0.000000
vn -0.056561 0.082468 -0.000000
vn -0.050000 0.086603 -0.000000
vn -0.043139 0.090217 -0.000000
vn -0.036018 0.093288 -0.000000
vn -0.028680 0.095799 -0.000000
vn -0.021170 0.097733 -0.000000
vn -0.013533 0.099080 -0.000000
vn -0.005814 0.099831 -0.000000
vn 0.001939 0.099981 0.000000
vn 0.009681 0.099530 0.000000
vn 0.017365 0.098481 0.000000
vn 0.024944 0.096839 0.000000
vn 0.032373 0.094615 0.000000
vn 0.039608 0.091822 0.000000
vn 0.046604 0.088476 0.000000
vn 0.053320 0.084599 0.000000
vn 0.059716 0.080212 0.000000
vn 0.065752 0.075344 0.000000
vn 0.071393 0.070022 0.000000
vn 0.076604 0.064279 0.000000
vn 0.081355 0.058149 0.000000
vn 0.085617 0.051670 0.000000
vn 0.089363 0.044880 0.000000
vn 0.092572 0.037820 0.000000
vn 0.095225 0.030533 0.000000
vn 0.097304 0.023062 0.000000
vn 0.098799 0.015452 0.000000
vn 0.099699 0.007749 0.000000
vn 0.100000 -0.000000 0.000000
vn 0.099699 -0.007749 0.000000
vn 0.098799 -0.015452 0.000000
vn 0.097304 -0.023062 0.000000
vn 0.095225 -0.030533 0.000000
vn 0.092572 -0.037820 0.000000
vn 0.089363 -0.044880 0.000000
vn 0.085617 -0.051670 0.000000
vn 0.081355 -0.058149 0.000000
vn 0.076604 -0.064279 0.000000
vn 0.071393 -0.070022 0.000000
vn 0.065752 -0.075344 0.000000
vn 0.059716 -0.080212 0.000000
vn 0.053320 -0.084599 0.000000
vn 0.046604 -0.088476 0.000000
vn 0.039608 -0.091822 0.000000
vn 0.032373 -0.094615 0.000000
vn 0.024944 -0.096839 0.000000
vn 0.017365 -0.098481 0.000000
vn 0.009681 -0.099530 0.000000
vn 0.001939 -0.099981 0.000000
vn -0.005814 -0.099831 0.000000
vn -0.013533 -0.099080 0.000000
vn -0.021170 -0.097733 0.000000
vn -0.028680 -0.095799 0.000000
vn -0.036018 -0.093288 0.000000
vn -0.043139 -0.090217 0.000000
vn -0.050000 -0.086603 0.000000
vn -0.056561 -0.082468 0.000000
vn -0.062781 -0.077836 0.000000
vn -0.068624 -0.072737 0.000000
vn -0.074054 -0.067201 0.000000
vn -0.079039 -0.061260 0.000000
vn -0.083549 -0.054951 0.000000
vn -0.087556 -0.048311 0.000000
vn -0.091036 -0.041381 0.000000
vn -0.093969 -0.034202 0.000000
vn -0.096337 -0.026817 0.000000
vn -0.098126 -0.019271 0.000000
vn -0.099324 -0.011609 0.000000
vn -0.099925 -0.003878 0.000000
vn -0.099925 0.003878 -0.000000
vn -0.099324 0.011609 -0.000000
vn -0.098126 0.019271 -0.000000
vn -0.096337 0.026817 -0.000000
vn -0.093969 0.034202 -0.000000
vn -0.091036 0.041381 -0.000000
vn -0.087556 0.048311 -0.000000
vn -0.083549 0.054951 -0.000000
vn -0.079039 0.061260 -0.000000
vn -0.074054 0.067201 -0.000000
vn -0.068624 0.072737 -0.000000
vn -0.062781 0.077836 -0.000000
vn -0.056561 0.082468 -0.000000
vn -0.050000 0.086603 -0.000000
vn -0.043139 0.090217 -0.000000
vn -0.036018 0.093288 -0.000000
vn -0.028680 0.095799 -0.000000
vn -0.021170 0.097733 -0.000000
vn -0.013533 0.099080 -0.000000
vn -0.005814 0.099831 -0.000000
vn 0.001939 0.099981 0.000000
vn 0.009681 0.099530 0.000000
vn 0.017365 0.098481 0.000000
vn 0.024944 0.096839 0.000000
vn 0.032373 0.094615 0.000000
vn 0.039608 0.091822 0.000000
vn 0.046604 0.088476 0.000000
vn 0.053320 0.084599 0.000000
vn 0.059716 0.080212 0.000000
vn 0.065752 0.075344 0.000000
vn 0.071393 0.070022 0.000000
vn 0.076604 0.064279 0.000000
vn 0.081355 0.058149 0.000000
vn 0.085617 0.051670 0.000000
vn 0.089363 0.044880 0.000000
vn 0.092572 0.037820 0.000000
vn 0.095225 0.030533 0.000000
vn 0.097304 0.023062 0.000000
vn 0.098799 0.015452 0.000000
vn 0.099699 0.007749 0.000000
vn 0.100000 -0.000000 0.000000
vn 0.099699 -0.007749 0.000000
vn 0.098799 -0.015452 0.000000
vn 0.097304 -0.023062 0.000000
vn 0.095225 -0.030533 0.000000
vn 0.092572 -0.037820 0.000000
vn 0.089363 -0.044880 0.000000
vn 0.085617 -0.051670 0.000000
vn 0.081355 -0.058149 0.000000
vn 0.076604 -0.064279 0.000000
vn 0.071393 -0.070022 0.000000
vn 0.065752 -0.075344 0.000000
vn 0.059716 -0.080212 0.000000
vn 0.053320 -0.084599 0.000000
vn 0.046604 -0.088476 0.000000
vn 0.039608 -0.091822 0.000000
vn 0.032373 -0.094615 0.000000
vn 0.024944 -0.096839 0.000000
vn 0.017365 -0.098481 0.000000
vn 0.009681 -0.099530 0.000000
vn 0.001939 -0.099981 0.000000
vn -0.005814 -0.099831 0.000000
vn -0.013533 -0.099080 0.000000
vn -0.021170 -0.097733 0.000000
vn -0.028680 -0.095799 0.000000
vn -0.036018 -0.093288 0.000000
vn -0.043139 -0.090217 0.000000
vn -0.050000 -0.086603 0.000000
vn -0.056561 -0.082468 0.000000
vn -0.062781 -0.077836 0.000000
vn -0.068624 -0.072737 0.000000
vn -0.074054 -0.067201 0.000000
vn -0.079039 -0.061260 0.000000
vn -0.083549 -0.054951 0.000000
vn -0.087556 -0.048311 0.000000
vn -0.091036 -0.041381 0.000000
vn -0.093969 -0.034202 0.000000
vn -0.096337 -0.026817 0.000000
vn -0.098126 -0.019271 0.000000
vn -0.099324 -0.011609 0.000000
vn -0.099925 -0.003878 0.000000
vn -0.099925 0.003878 -0.000000
vn -0.099324 0.011609 -0.000000
vn -0.098126 0.019271 -0.000000
vn -0.096337 0.026817 -0.000000
vn -0.093969 0.034202 -0.000000
vn -0.091036 0.041381 -0.000000
vn -0.087556 0.048311 -0.000000
vn -0.083549 0.054951 -0.000000
vn -0.079039 0.061260 -0.000000
vn -0.074054 0.067201 -0.000000
vn -0.068624 0.072737 -0.000000
vn -0.062781 0.077836 -0.000000
vn -0.056561 0.082468 -0.000000
vn -0.050000 0.086603 -0.000000
vn -0.043139 0.090217 -0.000000
vn -0.036018 0.093288 -0.000000
vn -0.028680 0.095799 -0.000000
vn -0.021170 0.097733 -0.000000
vn -0.013533 0.099080 -0.000000
vn -0.005814 0.099831 -0.000000
vn 0.001939 0.099981 0.000000
vn 0.009681 0.099530 0.000000
vn 0.017365 0.098481 0.000000
vn 0.024944 0.096839 0.000000
vn 0.032373 0.094615 0.000000
vn 0.039608 0.091822 0.000000
vn 0.046604 0.088476 0.000000
vn 0.053320 0.084599 0.000000
vn 0.059716 0.080212 0.000000
vn 0.065752 0.075344 0.000000
vn 0.071393 0.070022 0.000000
vn 0.076604 0.064279 0.000000
vn 0.081355 0.058149 0.000000
vn 0.085617 0.051670 0.000000
vn 0.089363 0.044880 0.000000
vn 0.092572 0.037820 0.000000
vn 0.095225 0.030533 0.000000
vn 0.097304 0.023062 0.000000
vn 0.098799 0.015452 0.000000
vn 0.099699 0.007749 0.000000
usemtl 강철_-_새틴
f 1/1/1 2/2/2 4/3/3
f 4/3/3 2/2/2 3/4/4
f 1/5/5 207/6/6 2/7/7
f 2/7/7 207/6/6 243/8/8
f 2/7/7 243/8/8 106/9/9
f 106/9/9 243/8/8 105/10/10
f 105/10/10 243/8/8 104/11/11
f 104/11/11 243/8/8 103/12/12
f 103/12/12 243/8/8 102/13/13
f 102/13/13 243/8/8 101/14/14
f 101/14/14 243/8/8 100/15/15
f 100/15/15 243/8/8 99/16/16
f 99/16/16 243/8/8 98/17/17
f 98/17/17 243/8/8 97/18/18
f 97/18/18 243/8/8 96/19/19
f 96/19/19 243/8/8 95/20/20
f 95/20/20 243/8/8 94/21/21
f 94/21/21 243/8/8 244/22/22
f 94/21/21 244/22/22 245/23/23
f 1/5/5 5/24/24 207/6/6
f 207/6/6 5/24/24 6/25/25
f 207/6/6 6/25/25 7/26/26
f 7/26/26 8/27/27 207/6/6
f 207/6/6 8/27/27 9/28/28
f 207/6/6 9/28/28 10/29/29
f 10/29/29 11/30/30 207/6/6
f 207/6/6 11/30/30 12/31/31
f 207/6/6 12/31/31 206/32/32
f 206/32/32 12/31/31 205/33/33
f 205/33/33 12/31/31 13/34/34
f 205/33/33 13/34/34 204/35/35
f 204/35/35 13/34/34 14/36/36
f 204/35/35 14/36/36 203/37/37
f 203/37/37 14/36/36 15/38/38
f 203/37/37 15/38/38 202/39/39
f 202/39/39 15/38/38 201/40/40
f 201/40/40 15/38/38 16/41/41
f 201/40/40 16/41/41 200/42/42
f 200/42/42 16/41/41 17/43/43
f 200/42/42 17/43/43 199/44/44
f 199/44/44 17/43/43 198/45/45
f 198/45/45 17/43/43 18/46/46
f 198/45/45 18/46/46 197/47/47
f 197/47/47 18/46/46 19/48/48
f 197/47/47 19/48/48 196/49/49
f 196/49/49 19/48/48 20/50/50
f 196/49/49 20/50/50 195/51/51
f 195/51/51 20/50/50 194/52/52
f 194/52/52 20/50/50 21/53/53
f 194/52/52 21/53/53 193/54/54
f 193/54/54 21/53/53 22/55/55
f 193/54/54 22/55/55 192/56/56
f 192/56/56 22/55/55 23/57/57
f 192/56/56 23/57/57 24/58/58
f 192/56/56 24/58/58 191/59/59
f 191/59/59 24/58/58 25/60/60
f 191/59/59 25/60/60 190/61/61
f 190/61/61 25/60/60 26/62/62
f 190/61/61 26/62/62 143/63/63
f 143/63/63 26/62/62 27/64/64
f 143/63/63 27/64/64 142/65/65
f 142/65/65 27/64/64 28/66/66
f 142/65/65 28/66/66 141/67/67
f 141/67/67 28/66/66 29/68/68
f 141/67/67 29/68/68 30/69/69
f 141/67/67 30/69/69 140/70/70
f 140/70/70 30/69/69 31/71/71
f 140/70/70 31/71/71 139/72/72
f 139/72/72 31/71/71 32/73/73
f 139/72/72 32/73/73 33/74/74
f 139/72/72 33/74/74 138/75/75
f 138/75/75 33/74/74 34/76/76
f 138/75/75 34/76/76 35/77/77
f 138/75/75 35/77/77 137/78/78
f 137/78/78 35/77/77 36/79/79
f 137/78/78 36/79/79 136/80/80
f 136/80/80 36/79/79 37/81/81
f 136/80/80 37/81/81 38/82/82
f 136/80/80 38/82/82 135/83/83
f 135/83/83 38/82/82 39/84/84
f 135/83/83 39/84/84 134/85/85
f 134/85/85 39/84/84 133/86/86
f 133/86/86 39/84/84 40/87/87
f 133/86/86 40/87/87 41/88/88
f 41/88/88 42/89/89 133/86/86
f 133/86/86 42/89/89 43/90/90
f 133/86/86 43/90/90 132/91/91
f 132/91/91 43/90/90 44/92/92
f 132/91/91 44/92/92 272/93/93
f 272/93/93 44/92/92 45/94/94
f 272/93/93 45/94/94 271/95/95
f 271/95/95 45/94/94 46/96/96
f 271/95/95 46/96/96 47/97/97
f 271/95/95 47/97/97 270/98/98
f 270/98/98 47/97/97 48/99/99
f 270/98/98 48/99/99 269/100/100
f 269/100/100 48/99/99 49/101/101
f 269/100/100 49/101/101 268/102/102
f 268/102/102 49/101/101 50/103/103
f 268/102/102 50/103/103 267/104/104
f 267/104/104 50/103/103 51/105/105
f 267/104/104 51/105/105 266/106/106
f 266/106/106 51/105/105 52/107/107
f 266/106/106 52/107/107 265/108/108
f 265/108/108 52/107/107 53/109/109
f 265/108/108 53/109/109 264/110/110
f 264/110/110 53/109/109 54/111/111
f 264/110/110 54/111/111 263/112/112
f 263/112/112 54/111/111 262/113/113
f 262/113/113 54/111/111 55/114/114
f 262/113/113 55/114/114 261/115/115
f 261/115/115 55/114/114 56/116/116
f 261/115/115 56/116/116 260/117/117
f 260/117/117 56/116/116 57/118/118
f 260/117/117 57/118/118 259/119/119
f 259/119/119 57/118/118 258/120/120
f 258/120/120 57/118/118 58/121/121
f 258/120/120 58/121/121 257/122/122
f 257/122/122 58/121/121 59/123/123
f 257/122/122 59/123/123 256/124/124
f 256/124/124 59/123/123 60/125/125
f 256/124/124 60/125/125 255/126/126
f 255/126/126 60/125/125 61/127/127
f 255/126/126 61/127/127 254/128/128
f 254/128/128 61/127/127 62/129/129
f 254/128/128 62/129/129 253/130/130
f 253/130/130 62/129/129 63/131/131
f 253/130/130 63/131/131 252/132/132
f 252/132/132 63/131/131 64/133/133
f 252/132/132 64/133/133 287/134/134
f 287/134/134 64/133/133 65/135/135
f 287/134/134 65/135/135 66/136/136
f 287/134/134 66/136/136 286/137/137
f 286/137/137 66/136/136 67/138/138
f 286/137/137 67/138/138 119/139/139
f 119/139/139 67/138/138 118/140/140
f 118/140/140 67/138/138 68/141/141
f 118/140/140 68/141/141 69/142/142
f 118/140/140 69/142/142 117/143/143
f 117/143/143 69/142/142 70/144/144
f 117/143/143 70/144/144 71/145/145
f 117/143/143 71/145/145 116/146/146
f 116/146/146 71/145/145 72/147/147
f 116/146/146 72/147/147 115/148/148
f 115/148/148 72/147/147 73/149/149
f 115/148/148 73/149/149 74/150/150
f 115/148/148 74/150/150 114/151/151
f 114/151/151 74/150/150 75/152/152
f 114/151/151 75/152/152 76/153/153
f 114/151/151 76/153/153 113/154/154
f 113/154/154 76/153/153 77/155/155
f 113/154/154 77/155/155 112/156/156
f 112/156/156 77/155/155 78/157/157
f 112/156/156 78/157/157 79/158/158
f 112/156/156 79/158/158 111/159/159
f 111/159/159 79/158/158 80/160/160
f 111/159/159 80/160/160 110/161/161
f 110/161/161 80/160/160 81/162/162
f 110/161/161 81/162/162 82/163/163
f 110/161/161 82/163/163 109/164/164
f 109/164/164 82/163/163 83/165/165
f 109/164/164 83/165/165 108/166/166
f 108/166/166 83/165/165 84/167/167
f 108/166/166 84/167/167 85/168/168
f 86/169/169 224/170/170 85/168/168
f 85/168/168 224/170/170 107/171/171
f 85/168/168 107/171/171 108/166/166
f 224/170/170 86/169/169 223/172/172
f 223/172/172 86/169/169 87/173/173
f 223/172/172 87/173/173 222/174/174
f 222/174/174 87/173/173 88/175/175
f 222/174/174 88/175/175 89/176/176
f 222/174/174 89/176/176 221/177/177
f 221/177/177 89/176/176 90/178/178
f 221/177/177 90/178/178 220/179/179
f 220/179/179 90/178/178 91/180/180
f 220/179/179 91/180/180 219/181/181
f 219/181/181 91/180/180 218/182/182
f 218/182/182 91/180/180 92/183/183
f 218/182/182 92/183/183 217/184/184
f 217/184/184 92/183/183 93/185/185
f 217/184/184 93/185/185 216/186/186
f 216/186/186 93/185/185 94/21/21
f 216/186/186 94/21/21 251/187/187
f 251/187/187 94/21/21 250/188/188
f 250/188/188 94/21/21 249/189/189
f 249/189/189 94/21/21 248/190/190
f 248/190/190 94/21/21 247/191/191
f 247/191/191 94/21/21 246/192/192
f 246/192/192 94/21/21 245/23/23
f 286/137/137 119/139/139 285/193/193
f 285/193/193 119/139/139 120/194/194
f 285/193/193 120/194/194 284/195/195
f 284/195/195 120/194/194 121/196/196
f 284/195/195 121/196/196 283/197/197
f 283/197/197 121/196/196 122/198/198
f 283/197/197 122/198/198 282/199/199
f 282/199/199 122/198/198 123/200/200
f 282/199/199 123/200/200 281/201/201
f 281/201/201 123/200/200 124/202/202
f 281/201/201 124/202/202 280/203/203
f 280/203/203 124/202/202 125/204/204
f 280/203/203 125/204/204 279/205/205
f 279/205/205 125/204/204 126/206/206
f 279/205/205 126/206/206 278/207/207
f 278/207/207 126/206/206 127/208/208
f 278/207/207 127/208/208 128/209/209
f 128/209/209 129/210/210 278/207/207
f 278/207/207 129/210/210 130/211/211
f 278/207/207 130/211/211 131/212/212
f 131/212/212 132/91/91 278/207/207
f 278/207/207 132/91/91 277/213/213
f 277/213/213 132/91/91 276/214/214
f 276/214/214 132/91/91 275/215/215
f 275/215/215 132/91/91 274/216/216
f 274/216/216 132/91/91 273/217/217
f 273/217/217 132/91/91 272/93/93
f 143/63/63 144/218/218 190/61/61
f 190/61/61 144/218/218 189/219/219
f 189/219/219 144/218/218 145/220/220
f 189/219/219 145/220/220 188/221/221
f 188/221/221 145/220/220 146/222/222
f 188/221/221 146/222/222 187/223/223
f 187/223/223 146/222/222 147/224/224
f 187/223/223 147/224/224 186/225/225
f 186/225/225 147/224/224 148/226/226
f 186/225/225 148/226/226 185/227/227
f 185/227/227 148/226/226 149/228/228
f 185/227/227 149/228/228 184/229/229
f 184/229/229 149/228/228 183/230/230
f 183/230/230 149/228/228 150/231/231
f 183/230/230 150/231/231 182/232/232
f 182/232/232 150/231/231 151/233/233
f 182/232/232 151/233/233 181/234/234
f 181/234/234 151/233/233 152/235/235
f 181/234/234 152/235/235 180/236/236
f 180/236/236 152/235/235 153/237/237
f 180/236/236 153/237/237 215/238/238
f 215/238/238 153/237/237 154/239/239
f 215/238/238 154/239/239 214/240/240
f 214/240/240 154/239/239 213/241/241
f 213/241/241 154/239/239 155/242/242
f 213/241/241 155/242/242 212/243/243
f 212/243/243 155/242/242 156/244/244
f 212/243/243 156/244/244 157/245/245
f 212/243/243 157/245/245 211/246/246
f 211/246/246 157/245/245 158/247/247
f 211/246/246 158/247/247 210/248/248
f 210/248/248 158/247/247 159/249/249
f 210/248/248 159/249/249 209/250/250
f 209/250/250 159/249/249 160/251/251
f 209/250/250 160/251/251 161/252/252
f 209/250/250 161/252/252 208/253/253
f 208/253/253 161/252/252 162/254/254
f 208/253/253 162/254/254 242/255/255
f 242/255/255 162/254/254 241/256/256
f 241/256/256 162/254/254 240/257/257
f 240/257/257 162/254/254 239/258/258
f 239/258/258 162/254/254 238/259/259
f 238/259/259 162/254/254 237/260/260
f 237/260/260 162/254/254 236/261/261
f 236/261/261 162/254/254 163/262/262
f 236/261/261 163/262/262 164/263/263
f 164/263/263 165/264/264 236/261/261
f 236/261/261 165/264/264 166/265/265
f 236/261/261 166/265/265 167/266/266
f 167/266/266 168/267/267 236/261/261
f 236/261/261 168/267/267 169/268/268
f 236/261/261 169/268/268 170/269/269
f 236/261/261 170/269/269 235/270/270
f 235/270/270 170/269/269 171/271/271
f 235/270/270 171/271/271 234/272/272
f 234/272/272 171/271/271 172/273/273
f 234/272/272 172/273/273 233/274/274
f 233/274/274 172/273/273 232/275/275
f 232/275/275 172/273/273 173/276/276
f 232/275/275 173/276/276 231/277/277
f 231/277/277 173/276/276 174/278/278
f 231/277/277 174/278/278 230/279/279
f 230/279/279 174/278/278 175/280/280
f 230/279/279 175/280/280 229/281/281
f 229/281/281 175/280/280 176/282/282
f 229/281/281 176/282/282 228/283/283
f 228/283/283 176/282/282 177/284/284
f 228/283/283 177/284/284 227/285/285
f 227/285/285 177/284/284 226/286/286
f 226/286/286 177/284/284 178/287/287
f 226/286/286 178/287/287 225/288/288
f 225/288/288 178/287/287 179/289/289
f 225/288/288 179/289/289 224/170/170
f 224/170/170 179/289/289 107/171/171
f 243/8/8 207/6/6 242/255/255
f 242/255/255 207/6/6 208/253/253
f 289/290/290 476/291/291 288/292/292
f 288/292/292 476/291/291 455/293/293
f 288/294/292 455/295/293 1175/296/294
f 1175/296/294 455/295/293 456/297/295
f 1175/296/294 456/297/295 1176/298/296
f 1176/298/296 456/297/295 457/299/297
f 1176/298/296 457/299/297 1177/300/298
f 1177/300/298 457/299/297 458/301/299
f 1177/300/298 458/301/299 1178/302/300
f 1178/302/300 458/301/299 459/303/301
f 1178/302/300 459/303/301 1179/304/302
f 1179/304/302 459/303/301 460/305/303
f 1179/304/302 460/305/303 1180/306/304
f 1180/306/304 460/305/303 461/307/305
f 1180/306/304 461/307/305 1181/308/306
f 1181/308/306 461/307/305 462/309/307
f 1181/308/306 462/309/307 1182/310/308
f 1182/310/308 462/309/307 369/311/309
f 1182/310/308 369/311/309 370/312/310
f 476/291/291 289/290/290 484/313/311
f 484/313/311 289/290/290 290/314/312
f 484/313/311 290/314/312 492/315/313
f 492/315/313 290/314/312 291/316/314
f 492/315/313 291/316/314 500/317/315
f 500/317/315 291/316/314 292/318/316
f 500/317/315 292/318/316 508/319/317
f 508/319/317 292/318/316 293/320/318
f 508/319/317 293/320/318 516/321/319
f 516/321/319 293/320/318 294/322/320
f 516/321/319 294/322/320 524/323/321
f 524/323/321 294/322/320 295/324/322
f 524/323/321 295/324/322 532/325/323
f 532/325/323 295/324/322 296/326/324
f 532/325/323 296/326/324 540/327/325
f 540/327/325 296/326/324 463/328/326
f 540/327/325 463/328/326 562/329/327
f 562/329/327 463/328/326 549/330/328
f 562/329/327 549/330/328 550/331/329
f 550/331/329 549/330/328 565/332/330
f 550/331/329 565/332/330 566/333/331
f 566/333/331 565/332/330 574/334/332
f 566/333/331 574/334/332 575/335/333
f 575/335/333 574/334/332 583/336/334
f 575/335/333 583/336/334 584/337/335
f 584/337/335 583/336/334 592/338/336
f 584/337/335 592/338/336 593/339/337
f 593/339/337 592/338/336 601/340/338
f 593/339/337 601/340/338 602/341/339
f 602/341/339 601/340/338 610/342/340
f 602/341/339 610/342/340 439/343/341
f 439/343/341 610/342/340 438/344/342
f 438/344/342 610/342/340 618/345/343
f 438/344/342 618/345/343 464/346/344
f 464/346/344 618/345/343 617/347/345
f 464/346/344 617/347/345 627/348/346
f 627/348/346 617/347/345 616/349/347
f 627/348/346 616/349/347 628/350/348
f 628/350/348 616/349/347 615/351/349
f 628/350/348 615/351/349 629/352/350
f 629/352/350 615/351/349 614/353/351
f 629/352/350 614/353/351 630/354/352
f 630/354/352 614/353/351 613/355/353
f 630/354/352 613/355/353 631/356/354
f 631/356/354 613/355/353 612/357/355
f 631/356/354 612/357/355 632/358/356
f 632/358/356 612/357/355 611/359/357
f 632/358/356 611/359/357 465/360/358
f 465/360/358 611/359/357 304/361/359
f 465/360/358 304/361/359 305/362/360
f 296/326/324 297/363/361 463/328/326
f 463/328/326 297/363/361 548/364/362
f 463/328/326 548/364/362 549/330/328
f 549/330/328 548/364/362 564/365/363
f 549/330/328 564/365/363 565/332/330
f 565/332/330 564/365/363 573/366/364
f 565/332/330 573/366/364 574/334/332
f 574/334/332 573/366/364 582/367/365
f 574/334/332 582/367/365 583/336/334
f 583/336/334 582/367/365 591/368/366
f 583/336/334 591/368/366 592/338/336
f 592/338/336 591/368/366 600/369/367
f 592/338/336 600/369/367 601/340/338
f 601/340/338 600/369/367 609/370/368
f 601/340/338 609/370/368 610/342/340
f 610/342/340 609/370/368 618/345/343
f 297/363/361 298/371/369 548/364/362
f 548/364/362 298/371/369 563/372/370
f 548/364/362 563/372/370 564/365/363
f 564/365/363 563/372/370 572/373/371
f 564/365/363 572/373/371 573/366/364
f 573/366/364 572/373/371 581/374/372
f 573/366/364 581/374/372 582/367/365
f 582/367/365 581/374/372 590/375/373
f 582/367/365 590/375/373 591/368/366
f 591/368/366 590/375/373 599/376/374
f 591/368/366 599/376/374 600/369/367
f 600/369/367 599/376/374 608/377/375
f 600/369/367 608/377/375 609/370/368
f 609/370/368 608/377/375 617/347/345
f 609/370/368 617/347/345 618/345/343
f 298/371/369 299/378/376 563/372/370
f 563/372/370 299/378/376 571/379/377
f 563/372/370 571/379/377 572/373/371
f 572/373/371 571/379/377 580/380/378
f 572/373/371 580/380/378 581/374/372
f 581/374/372 580/380/378 589/381/379
f 581/374/372 589/381/379 590/375/373
f 590/375/373 589/381/379 598/382/380
f 590/375/373 598/382/380 599/376/374
f 599/376/374 598/382/380 607/383/381
f 599/376/374 607/383/381 608/377/375
f 608/377/375 607/383/381 616/349/347
f 608/377/375 616/349/347 617/347/345
f 299/378/376 300/384/382 571/379/377
f 571/379/377 300/384/382 579/385/383
f 571/379/377 579/385/383 580/380/378
f 580/380/378 579/385/383 588/386/384
f 580/380/378 588/386/384 589/381/379
f 589/381/379 588/386/384 597/387/385
f 589/381/379 597/387/385 598/382/380
f 598/382/380 597/387/385 606/388/386
f 598/382/380 606/388/386 607/383/381
f 607/383/381 606/388/386 615/351/349
f 607/383/381 615/351/349 616/349/347
f 300/384/382 301/389/387 579/385/383
f 579/385/383 301/389/387 587/390/388
f 579/385/383 587/390/388 588/386/384
f 588/386/384 587/390/388 596/391/389
f 588/386/384 596/391/389 597/387/385
f 597/387/385 596/391/389 605/392/390
f 597/387/385 605/392/390 606/388/386
f 606/388/386 605/392/390 614/353/351
f 606/388/386 614/353/351 615/351/349
f 301/389/387 302/393/391 587/390/388
f 587/390/388 302/393/391 595/394/392
f 587/390/388 595/394/392 596/391/389
f 596/391/389 595/394/392 604/395/393
f 596/391/389 604/395/393 605/392/390
f 605/392/390 604/395/393 613/355/353
f 605/392/390 613/355/353 614/353/351
f 302/393/391 303/396/394 595/394/392
f 595/394/392 303/396/394 603/397/395
f 595/394/392 603/397/395 604/395/393
f 604/395/393 603/397/395 612/357/355
f 604/395/393 612/357/355 613/355/353
f 303/396/394 304/361/359 603/397/395
f 603/397/395 304/361/359 611/359/357
f 603/397/395 611/359/357 612/357/355
f 465/360/358 305/362/360 619/398/396
f 619/398/396 305/362/360 306/399/397
f 619/398/396 306/399/397 633/400/398
f 633/400/398 306/399/397 307/401/399
f 633/400/398 307/401/399 641/402/400
f 641/402/400 307/401/399 308/403/401
f 641/402/400 308/403/401 649/404/402
f 649/404/402 308/403/401 309/405/403
f 649/404/402 309/405/403 657/406/404
f 657/406/404 309/405/403 310/407/405
f 657/406/404 310/407/405 665/408/406
f 665/408/406 310/407/405 311/409/407
f 665/408/406 311/409/407 673/410/408
f 673/410/408 311/409/407 312/411/409
f 673/410/408 312/411/409 681/412/410
f 681/412/410 312/411/409 466/413/411
f 681/412/410 466/413/411 703/414/412
f 703/414/412 466/413/411 690/415/413
f 703/414/412 690/415/413 691/416/414
f 691/416/414 690/415/413 706/417/415
f 691/416/414 706/417/415 707/418/416
f 707/418/416 706/417/415 715/419/417
f 707/418/416 715/419/417 716/420/418
f 716/420/418 715/419/417 724/421/419
f 716/420/418 724/421/419 725/422/420
f 725/422/420 724/421/419 733/423/421
f 725/422/420 733/423/421 734/424/422
f 734/424/422 733/423/421 742/425/423
f 734/424/422 742/425/423 743/426/424
f 743/426/424 742/425/423 751/427/425
f 743/426/424 751/427/425 422/428/426
f 422/428/426 751/427/425 421/429/427
f 421/429/427 751/427/425 759/430/428
f 421/429/427 759/430/428 467/431/429
f 467/431/429 759/430/428 758/432/430
f 467/431/429 758/432/430 768/433/431
f 768/433/431 758/432/430 757/434/432
f 768/433/431 757/434/432 769/435/433
f 769/435/433 757/434/432 756/436/434
f 769/435/433 756/436/434 770/437/435
f 770/437/435 756/436/434 755/438/436
f 770/437/435 755/438/436 771/439/437
f 771/439/437 755/438/436 754/440/438
f 771/439/437 754/440/438 772/441/439
f 772/441/439 754/440/438 753/442/440
f 772/441/439 753/442/440 773/443/441
f 773/443/441 753/442/440 752/444/442
f 773/443/441 752/444/442 468/445/443
f 468/445/443 752/444/442 320/446/444
f 468/445/443 320/446/444 321/447/445
f 312/411/409 313/448/446 466/413/411
f 466/413/411 313/448/446 689/449/447
f 466/413/411 689/449/447 690/415/413
f 690/415/413 689/449/447 705/450/448
f 690/415/413 705/450/448 706/417/415
f 706/417/415 705/450/448 714/451/449
f 706/417/415 714/451/449 715/419/417
f 715/419/417 714/451/449 723/452/450
f 715/419/417 723/452/450 724/421/419
f 724/421/419 723/452/450 732/453/451
f 724/421/419 732/453/451 733/423/421
f 733/423/421 732/453/451 741/454/452
f 733/423/421 741/454/452 742/425/423
f 742/425/423 741/454/452 750/455/453
f 742/425/423 750/455/453 751/427/425
f 751/427/425 750/455/453 759/430/428
f 313/448/446 314/456/454 689/449/447
f 689/449/447 314/456/454 704/457/455
f 689/449/447 704/457/455 705/450/448
f 705/450/448 704/457/455 713/458/456
f 705/450/448 713/458/456 714/451/449
f 714/451/449 713/458/456 722/459/457
f 714/451/449 722/459/457 723/452/450
f 723/452/450 722/459/457 731/460/458
f 723/452/450 731/460/458 732/453/451
f 732/453/451 731/460/458 740/461/459
f 732/453/451 740/461/459 741/454/452
f 741/454/452 740/461/459 749/462/460
f 741/454/452 749/462/460 750/455/453
f 750/455/453 749/462/460 758/432/430
f 750/455/453 758/432/430 759/430/428
f 314/456/454 315/463/461 704/457/455
f 704/457/455 315/463/461 712/464/462
f 704/457/455 712/464/462 713/458/456
f 713/458/456 712/464/462 721/465/463
f 713/458/456 721/465/463 722/459/457
f 722/459/457 721/465/463 730/466/464
f 722/459/457 730/466/464 731/460/458
f 731/460/458 730/466/464 739/467/465
f 731/460/458 739/467/465 740/461/459
f 740/461/459 739/467/465 748/468/466
f 740/461/459 748/468/466 749/462/460
f 749/462/460 748/468/466 757/434/432
f 749/462/460 757/434/432 758/432/430
f 315/463/461 316/469/467 712/464/462
f 712/464/462 316/469/467 720/470/468
f 712/464/462 720/470/468 721/465/463
f 721/465/463 720/470/468 729/471/469
f 721/465/463 729/471/469 730/466/464
f 730/466/464 729/471/469 738/472/470
f 730/466/464 738/472/470 739/467/465
f 739/467/465 738/472/470 747/473/471
f 739/467/465 747/473/471 748/468/466
f 748/468/466 747/473/471 756/436/434
f 748/468/466 756/436/434 757/434/432
f 316/469/467 317/474/472 720/470/468
f 720/470/468 317/474/472 728/475/473
f 720/470/468 728/475/473 729/471/469
f 729/471/469 728/475/473 737/476/474
f 729/471/469 737/476/474 738/472/470
f 738/472/470 737/476/474 746/477/475
f 738/472/470 746/477/475 747/473/471
f 747/473/471 746/477/475 755/438/436
f 747/473/471 755/438/436 756/436/434
f 317/474/472 318/478/476 728/475/473
f 728/475/473 318/478/476 736/479/477
f 728/475/473 736/479/477 737/476/474
f 737/476/474 736/479/477 745/480/478
f 737/476/474 745/480/478 746/477/475
f 746/477/475 745/480/478 754/440/438
f 746/477/475 754/440/438 755/438/436
f 318/478/476 319/481/479 736/479/477
f 736/479/477 319/481/479 744/482/480
f 736/479/477 744/482/480 745/480/478
f 745/480/478 744/482/480 753/442/440
f 745/480/478 753/442/440 754/440/438
f 319/481/479 320/446/444 744/482/480
f 744/482/480 320/446/444 752/444/442
f 744/482/480 752/444/442 753/442/440
f 468/445/443 321/447/445 760/483/481
f 760/483/481 321/447/445 322/484/482
f 760/483/481 322/484/482 774/485/483
f 774/485/483 322/484/482 323/486/484
f 774/485/483 323/486/484 782/487/485
f 782/487/485 323/486/484 324/488/486
f 782/487/485 324/488/486 790/489/487
f 790/489/487 324/488/486 325/490/488
f 790/489/487 325/490/488 798/491/489
f 798/491/489 325/490/488 326/492/490
f 798/491/489 326/492/490 806/493/491
f 806/493/491 326/492/490 327/494/492
f 806/493/491 327/494/492 814/495/493
f 814/495/493 327/494/492 328/496/494
f 814/495/493 328/496/494 469/497/495
f 469/497/495 328/496/494 329/498/496
f 469/497/495 329/498/496 844/499/497
f 844/499/497 329/498/496 829/500/498
f 844/499/497 829/500/498 830/501/499
f 830/501/499 829/500/498 846/502/500
f 830/501/499 846/502/500 847/503/501
f 847/503/501 846/502/500 855/504/502
f 847/503/501 855/504/502 856/505/503
f 856/505/503 855/504/502 864/506/504
f 856/505/503 864/506/504 865/507/505
f 865/507/505 864/506/504 873/508/506
f 865/507/505 873/508/506 874/509/507
f 874/509/507 873/508/506 882/510/508
f 874/509/507 882/510/508 883/511/509
f 883/511/509 882/510/508 891/512/510
f 883/511/509 891/512/510 892/513/511
f 892/513/511 891/512/510 470/514/512
f 892/513/511 470/514/512 404/515/513
f 404/515/513 470/514/512 403/516/514
f 403/516/514 470/514/512 907/517/515
f 403/516/514 907/517/515 906/518/516
f 906/518/516 907/517/515 908/519/517
f 906/518/516 908/519/517 905/520/518
f 905/520/518 908/519/517 909/521/519
f 905/520/518 909/521/519 904/522/520
f 904/522/520 909/521/519 910/523/521
f 904/522/520 910/523/521 903/524/522
f 903/524/522 910/523/521 911/525/523
f 903/524/522 911/525/523 902/526/524
f 902/526/524 911/525/523 912/527/525
f 902/526/524 912/527/525 901/528/526
f 901/528/526 912/527/525 913/529/527
f 901/528/526 913/529/527 900/530/528
f 900/530/528 913/529/527 914/531/529
f 900/530/528 914/531/529 899/532/530
f 899/532/530 914/531/529 337/533/531
f 899/532/530 337/533/531 338/534/532
f 329/498/496 330/535/533 829/500/498
f 829/500/498 330/535/533 845/536/534
f 829/500/498 845/536/534 846/502/500
f 846/502/500 845/536/534 854/537/535
f 846/502/500 854/537/535 855/504/502
f 855/504/502 854/537/535 863/538/536
f 855/504/502 863/538/536 864/506/504
f 864/506/504 863/538/536 872/539/537
f 864/506/504 872/539/537 873/508/506
f 873/508/506 872/539/537 881/540/538
f 873/508/506 881/540/538 882/510/508
f 882/510/508 881/540/538 890/541/539
f 882/510/508 890/541/539 891/512/510
f 891/512/510 890/541/539 898/542/540
f 891/512/510 898/542/540 470/514/512
f 470/514/512 898/542/540 907/517/515
f 330/535/533 331/543/541 845/536/534
f 845/536/534 331/543/541 853/544/542
f 845/536/534 853/544/542 854/537/535
f 854/537/535 853/544/542 862/545/543
f 854/537/535 862/545/543 863/538/536
f 863/538/536 862/545/543 871/546/544
f 863/538/536 871/546/544 872/539/537
f 872/539/537 871/546/544 880/547/545
f 872/539/537 880/547/545 881/540/538
f 881/540/538 880/547/545 889/548/546
f 881/540/538 889/548/546 890/541/539
f 890/541/539 889/548/546 897/549/547
f 890/541/539 897/549/547 898/542/540
f 898/542/540 897/549/547 908/519/517
f 898/542/540 908/519/517 907/517/515
f 331/543/541 332/550/548 853/544/542
f 853/544/542 332/550/548 861/551/549
f 853/544/542 861/551/549 862/545/543
f 862/545/543 861/551/549 870/552/550
f 862/545/543 870/552/550 871/546/544
f 871/546/544 870/552/550 879/553/551
f 871/546/544 879/553/551 880/547/545
f 880/547/545 879/553/551 888/554/552
f 880/547/545 888/554/552 889/548/546
f 889/548/546 888/554/552 896/555/553
f 889/548/546 896/555/553 897/549/547
f 897/549/547 896/555/553 909/521/519
f 897/549/547 909/521/519 908/519/517
f 332/550/548 333/556/554 861/551/549
f 861/551/549 333/556/554 869/557/555
f 861/551/549 869/557/555 870/552/550
f 870/552/550 869/557/555 878/558/556
f 870/552/550 878/558/556 879/553/551
f 879/553/551 878/558/556 887/559/557
f 879/553/551 887/559/557 888/554/552
f 888/554/552 887/559/557 895/560/558
f 888/554/552 895/560/558 896/555/553
f 896/555/553 895/560/558 910/523/521
f 896/555/553 910/523/521 909/521/519
f 333/556/554 334/561/559 869/557/555
f 869/557/555 334/561/559 877/562/560
f 869/557/555 877/562/560 878/558/556
f 878/558/556 877/562/560 886/563/561
f 878/558/556 886/563/561 887/559/557
f 887/559/557 886/563/561 894/564/562
f 887/559/557 894/564/562 895/560/558
f 895/560/558 894/564/562 911/525/523
f 895/560/558 911/525/523 910/523/521
f 334/561/559 335/565/563 877/562/560
f 877/562/560 335/565/563 885/566/564
f 877/562/560 885/566/564 886/563/561
f 886/563/561 885/566/564 893/567/565
f 886/563/561 893/567/565 894/564/562
f 894/564/562 893/567/565 912/527/525
f 894/564/562 912/527/525 911/525/523
f 335/565/563 336/568/566 885/566/564
f 885/566/564 336/568/566 471/569/567
f 885/566/564 471/569/567 893/567/565
f 893/567/565 471/569/567 913/529/527
f 893/567/565 913/529/527 912/527/525
f 336/568/566 337/533/531 471/569/567
f 471/569/567 337/533/531 914/531/529
f 471/569/567 914/531/529 913/529/527
f 899/532/530 338/534/532 915/570/568
f 915/570/568 338/534/532 339/571/569
f 915/570/568 339/571/569 923/572/570
f 923/572/570 339/571/569 340/573/571
f 923/572/570 340/573/571 931/574/572
f 931/574/572 340/573/571 341/575/573
f 931/574/572 341/575/573 939/576/574
f 939/576/574 341/575/573 342/577/575
f 939/576/574 342/577/575 947/578/576
f 947/578/576 342/577/575 343/579/577
f 947/578/576 343/579/577 955/580/578
f 955/580/578 343/579/577 344/581/579
f 955/580/578 344/581/579 472/582/580
f 472/582/580 344/581/579 345/583/581
f 472/582/580 345/583/581 985/584/582
f 985/584/582 345/583/581 970/585/583
f 985/584/582 970/585/583 971/586/584
f 971/586/584 970/585/583 987/587/585
f 971/586/584 987/587/585 988/588/586
f 988/588/586 987/587/585 996/589/587
f 988/588/586 996/589/587 997/590/588
f 997/590/588 996/589/587 1005/591/589
f 997/590/588 1005/591/589 1006/592/590
f 1006/592/590 1005/591/589 1014/593/591
f 1006/592/590 1014/593/591 1015/594/592
f 1015/594/592 1014/593/591 1023/595/593
f 1015/594/592 1023/595/593 1024/596/594
f 1024/596/594 1023/595/593 1032/597/595
f 1024/596/594 1032/597/595 1033/598/596
f 1033/598/596 1032/597/595 473/599/597
f 1033/598/596 473/599/597 387/600/598
f 387/600/598 473/599/597 386/601/599
f 386/601/599 473/599/597 1048/602/600
f 386/601/599 1048/602/600 1047/603/601
f 1047/603/601 1048/602/600 1049/604/602
f 1047/603/601 1049/604/602 1046/605/603
f 1046/605/603 1049/604/602 1050/606/604
f 1046/605/603 1050/606/604 1045/607/605
f 1045/607/605 1050/606/604 1051/608/606
f 1045/607/605 1051/608/606 1044/609/607
f 1044/609/607 1051/608/606 1052/610/608
f 1044/609/607 1052/610/608 1043/611/609
f 1043/611/609 1052/610/608 1053/612/610
f 1043/611/609 1053/612/610 1042/613/611
f 1042/613/611 1053/612/610 1054/614/612
f 1042/613/611 1054/614/612 1041/615/613
f 1041/615/613 1054/614/612 1055/616/614
f 1041/615/613 1055/616/614 1040/617/615
f 1040/617/615 1055/616/614 353/618/616
f 1040/617/615 353/618/616 354/619/617
f 345/583/581 346/620/618 970/585/583
f 970/585/583 346/620/618 986/621/619
f 970/585/583 986/621/619 987/587/585
f 987/587/585 986/621/619 995/622/620
f 987/587/585 995/622/620 996/589/587
f 996/589/587 995/622/620 1004/623/621
f 996/589/587 1004/623/621 1005/591/589
f 1005/591/589 1004/623/621 1013/624/622
f 1005/591/589 1013/624/622 1014/593/591
f 1014/593/591 1013/624/622 1022/625/623
f 1014/593/591 1022/625/623 1023/595/593
f 1023/595/593 1022/625/623 1031/626/624
f 1023/595/593 1031/626/624 1032/597/595
f 1032/597/595 1031/626/624 1039/627/625
f 1032/597/595 1039/627/625 473/599/597
f 473/599/597 1039/627/625 1048/602/600
f 346/620/618 347/628/626 986/621/619
f 986/621/619 347/628/626 994/629/627
f 986/621/619 994/629/627 995/622/620
f 995/622/620 994/629/627 1003/630/628
f 995/622/620 1003/630/628 1004/623/621
f 1004/623/621 1003/630/628 1012/631/629
f 1004/623/621 1012/631/629 1013/624/622
f 1013/624/622 1012/631/629 1021/632/630
f 1013/624/622 1021/632/630 1022/625/623
f 1022/625/623 1021/632/630 1030/633/631
f 1022/625/623 1030/633/631 1031/626/624
f 1031/626/624 1030/633/631 1038/634/632
f 1031/626/624 1038/634/632 1039/627/625
f 1039/627/625 1038/634/632 1049/604/602
f 1039/627/625 1049/604/602 1048/602/600
f 347/628/626 348/635/633 994/629/627
f 994/629/627 348/635/633 1002/636/634
f 994/629/627 1002/636/634 1003/630/628
f 1003/630/628 1002/636/634 1011/637/635
f 1003/630/628 1011/637/635 1012/631/629
f 1012/631/629 1011/637/635 1020/638/636
f 1012/631/629 1020/638/636 1021/632/630
f 1021/632/630 1020/638/636 1029/639/637
f 1021/632/630 1029/639/637 1030/633/631
f 1030/633/631 1029/639/637 1037/640/638
f 1030/633/631 1037/640/638 1038/634/632
f 1038/634/632 1037/640/638 1050/606/604
f 1038/634/632 1050/606/604 1049/604/602
f 348/635/633 349/641/639 1002/636/634
f 1002/636/634 349/641/639 1010/642/640
f 1002/636/634 1010/642/640 1011/637/635
f 1011/637/635 1010/642/640 1019/643/641
f 1011/637/635 1019/643/641 1020/638/636
f 1020/638/636 1019/643/641 1028/644/642
f 1020/638/636 1028/644/642 1029/639/637
f 1029/639/637 1028/644/642 1036/645/643
f 1029/639/637 1036/645/643 1037/640/638
f 1037/640/638 1036/645/643 1051/608/606
f 1037/640/638 1051/608/606 1050/606/604
f 349/641/639 350/646/644 1010/642/640
f 1010/642/640 350/646/644 1018/647/645
f 1010/642/640 1018/647/645 1019/643/641
f 1019/643/641 1018/647/645 1027/648/646
f 1019/643/641 1027/648/646 1028/644/642
f 1028/644/642 1027/648/646 1035/649/647
f 1028/644/642 1035/649/647 1036/645/643
f 1036/645/643 1035/649/647 1052/610/608
f 1036/645/643 1052/610/608 1051/608/606
f 350/646/644 351/650/648 1018/647/645
f 1018/647/645 351/650/648 1026/651/649
f 1018/647/645 1026/651/649 1027/648/646
f 1027/648/646 1026/651/649 1034/652/650
f 1027/648/646 1034/652/650 1035/649/647
f 1035/649/647 1034/652/650 1053/612/610
f 1035/649/647 1053/612/610 1052/610/608
f 351/650/648 352/653/651 1026/651/649
f 1026/651/649 352/653/651 474/654/652
f 1026/651/649 474/654/652 1034/652/650
f 1034/652/650 474/654/652 1054/614/612
f 1034/652/650 1054/614/612 1053/612/610
f 352/653/651 353/618/616 474/654/652
f 474/654/652 353/618/616 1055/616/614
f 474/654/652 1055/616/614 1054/614/612
f 1040/617/615 354/619/617 1056/655/653
f 1056/655/653 354/619/617 355/656/654
f 1056/655/653 355/656/654 1064/657/655
f 1064/657/655 355/656/654 356/658/656
f 1064/657/655 356/658/656 1072/659/657
f 1072/659/657 356/658/656 357/660/658
f 1072/659/657 357/660/658 1080/661/659
f 1080/661/659 357/660/658 358/662/660
f 1080/661/659 358/662/660 1088/663/661
f 1088/663/661 358/662/660 359/664/662
f 1088/663/661 359/664/662 1096/665/663
f 1096/665/663 359/664/662 360/666/664
f 1096/665/663 360/666/664 475/667/665
f 475/667/665 360/666/664 361/668/666
f 475/667/665 361/668/666 1126/669/667
f 1126/669/667 361/668/666 1111/670/668
f 1126/669/667 1111/670/668 1112/671/669
f 1112/671/669 1111/670/668 1128/672/670
f 1112/671/669 1128/672/670 1129/673/671
f 1129/673/671 1128/672/670 1137/674/672
f 1129/673/671 1137/674/672 1138/675/673
f 1138/675/673 1137/674/672 1146/676/674
f 1138/675/673 1146/676/674 1147/677/675
f 1147/677/675 1146/676/674 1155/678/676
f 1147/677/675 1155/678/676 1156/679/677
f 1156/679/677 1155/678/676 1164/680/678
f 1156/679/677 1164/680/678 1165/681/679
f 1165/681/679 1164/680/678 1173/682/680
f 1165/681/679 1173/682/680 1174/683/681
f 1174/683/681 1173/682/680 1182/310/308
f 1174/683/681 1182/310/308 370/312/310
f 361/668/666 362/684/682 1111/670/668
f 1111/670/668 362/684/682 1127/685/683
f 1111/670/668 1127/685/683 1128/672/670
f 1128/672/670 1127/685/683 1136/686/684
f 1128/672/670 1136/686/684 1137/674/672
f 1137/674/672 1136/686/684 1145/687/685
f 1137/674/672 1145/687/685 1146/676/674
f 1146/676/674 1145/687/685 1154/688/686
f 1146/676/674 1154/688/686 1155/678/676
f 1155/678/676 1154/688/686 1163/689/687
f 1155/678/676 1163/689/687 1164/680/678
f 1164/680/678 1163/689/687 1172/690/688
f 1164/680/678 1172/690/688 1173/682/680
f 1173/682/680 1172/690/688 1181/308/306
f 1173/682/680 1181/308/306 1182/310/308
f 362/684/682 363/691/689 1127/685/683
f 1127/685/683 363/691/689 1135/692/690
f 1127/685/683 1135/692/690 1136/686/684
f 1136/686/684 1135/692/690 1144/693/691
f 1136/686/684 1144/693/691 1145/687/685
f 1145/687/685 1144/693/691 1153/694/692
f 1145/687/685 1153/694/692 1154/688/686
f 1154/688/686 1153/694/692 1162/695/693
f 1154/688/686 1162/695/693 1163/689/687
f 1163/689/687 1162/695/693 1171/696/694
f 1163/689/687 1171/696/694 1172/690/688
f 1172/690/688 1171/696/694 1180/306/304
f 1172/690/688 1180/306/304 1181/308/306
f 363/691/689 364/697/695 1135/692/690
f 1135/692/690 364/697/695 1143/698/696
f 1135/692/690 1143/698/696 1144/693/691
f 1144/693/691 1143/698/696 1152/699/697
f 1144/693/691 1152/699/697 1153/694/692
f 1153/694/692 1152/699/697 1161/700/698
f 1153/694/692 1161/700/698 1162/695/693
f 1162/695/693 1161/700/698 1170/701/699
f 1162/695/693 1170/701/699 1171/696/694
f 1171/696/694 1170/701/699 1179/304/302
f 1171/696/694 1179/304/302 1180/306/304
f 364/697/695 365/702/700 1143/698/696
f 1143/698/696 365/702/700 1151/703/701
f 1143/698/696 1151/703/701 1152/699/697
f 1152/699/697 1151/703/701 1160/704/702
f 1152/699/697 1160/704/702 1161/700/698
f 1161/700/698 1160/704/702 1169/705/703
f 1161/700/698 1169/705/703 1170/701/699
f 1170/701/699 1169/705/703 1178/302/300
f 1170/701/699 1178/302/300 1179/304/302
f 365/702/700 366/706/704 1151/703/701
f 1151/703/701 366/706/704 1159/707/705
f 1151/703/701 1159/707/705 1160/704/702
f 1160/704/702 1159/707/705 1168/708/706
f 1160/704/702 1168/708/706 1169/705/703
f 1169/705/703 1168/708/706 1177/300/298
f 1169/705/703 1177/300/298 1178/302/300
f 366/706/704 367/709/707 1159/707/705
f 1159/707/705 367/709/707 1167/710/708
f 1159/707/705 1167/710/708 1168/708/706
f 1168/708/706 1167/710/708 1176/298/296
f 1168/708/706 1176/298/296 1177/300/298
f 367/709/707 368/711/709 1167/710/708
f 1167/710/708 368/711/709 1175/296/294
f 1167/710/708 1175/296/294 1176/298/296
f 368/711/709 288/294/292 1175/296/294
f 370/312/310 371/712/710 1174/683/681
f 1174/683/681 371/712/710 1166/713/711
f 1174/683/681 1166/713/711 1165/681/679
f 1165/681/679 1166/713/711 1157/714/712
f 1165/681/679 1157/714/712 1156/679/677
f 1156/679/677 1157/714/712 1148/715/713
f 1156/679/677 1148/715/713 1147/677/675
f 1147/677/675 1148/715/713 1139/716/714
f 1147/677/675 1139/716/714 1138/675/673
f 1138/675/673 1139/716/714 1130/717/715
f 1138/675/673 1130/717/715 1129/673/671
f 1129/673/671 1130/717/715 1113/718/716
f 1129/673/671 1113/718/716 1112/671/669
f 1112/671/669 1113/718/716 1125/719/717
f 1112/671/669 1125/719/717 1126/669/667
f 1126/669/667 1125/719/717 475/667/665
f 371/712/710 372/720/718 1166/713/711
f 1166/713/711 372/720/718 1158/721/719
f 1166/713/711 1158/721/719 1157/714/712
f 1157/714/712 1158/721/719 1149/722/720
f 1157/714/712 1149/722/720 1148/715/713
f 1148/715/713 1149/722/720 1140/723/721
f 1148/715/713 1140/723/721 1139/716/714
f 1139/716/714 1140/723/721 1131/724/722
f 1139/716/714 1131/724/722 1130/717/715
f 1130/717/715 1131/724/722 1114/725/723
f 1130/717/715 1114/725/723 1113/718/716
f 1113/718/716 1114/725/723 1124/726/724
f 1113/718/716 1124/726/724 1125/719/717
f 1125/719/717 1124/726/724 1104/727/725
f 1125/719/717 1104/727/725 475/667/665
f 475/667/665 1104/727/725 1096/665/663
f 372/720/718 373/728/726 1158/721/719
f 1158/721/719 373/728/726 1150/729/727
f 1158/721/719 1150/729/727 1149/722/720
f 1149/722/720 1150/729/727 1141/730/728
f 1149/722/720 1141/730/728 1140/723/721
f 1140/723/721 1141/730/728 1132/731/729
f 1140/723/721 1132/731/729 1131/724/722
f 1131/724/722 1132/731/729 1115/732/730
f 1131/724/722 1115/732/730 1114/725/723
f 1114/725/723 1115/732/730 1123/733/731
f 1114/725/723 1123/733/731 1124/726/724
f 1124/726/724 1123/733/731 1105/734/732
f 1124/726/724 1105/734/732 1104/727/725
f 1104/727/725 1105/734/732 1097/735/733
f 1104/727/725 1097/735/733 1096/665/663
f 1096/665/663 1097/735/733 1088/663/661
f 373/728/726 374/736/734 1150/729/727
f 1150/729/727 374/736/734 1142/737/735
f 1150/729/727 1142/737/735 1141/730/728
f 1141/730/728 1142/737/735 1133/738/736
f 1141/730/728 1133/738/736 1132/731/729
f 1132/731/729 1133/738/736 1116/739/737
f 1132/731/729 1116/739/737 1115/732/730
f 1115/732/730 1116/739/737 1122/740/738
f 1115/732/730 1122/740/738 1123/733/731
f 1123/733/731 1122/740/738 1106/741/739
f 1123/733/731 1106/741/739 1105/734/732
f 1105/734/732 1106/741/739 1098/742/740
f 1105/734/732 1098/742/740 1097/735/733
f 1097/735/733 1098/742/740 1089/743/741
f 1097/735/733 1089/743/741 1088/663/661
f 1088/663/661 1089/743/741 1080/661/659
f 374/736/734 375/744/742 1142/737/735
f 1142/737/735 375/744/742 1134/745/743
f 1142/737/735 1134/745/743 1133/738/736
f 1133/738/736 1134/745/743 1117/746/744
f 1133/738/736 1117/746/744 1116/739/737
f 1116/739/737 1117/746/744 1121/747/745
f 1116/739/737 1121/747/745 1122/740/738
f 1122/740/738 1121/747/745 1107/748/746
f 1122/740/738 1107/748/746 1106/741/739
f 1106/741/739 1107/748/746 1099/749/747
f 1106/741/739 1099/749/747 1098/742/740
f 1098/742/740 1099/749/747 1090/750/748
f 1098/742/740 1090/750/748 1089/743/741
f 1089/743/741 1090/750/748 1081/751/749
f 1089/743/741 1081/751/749 1080/661/659
f 1080/661/659 1081/751/749 1072/659/657
f 375/744/742 376/752/750 1134/745/743
f 1134/745/743 376/752/750 1118/753/751
f 1134/745/743 1118/753/751 1117/746/744
f 1117/746/744 1118/753/751 1120/754/752
f 1117/746/744 1120/754/752 1121/747/745
f 1121/747/745 1120/754/752 1108/755/753
f 1121/747/745 1108/755/753 1107/748/746
f 1107/748/746 1108/755/753 1100/756/754
f 1107/748/746 1100/756/754 1099/749/747
f 1099/749/747 1100/756/754 1091/757/755
f 1099/749/747 1091/757/755 1090/750/748
f 1090/750/748 1091/757/755 1082/758/756
f 1090/750/748 1082/758/756 1081/751/749
f 1081/751/749 1082/758/756 1073/759/757
f 1081/751/749 1073/759/757 1072/659/657
f 1072/659/657 1073/759/757 1064/657/655
f 376/752/750 377/760/758 1118/753/751
f 1118/753/751 377/760/758 1119/761/759
f 1118/753/751 1119/761/759 1120/754/752
f 1120/754/752 1119/761/759 1109/762/760
f 1120/754/752 1109/762/760 1108/755/753
f 1108/755/753 1109/762/760 1101/763/761
f 1108/755/753 1101/763/761 1100/756/754
f 1100/756/754 1101/763/761 1092/764/762
f 1100/756/754 1092/764/762 1091/757/755
f 1091/757/755 1092/764/762 1083/765/763
f 1091/757/755 1083/765/763 1082/758/756
f 1082/758/756 1083/765/763 1074/766/764
f 1082/758/756 1074/766/764 1073/759/757
f 1073/759/757 1074/766/764 1065/767/765
f 1073/759/757 1065/767/765 1064/657/655
f 1064/657/655 1065/767/765 1056/655/653
f 377/760/758 378/768/766 1119/761/759
f 1119/761/759 378/768/766 1110/769/767
f 1119/761/759 1110/769/767 1109/762/760
f 1109/762/760 1110/769/767 1102/770/768
f 1109/762/760 1102/770/768 1101/763/761
f 1101/763/761 1102/770/768 1093/771/769
f 1101/763/761 1093/771/769 1092/764/762
f 1092/764/762 1093/771/769 1084/772/770
f 1092/764/762 1084/772/770 1083/765/763
f 1083/765/763 1084/772/770 1075/773/771
f 1083/765/763 1075/773/771 1074/766/764
f 1074/766/764 1075/773/771 1066/774/772
f 1074/766/764 1066/774/772 1065/767/765
f 1065/767/765 1066/774/772 1057/775/773
f 1065/767/765 1057/775/773 1056/655/653
f 1056/655/653 1057/775/773 1040/617/615
f 378/768/766 379/776/774 1110/769/767
f 1110/769/767 379/776/774 1103/777/775
f 1110/769/767 1103/777/775 1102/770/768
f 1102/770/768 1103/777/775 1094/778/776
f 1102/770/768 1094/778/776 1093/771/769
f 1093/771/769 1094/778/776 1085/779/777
f 1093/771/769 1085/779/777 1084/772/770
f 1084/772/770 1085/779/777 1076/780/778
f 1084/772/770 1076/780/778 1075/773/771
f 1075/773/771 1076/780/778 1067/781/779
f 1075/773/771 1067/781/779 1066/774/772
f 1066/774/772 1067/781/779 1058/782/780
f 1066/774/772 1058/782/780 1057/775/773
f 1057/775/773 1058/782/780 1041/615/613
f 1057/775/773 1041/615/613 1040/617/615
f 379/776/774 380/783/781 1103/777/775
f 1103/777/775 380/783/781 1095/784/782
f 1103/777/775 1095/784/782 1094/778/776
f 1094/778/776 1095/784/782 1086/785/783
f 1094/778/776 1086/785/783 1085/779/777
f 1085/779/777 1086/785/783 1077/786/784
f 1085/779/777 1077/786/784 1076/780/778
f 1076/780/778 1077/786/784 1068/787/785
f 1076/780/778 1068/787/785 1067/781/779
f 1067/781/779 1068/787/785 1059/788/786
f 1067/781/779 1059/788/786 1058/782/780
f 1058/782/780 1059/788/786 1042/613/611
f 1058/782/780 1042/613/611 1041/615/613
f 380/783/781 381/789/787 1095/784/782
f 1095/784/782 381/789/787 1087/790/788
f 1095/784/782 1087/790/788 1086/785/783
f 1086/785/783 1087/790/788 1078/791/789
f 1086/785/783 1078/791/789 1077/786/784
f 1077/786/784 1078/791/789 1069/792/790
f 1077/786/784 1069/792/790 1068/787/785
f 1068/787/785 1069/792/790 1060/793/791
f 1068/787/785 1060/793/791 1059/788/786
f 1059/788/786 1060/793/791 1043/611/609
f 1059/788/786 1043/611/609 1042/613/611
f 381/789/787 382/794/792 1087/790/788
f 1087/790/788 382/794/792 1079/795/793
f 1087/790/788 1079/795/793 1078/791/789
f 1078/791/789 1079/795/793 1070/796/794
f 1078/791/789 1070/796/794 1069/792/790
f 1069/792/790 1070/796/794 1061/797/795
f 1069/792/790 1061/797/795 1060/793/791
f 1060/793/791 1061/797/795 1044/609/607
f 1060/793/791 1044/609/607 1043/611/609
f 382/794/792 383/798/796 1079/795/793
f 1079/795/793 383/798/796 1071/799/797
f 1079/795/793 1071/799/797 1070/796/794
f 1070/796/794 1071/799/797 1062/800/798
f 1070/796/794 1062/800/798 1061/797/795
f 1061/797/795 1062/800/798 1045/607/605
f 1061/797/795 1045/607/605 1044/609/607
f 383/798/796 384/801/799 1071/799/797
f 1071/799/797 384/801/799 1063/802/800
f 1071/799/797 1063/802/800 1062/800/798
f 1062/800/798 1063/802/800 1046/605/603
f 1062/800/798 1046/605/603 1045/607/605
f 384/801/799 385/803/801 1063/802/800
f 1063/802/800 385/803/801 1047/603/601
f 1063/802/800 1047/603/601 1046/605/603
f 385/803/801 386/601/599 1047/603/601
f 387/600/598 388/804/802 1033/598/596
f 1033/598/596 388/804/802 1025/805/803
f 1033/598/596 1025/805/803 1024/596/594
f 1024/596/594 1025/805/803 1016/806/804
f 1024/596/594 1016/806/804 1015/594/592
f 1015/594/592 1016/806/804 1007/807/805
f 1015/594/592 1007/807/805 1006/592/590
f 1006/592/590 1007/807/805 998/808/806
f 1006/592/590 998/808/806 997/590/588
f 997/590/588 998/808/806 989/809/807
f 997/590/588 989/809/807 988/588/586
f 988/588/586 989/809/807 972/810/808
f 988/588/586 972/810/808 971/586/584
f 971/586/584 972/810/808 984/811/809
f 971/586/584 984/811/809 985/584/582
f 985/584/582 984/811/809 472/582/580
f 388/804/802 389/812/810 1025/805/803
f 1025/805/803 389/812/810 1017/813/811
f 1025/805/803 1017/813/811 1016/806/804
f 1016/806/804 1017/813/811 1008/814/812
f 1016/806/804 1008/814/812 1007/807/805
f 1007/807/805 1008/814/812 999/815/813
f 1007/807/805 999/815/813 998/808/806
f 998/808/806 999/815/813 990/816/814
f 998/808/806 990/816/814 989/809/807
f 989/809/807 990/816/814 973/817/815
f 989/809/807 973/817/815 972/810/808
f 972/810/808 973/817/815 983/818/816
f 972/810/808 983/818/816 984/811/809
f 984/811/809 983/818/816 963/819/817
f 984/811/809 963/819/817 472/582/580
f 472/582/580 963/819/817 955/580/578
f 389/812/810 390/820/818 1017/813/811
f 1017/813/811 390/820/818 1009/821/819
f 1017/813/811 1009/821/819 1008/814/812
f 1008/814/812 1009/821/819 1000/822/820
f 1008/814/812 1000/822/820 999/815/813
f 999/815/813 1000/822/820 991/823/821
f 999/815/813 991/823/821 990/816/814
f 990/816/814 991/823/821 974/824/822
f 990/816/814 974/824/822 973/817/815
f 973/817/815 974/824/822 982/825/823
f 973/817/815 982/825/823 983/818/816
f 983/818/816 982/825/823 964/826/824
f 983/818/816 964/826/824 963/819/817
f 963/819/817 964/826/824 956/827/825
f 963/819/817 956/827/825 955/580/578
f 955/580/578 956/827/825 947/578/576
f 390/820/818 391/828/826 1009/821/819
f 1009/821/819 391/828/826 1001/829/827
f 1009/821/819 1001/829/827 1000/822/820
f 1000/822/820 1001/829/827 992/830/828
f 1000/822/820 992/830/828 991/823/821
f 991/823/821 992/830/828 975/831/829
f 991/823/821 975/831/829 974/824/822
f 974/824/822 975/831/829 981/832/830
f 974/824/822 981/832/830 982/825/823
f 982/825/823 981/832/830 965/833/831
f 982/825/823 965/833/831 964/826/824
f 964/826/824 965/833/831 957/834/832
f 964/826/824 957/834/832 956/827/825
f 956/827/825 957/834/832 948/835/833
f 956/827/825 948/835/833 947/578/576
f 947/578/576 948/835/833 939/576/574
f 391/828/826 392/836/834 1001/829/827
f 1001/829/827 392/836/834 993/837/835
f 1001/829/827 993/837/835 992/830/828
f 992/830/828 993/837/835 976/838/836
f 992/830/828 976/838/836 975/831/829
f 975/831/829 976/838/836 980/839/837
f 975/831/829 980/839/837 981/832/830
f 981/832/830 980/839/837 966/840/838
f 981/832/830 966/840/838 965/833/831
f 965/833/831 966/840/838 958/841/839
f 965/833/831 958/841/839 957/834/832
f 957/834/832 958/841/839 949/842/840
f 957/834/832 949/842/840 948/835/833
f 948/835/833 949/842/840 940/843/841
f 948/835/833 940/843/841 939/576/574
f 939/576/574 940/843/841 931/574/572
f 392/836/834 393/844/842 993/837/835
f 993/837/835 393/844/842 977/845/843
f 993/837/835 977/845/843 976/838/836
f 976/838/836 977/845/843 979/846/844
f 976/838/836 979/846/844 980/839/837
f 980/839/837 979/846/844 967/847/845
f 980/839/837 967/847/845 966/840/838
f 966/840/838 967/847/845 959/848/846
f 966/840/838 959/848/846 958/841/839
f 958/841/839 959/848/846 950/849/847
f 958/841/839 950/849/847 949/842/840
f 949/842/840 950/849/847 941/850/848
f 949/842/840 941/850/848 940/843/841
f 940/843/841 941/850/848 932/851/849
f 940/843/841 932/851/849 931/574/572
f 931/574/572 932/851/849 923/572/570
f 393/844/842 394/852/850 977/845/843
f 977/845/843 394/852/850 978/853/851
f 977/845/843 978/853/851 979/846/844
f 979/846/844 978/853/851 968/854/852
f 979/846/844 968/854/852 967/847/845
f 967/847/845 968/854/852 960/855/853
f 967/847/845 960/855/853 959/848/846
f 959/848/846 960/855/853 951/856/854
f 959/848/846 951/856/854 950/849/847
f 950/849/847 951/856/854 942/857/855
f 950/849/847 942/857/855 941/850/848
f 941/850/848 942/857/855 933/858/856
f 941/850/848 933/858/856 932/851/849
f 932/851/849 933/858/856 924/859/857
f 932/851/849 924/859/857 923/572/570
f 923/572/570 924/859/857 915/570/568
f 394/852/850 395/860/858 978/853/851
f 978/853/851 395/860/858 969/861/859
f 978/853/851 969/861/859 968/854/852
f 968/854/852 969/861/859 961/862/860
f 968/854/852 961/862/860 960/855/853
f 960/855/853 961/862/860 952/863/861
f 960/855/853 952/863/861 951/856/854
f 951/856/854 952/863/861 943/864/862
f 951/856/854 943/864/862 942/857/855
f 942/857/855 943/864/862 934/865/863
f 942/857/855 934/865/863 933/858/856
f 933/858/856 934/865/863 925/866/864
f 933/858/856 925/866/864 924/859/857
f 924/859/857 925/866/864 916/867/865
f 924/859/857 916/867/865 915/570/568
f 915/570/568 916/867/865 899/532/530
f 395/860/858 396/868/866 969/861/859
f 969/861/859 396/868/866 962/869/867
f 969/861/859 962/869/867 961/862/860
f 961/862/860 962/869/867 953/870/868
f 961/862/860 953/870/868 952/863/861
f 952/863/861 953/870/868 944/871/869
f 952/863/861 944/871/869 943/864/862
f 943/864/862 944/871/869 935/872/870
f 943/864/862 935/872/870 934/865/863
f 934/865/863 935/872/870 926/873/871
f 934/865/863 926/873/871 925/866/864
f 925/866/864 926/873/871 917/874/872
f 925/866/864 917/874/872 916/867/865
f 916/867/865 917/874/872 900/530/528
f 916/867/865 900/530/528 899/532/530
f 396/868/866 397/875/873 962/869/867
f 962/869/867 397/875/873 954/876/874
f 962/869/867 954/876/874 953/870/868
f 953/870/868 954/876/874 945/877/875
f 953/870/868 945/877/875 944/871/869
f 944/871/869 945/877/875 936/878/876
f 944/871/869 936/878/876 935/872/870
f 935/872/870 936/878/876 927/879/877
f 935/872/870 927/879/877 926/873/871
f 926/873/871 927/879/877 918/880/878
f 926/873/871 918/880/878 917/874/872
f 917/874/872 918/880/878 901/528/526
f 917/874/872 901/528/526 900/530/528
f 397/875/873 398/881/879 954/876/874
f 954/876/874 398/881/879 946/882/880
f 954/876/874 946/882/880 945/877/875
f 945/877/875 946/882/880 937/883/881
f 945/877/875 937/883/881 936/878/876
f 936/878/876 937/883/881 928/884/882
f 936/878/876 928/884/882 927/879/877
f 927/879/877 928/884/882 919/885/883
f 927/879/877 919/885/883 918/880/878
f 918/880/878 919/885/883 902/526/524
f 918/880/878 902/526/524 901/528/526
f 398/881/879 399/886/884 946/882/880
f 946/882/880 399/886/884 938/887/885
f 946/882/880 938/887/885 937/883/881
f 937/883/881 938/887/885 929/888/886
f 937/883/881 929/888/886 928/884/882
f 928/884/882 929/888/886 920/889/887
f 928/884/882 920/889/887 919/885/883
f 919/885/883 920/889/887 903/524/522
f 919/885/883 903/524/522 902/526/524
f 399/886/884 400/890/888 938/887/885
f 938/887/885 400/890/888 930/891/889
f 938/887/885 930/891/889 929/888/886
f 929/888/886 930/891/889 921/892/890
f 929/888/886 921/892/890 920/889/887
f 920/889/887 921/892/890 904/522/520
f 920/889/887 904/522/520 903/524/522
f 400/890/888 401/893/891 930/891/889
f 930/891/889 401/893/891 922/894/892
f 930/891/889 922/894/892 921/892/890
f 921/892/890 922/894/892 905/520/518
f 921/892/890 905/520/518 904/522/520
f 401/893/891 402/895/893 922/894/892
f 922/894/892 402/895/893 906/518/516
f 922/894/892 906/518/516 905/520/518
f 402/895/893 403/516/514 906/518/516
f 404/515/513 405/896/894 892/513/511
f 892/513/511 405/896/894 884/897/895
f 892/513/511 884/897/895 883/511/509
f 883/511/509 884/897/895 875/898/896
f 883/511/509 875/898/896 874/509/507
f 874/509/507 875/898/896 866/899/897
f 874/509/507 866/899/897 865/507/505
f 865/507/505 866/899/897 857/900/898
f 865/507/505 857/900/898 856/505/503
f 856/505/503 857/900/898 848/901/899
f 856/505/503 848/901/899 847/503/501
f 847/503/501 848/901/899 831/902/900
f 847/503/501 831/902/900 830/501/499
f 830/501/499 831/902/900 843/903/901
f 830/501/499 843/903/901 844/499/497
f 844/499/497 843/903/901 469/497/495
f 405/896/894 406/904/902 884/897/895
f 884/897/895 406/904/902 876/905/903
f 884/897/895 876/905/903 875/898/896
f 875/898/896 876/905/903 867/906/904
f 875/898/896 867/906/904 866/899/897
f 866/899/897 867/906/904 858/907/905
f 866/899/897 858/907/905 857/900/898
f 857/900/898 858/907/905 849/908/906
f 857/900/898 849/908/906 848/901/899
f 848/901/899 849/908/906 832/909/907
f 848/901/899 832/909/907 831/902/900
f 831/902/900 832/909/907 842/910/908
f 831/902/900 842/910/908 843/903/901
f 843/903/901 842/910/908 822/911/909
f 843/903/901 822/911/909 469/497/495
f 469/497/495 822/911/909 814/495/493
f 406/904/902 407/912/910 876/905/903
f 876/905/903 407/912/910 868/913/911
f 876/905/903 868/913/911 867/906/904
f 867/906/904 868/913/911 859/914/912
f 867/906/904 859/914/912 858/907/905
f 858/907/905 859/914/912 850/915/913
f 858/907/905 850/915/913 849/908/906
f 849/908/906 850/915/913 833/916/914
f 849/908/906 833/916/914 832/909/907
f 832/909/907 833/916/914 841/917/915
f 832/909/907 841/917/915 842/910/908
f 842/910/908 841/917/915 823/918/916
f 842/910/908 823/918/916 822/911/909
f 822/911/909 823/918/916 815/919/917
f 822/911/909 815/919/917 814/495/493
f 814/495/493 815/919/917 806/493/491
f 407/912/910 408/920/918 868/913/911
f 868/913/911 408/920/918 860/921/919
f 868/913/911 860/921/919 859/914/912
f 859/914/912 860/921/919 851/922/920
f 859/914/912 851/922/920 850/915/913
f 850/915/913 851/922/920 834/923/921
f 850/915/913 834/923/921 833/916/914
f 833/916/914 834/923/921 840/924/922
f 833/916/914 840/924/922 841/917/915
f 841/917/915 840/924/922 824/925/923
f 841/917/915 824/925/923 823/918/916
f 823/918/916 824/925/923 816/926/924
f 823/918/916 816/926/924 815/919/917
f 815/919/917 816/926/924 807/927/925
f 815/919/917 807/927/925 806/493/491
f 806/493/491 807/927/925 798/491/489
f 408/920/918 409/928/926 860/921/919
f 860/921/919 409/928/926 852/929/927
f 860/921/919 852/929/927 851/922/920
f 851/922/920 852/929/927 835/930/928
f 851/922/920 835/930/928 834/923/921
f 834/923/921 835/930/928 839/931/929
f 834/923/921 839/931/929 840/924/922
f 840/924/922 839/931/929 825/932/930
f 840/924/922 825/932/930 824/925/923
f 824/925/923 825/932/930 817/933/931
f 824/925/923 817/933/931 816/926/924
f 816/926/924 817/933/931 808/934/932
f 816/926/924 808/934/932 807/927/925
f 807/927/925 808/934/932 799/935/933
f 807/927/925 799/935/933 798/491/489
f 798/491/489 799/935/933 790/489/487
f 409/928/926 410/936/934 852/929/927
f 852/929/927 410/936/934 836/937/935
f 852/929/927 836/937/935 835/930/928
f 835/930/928 836/937/935 838/938/936
f 835/930/928 838/938/936 839/931/929
f 839/931/929 838/938/936 826/939/937
f 839/931/929 826/939/937 825/932/930
f 825/932/930 826/939/937 818/940/938
f 825/932/930 818/940/938 817/933/931
f 817/933/931 818/940/938 809/941/939
f 817/933/931 809/941/939 808/934/932
f 808/934/932 809/941/939 800/942/940
f 808/934/932 800/942/940 799/935/933
f 799/935/933 800/942/940 791/943/941
f 799/935/933 791/943/941 790/489/487
f 790/489/487 791/943/941 782/487/485
f 410/936/934 411/944/942 836/937/935
f 836/937/935 411/944/942 837/945/943
f 836/937/935 837/945/943 838/938/936
f 838/938/936 837/945/943 827/946/944
f 838/938/936 827/946/944 826/939/937
f 826/939/937 827/946/944 819/947/945
f 826/939/937 819/947/945 818/940/938
f 818/940/938 819/947/945 810/948/946
f 818/940/938 810/948/946 809/941/939
f 809/941/939 810/948/946 801/949/947
f 809/941/939 801/949/947 800/942/940
f 800/942/940 801/949/947 792/950/948
f 800/942/940 792/950/948 791/943/941
f 791/943/941 792/950/948 783/951/949
f 791/943/941 783/951/949 782/487/485
f 782/487/485 783/951/949 774/485/483
f 411/944/942 412/952/950 837/945/943
f 837/945/943 412/952/950 828/953/951
f 837/945/943 828/953/951 827/946/944
f 827/946/944 828/953/951 820/954/952
f 827/946/944 820/954/952 819/947/945
f 819/947/945 820/954/952 811/955/953
f 819/947/945 811/955/953 810/948/946
f 810/948/946 811/955/953 802/956/954
f 810/948/946 802/956/954 801/949/947
f 801/949/947 802/956/954 793/957/955
f 801/949/947 793/957/955 792/950/948
f 792/950/948 793/957/955 784/958/956
f 792/950/948 784/958/956 783/951/949
f 783/951/949 784/958/956 775/959/957
f 783/951/949 775/959/957 774/485/483
f 774/485/483 775/959/957 760/483/481
f 412/952/950 413/960/958 828/953/951
f 828/953/951 413/960/958 821/961/959
f 828/953/951 821/961/959 820/954/952
f 820/954/952 821/961/959 812/962/960
f 820/954/952 812/962/960 811/955/953
f 811/955/953 812/962/960 803/963/961
f 811/955/953 803/963/961 802/956/954
f 802/956/954 803/963/961 794/964/962
f 802/956/954 794/964/962 793/957/955
f 793/957/955 794/964/962 785/965/963
f 793/957/955 785/965/963 784/958/956
f 784/958/956 785/965/963 776/966/964
f 784/958/956 776/966/964 775/959/957
f 775/959/957 776/966/964 761/967/965
f 775/959/957 761/967/965 760/483/481
f 760/483/481 761/967/965 468/445/443
f 413/960/958 414/968/966 821/961/959
f 821/961/959 414/968/966 813/969/967
f 821/961/959 813/969/967 812/962/960
f 812/962/960 813/969/967 804/970/968
f 812/962/960 804/970/968 803/963/961
f 803/963/961 804/970/968 795/971/969
f 803/963/961 795/971/969 794/964/962
f 794/964/962 795/971/969 786/972/970
f 794/964/962 786/972/970 785/965/963
f 785/965/963 786/972/970 777/973/971
f 785/965/963 777/973/971 776/966/964
f 776/966/964 777/973/971 762/974/972
f 776/966/964 762/974/972 761/967/965
f 761/967/965 762/974/972 773/443/441
f 761/967/965 773/443/441 468/445/443
f 414/968/966 415/975/973 813/969/967
f 813/969/967 415/975/973 805/976/974
f 813/969/967 805/976/974 804/970/968
f 804/970/968 805/976/974 796/977/975
f 804/970/968 796/977/975 795/971/969
f 795/971/969 796/977/975 787/978/976
f 795/971/969 787/978/976 786/972/970
f 786/972/970 787/978/976 778/979/977
f 786/972/970 778/979/977 777/973/971
f 777/973/971 778/979/977 763/980/978
f 777/973/971 763/980/978 762/974/972
f 762/974/972 763/980/978 772/441/439
f 762/974/972 772/441/439 773/443/441
f 415/975/973 416/981/979 805/976/974
f 805/976/974 416/981/979 797/982/980
f 805/976/974 797/982/980 796/977/975
f 796/977/975 797/982/980 788/983/981
f 796/977/975 788/983/981 787/978/976
f 787/978/976 788/983/981 779/984/982
f 787/978/976 779/984/982 778/979/977
f 778/979/977 779/984/982 764/985/983
f 778/979/977 764/985/983 763/980/978
f 763/980/978 764/985/983 771/439/437
f 763/980/978 771/439/437 772/441/439
f 416/981/979 417/986/984 797/982/980
f 797/982/980 417/986/984 789/987/985
f 797/982/980 789/987/985 788/983/981
f 788/983/981 789/987/985 780/988/986
f 788/983/981 780/988/986 779/984/982
f 779/984/982 780/988/986 765/989/987
f 779/984/982 765/989/987 764/985/983
f 764/985/983 765/989/987 770/437/435
f 764/985/983 770/437/435 771/439/437
f 417/986/984 418/990/988 789/987/985
f 789/987/985 418/990/988 781/991/989
f 789/987/985 781/991/989 780/988/986
f 780/988/986 781/991/989 766/992/990
f 780/988/986 766/992/990 765/989/987
f 765/989/987 766/992/990 769/435/433
f 765/989/987 769/435/433 770/437/435
f 418/990/988 419/993/991 781/991/989
f 781/991/989 419/993/991 767/994/992
f 781/991/989 767/994/992 766/992/990
f 766/992/990 767/994/992 768/433/431
f 766/992/990 768/433/431 769/435/433
f 419/993/991 420/995/993 767/994/992
f 767/994/992 420/995/993 467/431/429
f 767/994/992 467/431/429 768/433/431
f 420/995/993 421/429/427 467/431/429
f 422/428/426 423/996/994 743/426/424
f 743/426/424 423/996/994 735/997/995
f 743/426/424 735/997/995 734/424/422
f 734/424/422 735/997/995 726/998/996
f 734/424/422 726/998/996 725/422/420
f 725/422/420 726/998/996 717/999/997
f 725/422/420 717/999/997 716/420/418
f 716/420/418 717/999/997 708/1000/998
f 716/420/418 708/1000/998 707/418/416
f 707/418/416 708/1000/998 692/1001/999
f 707/418/416 692/1001/999 691/416/414
f 691/416/414 692/1001/999 702/1002/1000
f 691/416/414 702/1002/1000 703/414/412
f 703/414/412 702/1002/1000 682/1003/1001
f 703/414/412 682/1003/1001 681/412/410
f 681/412/410 682/1003/1001 673/410/408
f 423/996/994 424/1004/1002 735/997/995
f 735/997/995 424/1004/1002 727/1005/1003
f 735/997/995 727/1005/1003 726/998/996
f 726/998/996 727/1005/1003 718/1006/1004
f 726/998/996 718/1006/1004 717/999/997
f 717/999/997 718/1006/1004 709/1007/1005
f 717/999/997 709/1007/1005 708/1000/998
f 708/1000/998 709/1007/1005 693/1008/1006
f 708/1000/998 693/1008/1006 692/1001/999
f 692/1001/999 693/1008/1006 701/1009/1007
f 692/1001/999 701/1009/1007 702/1002/1000
f 702/1002/1000 701/1009/1007 683/1010/1008
f 702/1002/1000 683/1010/1008 682/1003/1001
f 682/1003/1001 683/1010/1008 674/1011/1009
f 682/1003/1001 674/1011/1009 673/410/408
f 673/410/408 674/1011/1009 665/408/406
f 424/1004/1002 425/1012/1010 727/1005/1003
f 727/1005/1003 425/1012/1010 719/1013/1011
f 727/1005/1003 719/1013/1011 718/1006/1004
f 718/1006/1004 719/1013/1011 710/1014/1012
f 718/1006/1004 710/1014/1012 709/1007/1005
f 709/1007/1005 710/1014/1012 694/1015/1013
f 709/1007/1005 694/1015/1013 693/1008/1006
f 693/1008/1006 694/1015/1013 700/1016/1014
f 693/1008/1006 700/1016/1014 701/1009/1007
f 701/1009/1007 700/1016/1014 684/1017/1015
f 701/1009/1007 684/1017/1015 683/1010/1008
f 683/1010/1008 684/1017/1015 675/1018/1016
f 683/1010/1008 675/1018/1016 674/1011/1009
f 674/1011/1009 675/1018/1016 666/1019/1017
f 674/1011/1009 666/1019/1017 665/408/406
f 665/408/406 666/1019/1017 657/406/404
f 425/1012/1010 426/1020/1018 719/1013/1011
f 719/1013/1011 426/1020/1018 711/1021/1019
f 719/1013/1011 711/1021/1019 710/1014/1012
f 710/1014/1012 711/1021/1019 695/1022/1020
f 710/1014/1012 695/1022/1020 694/1015/1013
f 694/1015/1013 695/1022/1020 699/1023/1021
f 694/1015/1013 699/1023/1021 700/1016/1014
f 700/1016/1014 699/1023/1021 685/1024/1022
f 700/1016/1014 685/1024/1022 684/1017/1015
f 684/1017/1015 685/1024/1022 676/1025/1023
f 684/1017/1015 676/1025/1023 675/1018/1016
f 675/1018/1016 676/1025/1023 667/1026/1024
f 675/1018/1016 667/1026/1024 666/1019/1017
f 666/1019/1017 667/1026/1024 658/1027/1025
f 666/1019/1017 658/1027/1025 657/406/404
f 657/406/404 658/1027/1025 649/404/402
f 426/1020/1018 427/1028/1026 711/1021/1019
f 711/1021/1019 427/1028/1026 696/1029/1027
f 711/1021/1019 696/1029/1027 695/1022/1020
f 695/1022/1020 696/1029/1027 698/1030/1028
f 695/1022/1020 698/1030/1028 699/1023/1021
f 699/1023/1021 698/1030/1028 686/1031/1029
f 699/1023/1021 686/1031/1029 685/1024/1022
f 685/1024/1022 686/1031/1029 677/1032/1030
f 685/1024/1022 677/1032/1030 676/1025/1023
f 676/1025/1023 677/1032/1030 668/1033/1031
f 676/1025/1023 668/1033/1031 667/1026/1024
f 667/1026/1024 668/1033/1031 659/1034/1032
f 667/1026/1024 659/1034/1032 658/1027/1025
f 658/1027/1025 659/1034/1032 650/1035/1033
f 658/1027/1025 650/1035/1033 649/404/402
f 649/404/402 650/1035/1033 641/402/400
f 427/1028/1026 428/1036/1034 696/1029/1027
f 696/1029/1027 428/1036/1034 697/1037/1035
f 696/1029/1027 697/1037/1035 698/1030/1028
f 698/1030/1028 697/1037/1035 687/1038/1036
f 698/1030/1028 687/1038/1036 686/1031/1029
f 686/1031/1029 687/1038/1036 678/1039/1037
f 686/1031/1029 678/1039/1037 677/1032/1030
f 677/1032/1030 678/1039/1037 669/1040/1038
f 677/1032/1030 669/1040/1038 668/1033/1031
f 668/1033/1031 669/1040/1038 660/1041/1039
f 668/1033/1031 660/1041/1039 659/1034/1032
f 659/1034/1032 660/1041/1039 651/1042/1040
f 659/1034/1032 651/1042/1040 650/1035/1033
f 650/1035/1033 651/1042/1040 642/1043/1041
f 650/1035/1033 642/1043/1041 641/402/400
f 641/402/400 642/1043/1041 633/400/398
f 428/1036/1034 429/1044/1042 697/1037/1035
f 697/1037/1035 429/1044/1042 688/1045/1043
f 697/1037/1035 688/1045/1043 687/1038/1036
f 687/1038/1036 688/1045/1043 679/1046/1044
f 687/1038/1036 679/1046/1044 678/1039/1037
f 678/1039/1037 679/1046/1044 670/1047/1045
f 678/1039/1037 670/1047/1045 669/1040/1038
f 669/1040/1038 670/1047/1045 661/1048/1046
f 669/1040/1038 661/1048/1046 660/1041/1039
f 660/1041/1039 661/1048/1046 652/1049/1047
f 660/1041/1039 652/1049/1047 651/1042/1040
f 651/1042/1040 652/1049/1047 643/1050/1048
f 651/1042/1040 643/1050/1048 642/1043/1041
f 642/1043/1041 643/1050/1048 634/1051/1049
f 642/1043/1041 634/1051/1049 633/400/398
f 633/400/398 634/1051/1049 619/398/396
f 429/1044/1042 430/1052/1050 688/1045/1043
f 688/1045/1043 430/1052/1050 680/1053/1051
f 688/1045/1043 680/1053/1051 679/1046/1044
f 679/1046/1044 680/1053/1051 671/1054/1052
f 679/1046/1044 671/1054/1052 670/1047/1045
f 670/1047/1045 671/1054/1052 662/1055/1053
f 670/1047/1045 662/1055/1053 661/1048/1046
f 661/1048/1046 662/1055/1053 653/1056/1054
f 661/1048/1046 653/1056/1054 652/1049/1047
f 652/1049/1047 653/1056/1054 644/1057/1055
f 652/1049/1047 644/1057/1055 643/1050/1048
f 643/1050/1048 644/1057/1055 635/1058/1056
f 643/1050/1048 635/1058/1056 634/1051/1049
f 634/1051/1049 635/1058/1056 620/1059/1057
f 634/1051/1049 620/1059/1057 619/398/396
f 619/398/396 620/1059/1057 465/360/358
f 430/1052/1050 431/1060/1058 680/1053/1051
f 680/1053/1051 431/1060/1058 672/1061/1059
f 680/1053/1051 672/1061/1059 671/1054/1052
f 671/1054/1052 672/1061/1059 663/1062/1060
f 671/1054/1052 663/1062/1060 662/1055/1053
f 662/1055/1053 663/1062/1060 654/1063/1061
f 662/1055/1053 654/1063/1061 653/1056/1054
f 653/1056/1054 654/1063/1061 645/1064/1062
f 653/1056/1054 645/1064/1062 644/1057/1055
f 644/1057/1055 645/1064/1062 636/1065/1063
f 644/1057/1055 636/1065/1063 635/1058/1056
f 635/1058/1056 636/1065/1063 621/1066/1064
f 635/1058/1056 621/1066/1064 620/1059/1057
f 620/1059/1057 621/1066/1064 632/358/356
f 620/1059/1057 632/358/356 465/360/358
f 431/1060/1058 432/1067/1065 672/1061/1059
f 672/1061/1059 432/1067/1065 664/1068/1066
f 672/1061/1059 664/1068/1066 663/1062/1060
f 663/1062/1060 664/1068/1066 655/1069/1067
f 663/1062/1060 655/1069/1067 654/1063/1061
f 654/1063/1061 655/1069/1067 646/1070/1068
f 654/1063/1061 646/1070/1068 645/1064/1062
f 645/1064/1062 646/1070/1068 637/1071/1069
f 645/1064/1062 637/1071/1069 636/1065/1063
f 636/1065/1063 637/1071/1069 622/1072/1070
f 636/1065/1063 622/1072/1070 621/1066/1064
f 621/1066/1064 622/1072/1070 631/356/354
f 621/1066/1064 631/356/354 632/358/356
f 432/1067/1065 433/1073/1071 664/1068/1066
f 664/1068/1066 433/1073/1071 656/1074/1072
f 664/1068/1066 656/1074/1072 655/1069/1067
f 655/1069/1067 656/1074/1072 647/1075/1073
f 655/1069/1067 647/1075/1073 646/1070/1068
f 646/1070/1068 647/1075/1073 638/1076/1074
f 646/1070/1068 638/1076/1074 637/1071/1069
f 637/1071/1069 638/1076/1074 623/1077/1075
f 637/1071/1069 623/1077/1075 622/1072/1070
f 622/1072/1070 623/1077/1075 630/354/352
f 622/1072/1070 630/354/352 631/356/354
f 433/1073/1071 434/1078/1076 656/1074/1072
f 656/1074/1072 434/1078/1076 648/1079/1077
f 656/1074/1072 648/1079/1077 647/1075/1073
f 647/1075/1073 648/1079/1077 639/1080/1078
f 647/1075/1073 639/1080/1078 638/1076/1074
f 638/1076/1074 639/1080/1078 624/1081/1079
f 638/1076/1074 624/1081/1079 623/1077/1075
f 623/1077/1075 624/1081/1079 629/352/350
f 623/1077/1075 629/352/350 630/354/352
f 434/1078/1076 435/1082/1080 648/1079/1077
f 648/1079/1077 435/1082/1080 640/1083/1081
f 648/1079/1077 640/1083/1081 639/1080/1078
f 639/1080/1078 640/1083/1081 625/1084/1082
f 639/1080/1078 625/1084/1082 624/1081/1079
f 624/1081/1079 625/1084/1082 628/350/348
f 624/1081/1079 628/350/348 629/352/350
f 435/1082/1080 436/1085/1083 640/1083/1081
f 640/1083/1081 436/1085/1083 626/1086/1084
f 640/1083/1081 626/1086/1084 625/1084/1082
f 625/1084/1082 626/1086/1084 627/348/346
f 625/1084/1082 627/348/346 628/350/348
f 436/1085/1083 437/1087/1085 626/1086/1084
f 626/1086/1084 437/1087/1085 464/346/344
f 626/1086/1084 464/346/344 627/348/346
f 437/1087/1085 438/344/342 464/346/344
f 439/343/341 440/1088/1086 602/341/339
f 602/341/339 440/1088/1086 594/1089/1087
f 602/341/339 594/1089/1087 593/339/337
f 593/339/337 594/1089/1087 585/1090/1088
f 593/339/337 585/1090/1088 584/337/335
f 584/337/335 585/1090/1088 576/1091/1089
f 584/337/335 576/1091/1089 575/335/333
f 575/335/333 576/1091/1089 567/1092/1090
f 575/335/333 567/1092/1090 566/333/331
f 566/333/331 567/1092/1090 551/1093/1091
f 566/333/331 551/1093/1091 550/331/329
f 550/331/329 551/1093/1091 561/1094/1092
f 550/331/329 561/1094/1092 562/329/327
f 562/329/327 561/1094/1092 541/1095/1093
f 562/329/327 541/1095/1093 540/327/325
f 540/327/325 541/1095/1093 532/325/323
f 440/1088/1086 441/1096/1094 594/1089/1087
f 594/1089/1087 441/1096/1094 586/1097/1095
f 594/1089/1087 586/1097/1095 585/1090/1088
f 585/1090/1088 586/1097/1095 577/1098/1096
f 585/1090/1088 577/1098/1096 576/1091/1089
f 576/1091/1089 577/1098/1096 568/1099/1097
f 576/1091/1089 568/1099/1097 567/1092/1090
f 567/1092/1090 568/1099/1097 552/1100/1098
f 567/1092/1090 552/1100/1098 551/1093/1091
f 551/1093/1091 552/1100/1098 560/1101/1099
f 551/1093/1091 560/1101/1099 561/1094/1092
f 561/1094/1092 560/1101/1099 542/1102/1100
f 561/1094/1092 542/1102/1100 541/1095/1093
f 541/1095/1093 542/1102/1100 533/1103/1101
f 541/1095/1093 533/1103/1101 532/325/323
f 532/325/323 533/1103/1101 524/323/321
f 441/1096/1094 442/1104/1102 586/1097/1095
f 586/1097/1095 442/1104/1102 578/1105/1103
f 586/1097/1095 578/1105/1103 577/1098/1096
f 577/1098/1096 578/1105/1103 569/1106/1104
f 577/1098/1096 569/1106/1104 568/1099/1097
f 568/1099/1097 569/1106/1104 553/1107/1105
f 568/1099/1097 553/1107/1105 552/1100/1098
f 552/1100/1098 553/1107/1105 559/1108/1106
f 552/1100/1098 559/1108/1106 560/1101/1099
f 560/1101/1099 559/1108/1106 543/1109/1107
f 560/1101/1099 543/1109/1107 542/1102/1100
f 542/1102/1100 543/1109/1107 534/1110/1108
f 542/1102/1100 534/1110/1108 533/1103/1101
f 533/1103/1101 534/1110/1108 525/1111/1109
f 533/1103/1101 525/1111/1109 524/323/321
f 524/323/321 525/1111/1109 516/321/319
f 442/1104/1102 443/1112/1110 578/1105/1103
f 578/1105/1103 443/1112/1110 570/1113/1111
f 578/1105/1103 570/1113/1111 569/1106/1104
f 569/1106/1104 570/1113/1111 554/1114/1112
f 569/1106/1104 554/1114/1112 553/1107/1105
f 553/1107/1105 554/1114/1112 558/1115/1113
f 553/1107/1105 558/1115/1113 559/1108/1106
f 559/1108/1106 558/1115/1113 544/1116/1114
f 559/1108/1106 544/1116/1114 543/1109/1107
f 543/1109/1107 544/1116/1114 535/1117/1115
f 543/1109/1107 535/1117/1115 534/1110/1108
f 534/1110/1108 535/1117/1115 526/1118/1116
f 534/1110/1108 526/1118/1116 525/1111/1109
f 525/1111/1109 526/1118/1116 517/1119/1117
f 525/1111/1109 517/1119/1117 516/321/319
f 516/321/319 517/1119/1117 508/319/317
f 443/1112/1110 444/1120/1118 570/1113/1111
f 570/1113/1111 444/1120/1118 555/1121/1119
f 570/1113/1111 555/1121/1119 554/1114/1112
f 554/1114/1112 555/1121/1119 557/1122/1120
f 554/1114/1112 557/1122/1120 558/1115/1113
f 558/1115/1113 557/1122/1120 545/1123/1121
f 558/1115/1113 545/1123/1121 544/1116/1114
f 544/1116/1114 545/1123/1121 536/1124/1122
f 544/1116/1114 536/1124/1122 535/1117/1115
f 535/1117/1115 536/1124/1122 527/1125/1123
f 535/1117/1115 527/1125/1123 526/1118/1116
f 526/1118/1116 527/1125/1123 518/1126/1124
f 526/1118/1116 518/1126/1124 517/1119/1117
f 517/1119/1117 518/1126/1124 509/1127/1125
f 517/1119/1117 509/1127/1125 508/319/317
f 508/319/317 509/1127/1125 500/317/315
f 444/1120/1118 445/1128/1126 555/1121/1119
f 555/1121/1119 445/1128/1126 556/1129/1127
f 555/1121/1119 556/1129/1127 557/1122/1120
f 557/1122/1120 556/1129/1127 546/1130/1128
f 557/1122/1120 546/1130/1128 545/1123/1121
f 545/1123/1121 546/1130/1128 537/1131/1129
f 545/1123/1121 537/1131/1129 536/1124/1122
f 536/1124/1122 537/1131/1129 528/1132/1130
f 536/1124/1122 528/1132/1130 527/1125/1123
f 527/1125/1123 528/1132/1130 519/1133/1131
f 527/1125/1123 519/1133/1131 518/1126/1124
f 518/1126/1124 519/1133/1131 510/1134/1132
f 518/1126/1124 510/1134/1132 509/1127/1125
f 509/1127/1125 510/1134/1132 501/1135/1133
f 509/1127/1125 501/1135/1133 500/317/315
f 500/317/315 501/1135/1133 492/315/313
f 445/1128/1126 446/1136/1134 556/1129/1127
f 556/1129/1127 446/1136/1134 547/1137/1135
f 556/1129/1127 547/1137/1135 546/1130/1128
f 546/1130/1128 547/1137/1135 538/1138/1136
f 546/1130/1128 538/1138/1136 537/1131/1129
f 537/1131/1129 538/1138/1136 529/1139/1137
f 537/1131/1129 529/1139/1137 528/1132/1130
f 528/1132/1130 529/1139/1137 520/1140/1138
f 528/1132/1130 520/1140/1138 519/1133/1131
f 519/1133/1131 520/1140/1138 511/1141/1139
f 519/1133/1131 511/1141/1139 510/1134/1132
f 510/1134/1132 511/1141/1139 502/1142/1140
f 510/1134/1132 502/1142/1140 501/1135/1133
f 501/1135/1133 502/1142/1140 493/1143/1141
f 501/1135/1133 493/1143/1141 492/315/313
f 492/315/313 493/1143/1141 484/313/311
f 446/1136/1134 447/1144/1142 547/1137/1135
f 547/1137/1135 447/1144/1142 539/1145/1143
f 547/1137/1135 539/1145/1143 538/1138/1136
f 538/1138/1136 539/1145/1143 530/1146/1144
f 538/1138/1136 530/1146/1144 529/1139/1137
f 529/1139/1137 530/1146/1144 521/1147/1145
f 529/1139/1137 521/1147/1145 520/1140/1138
f 520/1140/1138 521/1147/1145 512/1148/1146
f 520/1140/1138 512/1148/1146 511/1141/1139
f 511/1141/1139 512/1148/1146 503/1149/1147
f 511/1141/1139 503/1149/1147 502/1142/1140
f 502/1142/1140 503/1149/1147 494/1150/1148
f 502/1142/1140 494/1150/1148 493/1143/1141
f 493/1143/1141 494/1150/1148 485/1151/1149
f 493/1143/1141 485/1151/1149 484/313/311
f 484/313/311 485/1151/1149 476/291/291
f 447/1144/1142 448/1152/1150 539/1145/1143
f 539/1145/1143 448/1152/1150 531/1153/1151
f 539/1145/1143 531/1153/1151 530/1146/1144
f 530/1146/1144 531/1153/1151 522/1154/1152
f 530/1146/1144 522/1154/1152 521/1147/1145
f 521/1147/1145 522/1154/1152 513/1155/1153
f 521/1147/1145 513/1155/1153 512/1148/1146
f 512/1148/1146 513/1155/1153 504/1156/1154
f 512/1148/1146 504/1156/1154 503/1149/1147
f 503/1149/1147 504/1156/1154 495/1157/1155
f 503/1149/1147 495/1157/1155 494/1150/1148
f 494/1150/1148 495/1157/1155 486/1158/1156
f 494/1150/1148 486/1158/1156 485/1151/1149
f 485/1151/1149 486/1158/1156 477/1159/1157
f 485/1151/1149 477/1159/1157 476/291/291
f 476/291/291 477/1159/1157 455/293/293
f 448/1152/1150 449/1160/1158 531/1153/1151
f 531/1153/1151 449/1160/1158 523/1161/1159
f 531/1153/1151 523/1161/1159 522/1154/1152
f 522/1154/1152 523/1161/1159 514/1162/1160
f 522/1154/1152 514/1162/1160 513/1155/1153
f 513/1155/1153 514/1162/1160 505/1163/1161
f 513/1155/1153 505/1163/1161 504/1156/1154
f 504/1156/1154 505/1163/1161 496/1164/1162
f 504/1156/1154 496/1164/1162 495/1157/1155
f 495/1157/1155 496/1164/1162 487/1165/1163
f 495/1157/1155 487/1165/1163 486/1158/1156
f 486/1158/1156 487/1165/1163 478/1166/1164
f 486/1158/1156 478/1166/1164 477/1159/1157
f 477/1159/1157 478/1166/1164 456/1167/295
f 477/1159/1157 456/1167/295 455/293/293
f 449/1160/1158 450/1168/1165 523/1161/1159
f 523/1161/1159 450/1168/1165 515/1169/1166
f 523/1161/1159 515/1169/1166 514/1162/1160
f 514/1162/1160 515/1169/1166 506/1170/1167
f 514/1162/1160 506/1170/1167 505/1163/1161
f 505/1163/1161 506/1170/1167 497/1171/1168
f 505/1163/1161 497/1171/1168 496/1164/1162
f 496/1164/1162 497/1171/1168 488/1172/1169
f 496/1164/1162 488/1172/1169 487/1165/1163
f 487/1165/1163 488/1172/1169 479/1173/1170
f 487/1165/1163 479/1173/1170 478/1166/1164
f 478/1166/1164 479/1173/1170 457/1174/297
f 478/1166/1164 457/1174/297 456/1167/295
f 450/1168/1165 451/1175/1171 515/1169/1166
f 515/1169/1166 451/1175/1171 507/1176/1172
f 515/1169/1166 507/1176/1172 506/1170/1167
f 506/1170/1167 507/1176/1172 498/1177/1173
f 506/1170/1167 498/1177/1173 497/1171/1168
f 497/1171/1168 498/1177/1173 489/1178/1174
f 497/1171/1168 489/1178/1174 488/1172/1169
f 488/1172/1169 489/1178/1174 480/1179/1175
f 488/1172/1169 480/1179/1175 479/1173/1170
f 479/1173/1170 480/1179/1175 458/1180/299
f 479/1173/1170 458/1180/299 457/1174/297
f 451/1175/1171 452/1181/1176 507/1176/1172
f 507/1176/1172 452/1181/1176 499/1182/1177
f 507/1176/1172 499/1182/1177 498/1177/1173
f 498/1177/1173 499/1182/1177 490/1183/1178
f 498/1177/1173 490/1183/1178 489/1178/1174
f 489/1178/1174 490/1183/1178 481/1184/1179
f 489/1178/1174 481/1184/1179 480/1179/1175
f 480/1179/1175 481/1184/1179 459/1185/301
f 480/1179/1175 459/1185/301 458/1180/299
f 452/1181/1176 453/1186/1180 499/1182/1177
f 499/1182/1177 453/1186/1180 491/1187/1181
f 499/1182/1177 491/1187/1181 490/1183/1178
f 490/1183/1178 491/1187/1181 482/1188/1182
f 490/1183/1178 482/1188/1182 481/1184/1179
f 481/1184/1179 482/1188/1182 460/1189/303
f 481/1184/1179 460/1189/303 459/1185/301
f 453/1186/1180 454/1190/1183 491/1187/1181
f 491/1187/1181 454/1190/1183 483/1191/1184
f 491/1187/1181 483/1191/1184 482/1188/1182
f 482/1188/1182 483/1191/1184 461/1192/305
f 482/1188/1182 461/1192/305 460/1189/303
f 454/1190/1183 369/1193/309 483/1191/1184
f 483/1191/1184 369/1193/309 462/1194/307
f 483/1191/1184 462/1194/307 461/1192/305
f 3/1195/1185 433/1196/1071 4/1197/1186
f 4/1197/1186 433/1196/1071 432/1198/1065
f 4/1197/1186 432/1198/1065 431/1199/1058
f 1183/1200/1187 440/1201/1086 3/1195/1185
f 3/1195/1185 440/1201/1086 439/1202/341
f 3/1195/1185 439/1202/341 438/1203/342
f 1183/1200/1187 1184/1204/1188 440/1201/1086
f 440/1201/1086 1184/1204/1188 441/1205/1094
f 441/1205/1094 1184/1204/1188 1185/1206/1189
f 441/1205/1094 1185/1206/1189 442/1207/1102
f 442/1207/1102 1185/1206/1189 1186/1208/1190
f 442/1207/1102 1186/1208/1190 1333/1209/1191
f 1333/1209/1191 1186/1208/1190 1332/1210/1192
f 1332/1210/1192 1186/1208/1190 1187/1211/1193
f 1332/1210/1192 1187/1211/1193 1331/1212/1194
f 1331/1212/1194 1187/1211/1193 1188/1213/1195
f 1331/1212/1194 1188/1213/1195 1189/1214/1196
f 1331/1212/1194 1189/1214/1196 1330/1215/1197
f 1330/1215/1197 1189/1214/1196 1190/1216/1198
f 1330/1215/1197 1190/1216/1198 1329/1217/1199
f 1329/1217/1199 1190/1216/1198 1328/1218/1200
f 1328/1218/1200 1190/1216/1198 1191/1219/1201
f 1328/1218/1200 1191/1219/1201 1327/1220/1202
f 1327/1220/1202 1191/1219/1201 1192/1221/1203
f 1327/1220/1202 1192/1221/1203 1326/1222/1204
f 1326/1222/1204 1192/1221/1203 1193/1223/1205
f 1326/1222/1204 1193/1223/1205 1325/1224/1206
f 1325/1224/1206 1193/1223/1205 1324/1225/1207
f 1324/1225/1207 1193/1223/1205 1194/1226/1208
f 1324/1225/1207 1194/1226/1208 1323/1227/1209
f 1323/1227/1209 1194/1226/1208 1195/1228/1210
f 1323/1227/1209 1195/1228/1210 1322/1229/1211
f 1322/1229/1211 1195/1228/1210 1321/1230/1212
f 1321/1230/1212 1195/1228/1210 1196/1231/1213
f 1321/1230/1212 1196/1231/1213 1356/1232/1214
f 1356/1232/1214 1196/1231/1213 1197/1233/1215
f 1356/1232/1214 1197/1233/1215 1355/1234/1216
f 1355/1234/1216 1197/1233/1215 1198/1235/1217
f 1355/1234/1216 1198/1235/1217 1354/1236/1218
f 1354/1236/1218 1198/1235/1217 1353/1237/1219
f 1353/1237/1219 1198/1235/1217 1199/1238/1220
f 1353/1237/1219 1199/1238/1220 1352/1239/1221
f 1352/1239/1221 1199/1238/1220 1200/1240/1222
f 1352/1239/1221 1200/1240/1222 1351/1241/1223
f 1351/1241/1223 1200/1240/1222 1201/1242/1224
f 1351/1241/1223 1201/1242/1224 453/1243/1180
f 453/1243/1180 1201/1242/1224 454/1244/1183
f 454/1244/1183 1201/1242/1224 1202/1245/1225
f 454/1244/1183 1202/1245/1225 1203/1246/1226
f 454/1244/1183 1203/1246/1226 369/1247/309
f 369/1247/309 1203/1246/1226 1204/1248/1227
f 369/1247/309 1204/1248/1227 370/1249/310
f 370/1249/310 1204/1248/1227 1205/1250/1228
f 370/1249/310 1205/1250/1228 371/1251/710
f 371/1251/710 1205/1250/1228 1206/1252/1229
f 371/1251/710 1206/1252/1229 1207/1253/1230
f 371/1251/710 1207/1253/1230 372/1254/718
f 372/1254/718 1207/1253/1230 1208/1255/1231
f 372/1254/718 1208/1255/1231 373/1256/726
f 373/1256/726 1208/1255/1231 1209/1257/1232
f 373/1256/726 1209/1257/1232 374/1258/734
f 374/1258/734 1209/1257/1232 1210/1259/1233
f 374/1258/734 1210/1259/1233 1211/1260/1234
f 374/1258/734 1211/1260/1234 375/1261/742
f 375/1261/742 1211/1260/1234 1212/1262/1235
f 375/1261/742 1212/1262/1235 376/1263/750
f 376/1263/750 1212/1262/1235 1213/1264/1236
f 376/1263/750 1213/1264/1236 377/1265/758
f 377/1265/758 1213/1264/1236 1214/1266/1237
f 377/1265/758 1214/1266/1237 1215/1267/1238
f 377/1265/758 1215/1267/1238 378/1268/766
f 378/1268/766 1215/1267/1238 1216/1269/1239
f 378/1268/766 1216/1269/1239 379/1270/774
f 379/1270/774 1216/1269/1239 1217/1271/1240
f 379/1270/774 1217/1271/1240 380/1272/781
f 380/1272/781 1217/1271/1240 1218/1273/1241
f 380/1272/781 1218/1273/1241 1219/1274/1242
f 380/1272/781 1219/1274/1242 381/1275/787
f 381/1275/787 1219/1274/1242 1220/1276/1243
f 381/1275/787 1220/1276/1243 382/1277/792
f 382/1277/792 1220/1276/1243 1221/1278/1244
f 382/1277/792 1221/1278/1244 1222/1279/1245
f 382/1277/792 1222/1279/1245 383/1280/796
f 383/1280/796 1222/1279/1245 1223/1281/1246
f 383/1280/796 1223/1281/1246 384/1282/799
f 384/1282/799 1223/1281/1246 1224/1283/1247
f 384/1282/799 1224/1283/1247 1225/1284/1248
f 1226/1285/1249 1357/1286/1250 1225/1284/1248
f 1225/1284/1248 1357/1286/1250 385/1287/801
f 1225/1284/1248 385/1287/801 384/1282/799
f 1357/1286/1250 1226/1285/1249 1392/1288/1251
f 1392/1288/1251 1226/1285/1249 1227/1289/1252
f 1392/1288/1251 1227/1289/1252 1391/1290/1253
f 1391/1290/1253 1227/1289/1252 1228/1291/1254
f 1391/1290/1253 1228/1291/1254 1390/1292/1255
f 1390/1292/1255 1228/1291/1254 1229/1293/1256
f 1390/1292/1255 1229/1293/1256 1389/1294/1257
f 1389/1294/1257 1229/1293/1256 1230/1295/1258
f 1389/1294/1257 1230/1295/1258 1388/1296/1259
f 1388/1296/1259 1230/1295/1258 1231/1297/1260
f 1388/1296/1259 1231/1297/1260 1387/1298/1261
f 1387/1298/1261 1231/1297/1260 1232/1299/1262
f 1387/1298/1261 1232/1299/1262 1386/1300/1263
f 1386/1300/1263 1232/1299/1262 1385/1301/1264
f 1385/1301/1264 1232/1299/1262 1233/1302/1265
f 1385/1301/1264 1233/1302/1265 1384/1303/1266
f 1384/1303/1266 1233/1302/1265 1234/1304/1267
f 1384/1303/1266 1234/1304/1267 1383/1305/1268
f 1383/1305/1268 1234/1304/1267 1235/1306/1269
f 1383/1305/1268 1235/1306/1269 1382/1307/1270
f 1382/1307/1270 1235/1306/1269 1381/1308/1271
f 1381/1308/1271 1235/1306/1269 1236/1309/1272
f 1381/1308/1271 1236/1309/1272 1380/1310/1273
f 1380/1310/1273 1236/1309/1272 1237/1311/1274
f 1380/1310/1273 1237/1311/1274 1379/1312/1275
f 1379/1312/1275 1237/1311/1274 1238/1313/1276
f 1379/1312/1275 1238/1313/1276 1378/1314/1277
f 1378/1314/1277 1238/1313/1276 1239/1315/1278
f 1378/1314/1277 1239/1315/1278 1377/1316/1279
f 1377/1316/1279 1239/1315/1278 1240/1317/1280
f 1377/1316/1279 1240/1317/1280 1376/1318/1281
f 1376/1318/1281 1240/1317/1280 1241/1319/1282
f 1376/1318/1281 1241/1319/1282 1375/1320/1283
f 1375/1320/1283 1241/1319/1282 1242/1321/1284
f 1375/1320/1283 1242/1321/1284 396/1322/866
f 396/1322/866 1242/1321/1284 397/1323/873
f 397/1323/873 1242/1321/1284 1243/1324/1285
f 397/1323/873 1243/1324/1285 1244/1325/1286
f 397/1323/873 1244/1325/1286 398/1326/879
f 398/1326/879 1244/1325/1286 1245/1327/1287
f 398/1326/879 1245/1327/1287 399/1328/884
f 399/1328/884 1245/1327/1287 1246/1329/1288
f 399/1328/884 1246/1329/1288 1247/1330/1289
f 399/1328/884 1247/1330/1289 400/1331/888
f 400/1331/888 1247/1330/1289 1248/1332/1290
f 400/1331/888 1248/1332/1290 401/1333/891
f 401/1333/891 1248/1332/1290 1249/1334/1291
f 401/1333/891 1249/1334/1291 1250/1335/1292
f 401/1333/891 1250/1335/1292 402/1336/893
f 402/1336/893 1250/1335/1292 1251/1337/1293
f 402/1336/893 1251/1337/1293 403/1338/514
f 403/1338/514 1251/1337/1293 1252/1339/1294
f 403/1338/514 1252/1339/1294 404/1340/513
f 404/1340/513 1252/1339/1294 1253/1341/1295
f 404/1340/513 1253/1341/1295 1254/1342/1296
f 404/1340/513 1254/1342/1296 405/1343/894
f 405/1343/894 1254/1342/1296 1255/1344/1297
f 405/1343/894 1255/1344/1297 406/1345/902
f 406/1345/902 1255/1344/1297 1256/1346/1298
f 406/1345/902 1256/1346/1298 407/1347/910
f 407/1347/910 1256/1346/1298 1257/1348/1299
f 407/1347/910 1257/1348/1299 1258/1349/1300
f 407/1347/910 1258/1349/1300 408/1350/918
f 408/1350/918 1258/1349/1300 1259/1351/1301
f 408/1350/918 1259/1351/1301 409/1352/926
f 409/1352/926 1259/1351/1301 1260/1353/1302
f 409/1352/926 1260/1353/1302 410/1354/934
f 410/1354/934 1260/1353/1302 1261/1355/1303
f 410/1354/934 1261/1355/1303 1262/1356/1304
f 410/1354/934 1262/1356/1304 411/1357/942
f 411/1357/942 1262/1356/1304 1263/1358/1305
f 411/1357/942 1263/1358/1305 412/1359/950
f 412/1359/950 1263/1358/1305 1264/1360/1306
f 412/1359/950 1264/1360/1306 413/1361/958
f 413/1361/958 1264/1360/1306 1265/1362/1307
f 413/1361/958 1265/1362/1307 1266/1363/1308
f 1267/1364/1309 1309/1365/1310 1266/1363/1308
f 1266/1363/1308 1309/1365/1310 414/1366/966
f 1266/1363/1308 414/1366/966 413/1361/958
f 1309/1365/1310 1267/1364/1309 1308/1367/1311
f 1308/1367/1311 1267/1364/1309 1268/1368/1312
f 1308/1367/1311 1268/1368/1312 1307/1369/1313
f 1307/1369/1313 1268/1368/1312 1269/1370/1314
f 1307/1369/1313 1269/1370/1314 1306/1371/1315
f 1306/1371/1315 1269/1370/1314 1305/1372/1316
f 1305/1372/1316 1269/1370/1314 1270/1373/1317
f 1305/1372/1316 1270/1373/1317 1304/1374/1318
f 1304/1374/1318 1270/1373/1317 1271/1375/1319
f 1304/1374/1318 1271/1375/1319 1303/1376/1320
f 1303/1376/1320 1271/1375/1319 1272/1377/1321
f 1303/1376/1320 1272/1377/1321 1302/1378/1322
f 1302/1378/1322 1272/1377/1321 1301/1379/1323
f 1301/1379/1323 1272/1377/1321 1273/1380/1324
f 1301/1379/1323 1273/1380/1324 1300/1381/1325
f 1300/1381/1325 1273/1380/1324 1274/1382/1326
f 1300/1381/1325 1274/1382/1326 1299/1383/1327
f 1299/1383/1327 1274/1382/1326 1298/1384/1328
f 1298/1384/1328 1274/1382/1326 1275/1385/1329
f 1298/1384/1328 1275/1385/1329 1297/1386/1330
f 1297/1386/1330 1275/1385/1329 1276/1387/1331
f 1297/1386/1330 1276/1387/1331 1296/1388/1332
f 1296/1388/1332 1276/1387/1331 1295/1389/1333
f 1295/1389/1333 1276/1387/1331 1294/1390/1334
f 1294/1390/1334 1276/1387/1331 1293/1391/1335
f 1293/1391/1335 1276/1387/1331 1277/1392/1336
f 1293/1391/1335 1277/1392/1336 1292/1393/1337
f 1292/1393/1337 1277/1392/1336 426/1394/1018
f 1292/1393/1337 426/1394/1018 1291/1395/1338
f 1291/1395/1338 426/1394/1018 425/1396/1010
f 1291/1395/1338 425/1396/1010 1290/1397/1339
f 1290/1397/1339 425/1396/1010 424/1398/1002
f 1290/1397/1339 424/1398/1002 1289/1399/1340
f 1289/1399/1340 424/1398/1002 423/1400/994
f 1289/1399/1340 423/1400/994 1288/1401/1341
f 1288/1401/1341 423/1400/994 422/1402/426
f 1288/1401/1341 422/1402/426 1287/1403/1342
f 1287/1403/1342 422/1402/426 1286/1404/1343
f 1286/1404/1343 422/1402/426 421/1405/427
f 1286/1404/1343 421/1405/427 1285/1406/1344
f 1285/1406/1344 421/1405/427 1320/1407/1345
f 1320/1407/1345 421/1405/427 420/1408/993
f 1320/1407/1345 420/1408/993 1319/1409/1346
f 1319/1409/1346 420/1408/993 1318/1410/1347
f 1318/1410/1347 420/1408/993 419/1411/991
f 1318/1410/1347 419/1411/991 1317/1412/1348
f 1317/1412/1348 419/1411/991 418/1413/988
f 1317/1412/1348 418/1413/988 1316/1414/1349
f 1316/1414/1349 418/1413/988 1315/1415/1350
f 1315/1415/1350 418/1413/988 417/1416/984
f 1315/1415/1350 417/1416/984 1314/1417/1351
f 1314/1417/1351 417/1416/984 1313/1418/1352
f 1313/1418/1352 417/1416/984 416/1419/979
f 1313/1418/1352 416/1419/979 1312/1420/1353
f 1312/1420/1353 416/1419/979 415/1421/973
f 1312/1420/1353 415/1421/973 1311/1422/1354
f 1311/1422/1354 415/1421/973 1310/1423/1355
f 1310/1423/1355 415/1421/973 414/1366/966
f 1310/1423/1355 414/1366/966 1309/1365/1310
f 1278/1424/1356 431/1199/1058 1277/1392/1336
f 1277/1392/1336 431/1199/1058 430/1425/1050
f 1277/1392/1336 430/1425/1050 429/1426/1042
f 1278/1424/1356 1279/1427/1357 431/1199/1058
f 431/1199/1058 1279/1427/1357 1280/1428/1358
f 431/1199/1058 1280/1428/1358 1281/1429/1359
f 1281/1429/1359 1282/1430/1360 431/1199/1058
f 431/1199/1058 1282/1430/1360 1283/1431/1361
f 431/1199/1058 1283/1431/1361 1284/1432/1362
f 1284/1432/1362 4/1197/1186 431/1199/1058
f 1333/1209/1191 1334/1433/1363 442/1207/1102
f 442/1207/1102 1334/1433/1363 443/1434/1110
f 443/1434/1110 1334/1433/1363 1335/1435/1364
f 443/1434/1110 1335/1435/1364 444/1436/1118
f 444/1436/1118 1335/1435/1364 1336/1437/1365
f 444/1436/1118 1336/1437/1365 445/1438/1126
f 445/1438/1126 1336/1437/1365 1337/1439/1366
f 445/1438/1126 1337/1439/1366 1338/1440/1367
f 445/1438/1126 1338/1440/1367 446/1441/1134
f 446/1441/1134 1338/1440/1367 1339/1442/1368
f 446/1441/1134 1339/1442/1368 1340/1443/1369
f 446/1441/1134 1340/1443/1369 447/1444/1142
f 447/1444/1142 1340/1443/1369 1341/1445/1370
f 447/1444/1142 1341/1445/1370 1342/1446/1371
f 447/1444/1142 1342/1446/1371 448/1447/1150
f 448/1447/1150 1342/1446/1371 1343/1448/1372
f 448/1447/1150 1343/1448/1372 449/1449/1158
f 449/1449/1158 1343/1448/1372 1344/1450/1373
f 449/1449/1158 1344/1450/1373 1345/1451/1374
f 449/1449/1158 1345/1451/1374 450/1452/1165
f 450/1452/1165 1345/1451/1374 1346/1453/1375
f 450/1452/1165 1346/1453/1375 1347/1454/1376
f 450/1452/1165 1347/1454/1376 451/1455/1171
f 451/1455/1171 1347/1454/1376 1348/1456/1377
f 451/1455/1171 1348/1456/1377 452/1457/1176
f 452/1457/1176 1348/1456/1377 1349/1458/1378
f 452/1457/1176 1349/1458/1378 1350/1459/1379
f 452/1457/1176 1350/1459/1379 453/1243/1180
f 453/1243/1180 1350/1459/1379 1351/1241/1223
f 1357/1286/1250 1358/1460/1380 385/1287/801
f 385/1287/801 1358/1460/1380 386/1461/599
f 386/1461/599 1358/1460/1380 1359/1462/1381
f 386/1461/599 1359/1462/1381 1360/1463/1382
f 386/1461/599 1360/1463/1382 387/1464/598
f 387/1464/598 1360/1463/1382 1361/1465/1383
f 387/1464/598 1361/1465/1383 388/1466/802
f 388/1466/802 1361/1465/1383 1362/1467/1384
f 388/1466/802 1362/1467/1384 1363/1468/1385
f 388/1466/802 1363/1468/1385 389/1469/810
f 389/1469/810 1363/1468/1385 1364/1470/1386
f 389/1469/810 1364/1470/1386 390/1471/818
f 390/1471/818 1364/1470/1386 1365/1472/1387
f 390/1471/818 1365/1472/1387 1366/1473/1388
f 390/1471/818 1366/1473/1388 391/1474/826
f 391/1474/826 1366/1473/1388 1367/1475/1389
f 391/1474/826 1367/1475/1389 1368/1476/1390
f 391/1474/826 1368/1476/1390 392/1477/834
f 392/1477/834 1368/1476/1390 1369/1478/1391
f 392/1477/834 1369/1478/1391 393/1479/842
f 393/1479/842 1369/1478/1391 1370/1480/1392
f 393/1479/842 1370/1480/1392 1371/1481/1393
f 393/1479/842 1371/1481/1393 394/1482/850
f 394/1482/850 1371/1481/1393 1372/1483/1394
f 394/1482/850 1372/1483/1394 395/1484/858
f 395/1484/858 1372/1483/1394 1373/1485/1395
f 395/1484/858 1373/1485/1395 1374/1486/1396
f 395/1484/858 1374/1486/1396 396/1322/866
f 396/1322/866 1374/1486/1396 1375/1320/1283
f 438/1203/342 437/1487/1085 3/1195/1185
f 3/1195/1185 437/1487/1085 436/1488/1083
f 3/1195/1185 436/1488/1083 435/1489/1080
f 435/1489/1080 434/1490/1076 3/1195/1185
f 3/1195/1185 434/1490/1076 433/1196/1071
f 429/1426/1042 428/1491/1034 1277/1392/1336
f 1277/1392/1336 428/1491/1034 427/1492/1026
f 1277/1392/1336 427/1492/1026 426/1394/1018
f 287/1493/1397 1358/1494/1398 252/1495/1399
f 252/1495/1399 1358/1494/1398 1357/1496/1400
f 252/1497/1399 1357/1498/1400 253/1499/1401
f 253/1499/1401 1357/1498/1400 1392/1500/1402
f 253/1499/1401 1392/1500/1402 254/1501/1403
f 254/1501/1403 1392/1500/1402 1391/1502/1404
f 254/1501/1403 1391/1502/1404 255/1503/1405
f 255/1503/1405 1391/1502/1404 1390/1504/1406
f 255/1503/1405 1390/1504/1406 256/1505/1407
f 256/1505/1407 1390/1504/1406 1389/1506/1408
f 256/1505/1407 1389/1506/1408 257/1507/1409
f 257/1507/1409 1389/1506/1408 1388/1508/1410
f 257/1507/1409 1388/1508/1410 258/1509/1411
f 258/1509/1411 1388/1508/1410 1387/1510/1412
f 258/1509/1411 1387/1510/1412 259/1511/1413
f 259/1511/1413 1387/1510/1412 1386/1512/1414
f 259/1511/1413 1386/1512/1414 260/1513/1415
f 260/1513/1415 1386/1512/1414 1385/1514/1416
f 260/1513/1415 1385/1514/1416 261/1515/1417
f 261/1515/1417 1385/1514/1416 1384/1516/1418
f 261/1515/1417 1384/1516/1418 262/1517/1419
f 262/1517/1419 1384/1516/1418 1383/1518/1420
f 262/1517/1419 1383/1518/1420 263/1519/1421
f 263/1519/1421 1383/1518/1420 1382/1520/1422
f 263/1519/1421 1382/1520/1422 264/1521/1423
f 264/1521/1423 1382/1520/1422 1381/1522/1424
f 264/1521/1423 1381/1522/1424 265/1523/1425
f 265/1523/1425 1381/1522/1424 1380/1524/1426
f 265/1523/1425 1380/1524/1426 266/1525/1427
f 266/1525/1427 1380/1524/1426 1379/1526/1428
f 266/1525/1427 1379/1526/1428 267/1527/1429
f 267/1527/1429 1379/1526/1428 1378/1528/1430
f 267/1527/1429 1378/1528/1430 268/1529/1431
f 268/1529/1431 1378/1528/1430 1377/1530/1432
f 268/1529/1431 1377/1530/1432 269/1531/1433
f 269/1531/1433 1377/1530/1432 1376/1532/1434
f 269/1531/1433 1376/1532/1434 270/1533/1435
f 270/1533/1435 1376/1532/1434 1375/1534/1436
f 270/1533/1435 1375/1534/1436 271/1535/1437
f 271/1535/1437 1375/1534/1436 1374/1536/1438
f 271/1535/1437 1374/1536/1438 272/1537/1439
f 272/1537/1439 1374/1536/1438 1373/1538/1440
f 272/1537/1439 1373/1538/1440 273/1539/1441
f 273/1539/1441 1373/1538/1440 1372/1540/1442
f 273/1539/1441 1372/1540/1442 274/1541/1443
f 274/1541/1443 1372/1540/1442 1371/1542/1444
f 274/1541/1443 1371/1542/1444 275/1543/1445
f 275/1543/1445 1371/1542/1444 1370/1544/1446
f 275/1543/1445 1370/1544/1446 276/1545/1447
f 276/1545/1447 1370/1544/1446 1369/1546/1448
f 276/1545/1447 1369/1546/1448 277/1547/1449
f 277/1547/1449 1369/1546/1448 1368/1548/1450
f 277/1547/1449 1368/1548/1450 278/1549/1451
f 278/1549/1451 1368/1548/1450 1367/1550/1452
f 278/1549/1451 1367/1550/1452 279/1551/1453
f 279/1551/1453 1367/1550/1452 1366/1552/1454
f 279/1551/1453 1366/1552/1454 280/1553/1455
f 280/1553/1455 1366/1552/1454 1365/1554/1456
f 280/1553/1455 1365/1554/1456 281/1555/1457
f 281/1555/1457 1365/1554/1456 1364/1556/1458
f 281/1555/1457 1364/1556/1458 282/1557/1459
f 282/1557/1459 1364/1556/1458 1363/1558/1460
f 282/1557/1459 1363/1558/1460 283/1559/1461
f 283/1559/1461 1363/1558/1460 1362/1560/1462
f 283/1559/1461 1362/1560/1462 284/1561/1463
f 284/1561/1463 1362/1560/1462 1361/1562/1464
f 284/1561/1463 1361/1562/1464 285/1563/1465
f 285/1563/1465 1361/1562/1464 1360/1564/1466
f 285/1563/1465 1360/1564/1466 286/1565/1467
f 286/1565/1467 1360/1564/1466 1359/1566/1468
f 286/1565/1467 1359/1566/1468 287/1493/1397
f 287/1493/1397 1359/1566/1468 1358/1494/1398
f 251/1567/1469 1322/1568/1470 216/1569/1471
f 216/1569/1471 1322/1568/1470 1321/1570/1472
f 216/1571/1471 1321/1572/1472 217/1573/1473
f 217/1573/1473 1321/1572/1472 1356/1574/1474
f 217/1573/1473 1356/1574/1474 218/1575/1475
f 218/1575/1475 1356/1574/1474 1355/1576/1476
f 218/1575/1475 1355/1576/1476 219/1577/1477
f 219/1577/1477 1355/1576/1476 1354/1578/1478
f 219/1577/1477 1354/1578/1478 220/1579/1479
f 220/1579/1479 1354/1578/1478 1353/1580/1480
f 220/1579/1479 1353/1580/1480 221/1581/1481
f 221/1581/1481 1353/1580/1480 1352/1582/1482
f 221/1581/1481 1352/1582/1482 222/1583/1483
f 222/1583/1483 1352/1582/1482 1351/1584/1484
f 222/1583/1483 1351/1584/1484 223/1585/1485
f 223/1585/1485 1351/1584/1484 1350/1586/1486
f 223/1585/1485 1350/1586/1486 224/1587/1487
f 224/1587/1487 1350/1586/1486 1349/1588/1488
f 224/1587/1487 1349/1588/1488 225/1589/1489
f 225/1589/1489 1349/1588/1488 1348/1590/1490
f 225/1589/1489 1348/1590/1490 226/1591/1491
f 226/1591/1491 1348/1590/1490 1347/1592/1492
f 226/1591/1491 1347/1592/1492 227/1593/1493
f 227/1593/1493 1347/1592/1492 1346/1594/1494
f 227/1593/1493 1346/1594/1494 228/1595/1495
f 228/1595/1495 1346/1594/1494 1345/1596/1496
f 228/1595/1495 1345/1596/1496 229/1597/1497
f 229/1597/1497 1345/1596/1496 1344/1598/1498
f 229/1597/1497 1344/1598/1498 230/1599/1499
f 230/1599/1499 1344/1598/1498 1343/1600/1500
f 230/1599/1499 1343/1600/1500 231/1601/1501
f 231/1601/1501 1343/1600/1500 1342/1602/1502
f 231/1601/1501 1342/1602/1502 232/1603/1503
f 232/1603/1503 1342/1602/1502 1341/1604/1504
f 232/1603/1503 1341/1604/1504 233/1605/1505
f 233/1605/1505 1341/1604/1504 1340/1606/1506
f 233/1605/1505 1340/1606/1506 234/1607/1507
f 234/1607/1507 1340/1606/1506 1339/1608/1508
f 234/1607/1507 1339/1608/1508 235/1609/1509
f 235/1609/1509 1339/1608/1508 1338/1610/1510
f 235/1609/1509 1338/1610/1510 236/1611/1511
f 236/1611/1511 1338/1610/1510 1337/1612/1512
f 236/1611/1511 1337/1612/1512 237/1613/1513
f 237/1613/1513 1337/1612/1512 1336/1614/1514
f 237/1613/1513 1336/1614/1514 238/1615/1515
f 238/1615/1515 1336/1614/1514 1335/1616/1516
f 238/1615/1515 1335/1616/1516 239/1617/1517
f 239/1617/1517 1335/1616/1516 1334/1618/1518
f 239/1617/1517 1334/1618/1518 240/1619/1519
f 240/1619/1519 1334/1618/1518 1333/1620/1520
f 240/1619/1519 1333/1620/1520 241/1621/1521
f 241/1621/1521 1333/1620/1520 1332/1622/1522
f 241/1621/1521 1332/1622/1522 242/1623/1523
f 242/1623/1523 1332/1622/1522 1331/1624/1524
f 242/1623/1523 1331/1624/1524 243/1625/1525
f 243/1625/1525 1331/1624/1524 1330/1626/1526
f 243/1625/1525 1330/1626/1526 244/1627/1527
f 244/1627/1527 1330/1626/1526 1329/1628/1528
f 244/1627/1527 1329/1628/1528 245/1629/1529
f 245/1629/1529 1329/1628/1528 1328/1630/1530
f 245/1629/1529 1328/1630/1530 246/1631/1531
f 246/1631/1531 1328/1630/1530 1327/1632/1532
f 246/1631/1531 1327/1632/1532 247/1633/1533
f 247/1633/1533 1327/1632/1532 1326/1634/1534
f 247/1633/1533 1326/1634/1534 248/1635/1535
f 248/1635/1535 1326/1634/1534 1325/1636/1536
f 248/1635/1535 1325/1636/1536 249/1637/1537
f 249/1637/1537 1325/1636/1536 1324/1638/1538
f 249/1637/1537 1324/1638/1538 250/1639/1539
f 250/1639/1539 1324/1638/1538 1323/1640/1540
f 250/1639/1539 1323/1640/1540 251/1567/1469
f 251/1567/1469 1323/1640/1540 1322/1568/1470
f 215/1641/1541 1286/1642/1542 180/1643/1543
f 180/1643/1543 1286/1642/1542 1285/1644/1544
f 180/1645/1543 1285/1646/1544 181/1647/1545
f 181/1647/1545 1285/1646/1544 1320/1648/1546
f 181/1647/1545 1320/1648/1546 182/1649/1547
f 182/1649/1547 1320/1648/1546 1319/1650/1548
f 182/1649/1547 1319/1650/1548 183/1651/1549
f 183/1651/1549 1319/1650/1548 1318/1652/1550
f 183/1651/1549 1318/1652/1550 184/1653/1551
f 184/1653/1551 1318/1652/1550 1317/1654/1552
f 184/1653/1551 1317/1654/1552 185/1655/1553
f 185/1655/1553 1317/1654/1552 1316/1656/1554
f 185/1655/1553 1316/1656/1554 186/1657/1555
f 186/1657/1555 1316/1656/1554 1315/1658/1556
f 186/1657/1555 1315/1658/1556 187/1659/1557
f 187/1659/1557 1315/1658/1556 1314/1660/1558
f 187/1659/1557 1314/1660/1558 188/1661/1559
f 188/1661/1559 1314/1660/1558 1313/1662/1560
f 188/1661/1559 1313/1662/1560 189/1663/1561
f 189/1663/1561 1313/1662/1560 1312/1664/1562
f 189/1663/1561 1312/1664/1562 190/1665/1563
f 190/1665/1563 1312/1664/1562 1311/1666/1564
f 190/1665/1563 1311/1666/1564 191/1667/1565
f 191/1667/1565 1311/1666/1564 1310/1668/1566
f 191/1667/1565 1310/1668/1566 192/1669/1567
f 192/1669/1567 1310/1668/1566 1309/1670/1568
f 192/1669/1567 1309/1670/1568 193/1671/1569
f 193/1671/1569 1309/1670/1568 1308/1672/1570
f 193/1671/1569 1308/1672/1570 194/1673/1571
f 194/1673/1571 1308/1672/1570 1307/1674/1572
f 194/1673/1571 1307/1674/1572 195/1675/1573
f 195/1675/1573 1307/1674/1572 1306/1676/1574
f 195/1675/1573 1306/1676/1574 196/1677/1575
f 196/1677/1575 1306/1676/1574 1305/1678/1576
f 196/1677/1575 1305/1678/1576 197/1679/1577
f 197/1679/1577 1305/1678/1576 1304/1680/1578
f 197/1679/1577 1304/1680/1578 198/1681/1579
f 198/1681/1579 1304/1680/1578 1303/1682/1580
f 198/1681/1579 1303/1682/1580 199/1683/1581
f 199/1683/1581 1303/1682/1580 1302/1684/1582
f 199/1683/1581 1302/1684/1582 200/1685/1583
f 200/1685/1583 1302/1684/1582 1301/1686/1584
f 200/1685/1583 1301/1686/1584 201/1687/1585
f 201/1687/1585 1301/1686/1584 1300/1688/1586
f 201/1687/1585 1300/1688/1586 202/1689/1587
f 202/1689/1587 1300/1688/1586 1299/1690/1588
f 202/1689/1587 1299/1690/1588 203/1691/1589
f 203/1691/1589 1299/1690/1588 1298/1692/1590
f 203/1691/1589 1298/1692/1590 204/1693/1591
f 204/1693/1591 1298/1692/1590 1297/1694/1592
f 204/1693/1591 1297/1694/1592 205/1695/1593
f 205/1695/1593 1297/1694/1592 1296/1696/1594
f 205/1695/1593 1296/1696/1594 206/1697/1595
f 206/1697/1595 1296/1696/1594 1295/1698/1596
f 206/1697/1595 1295/1698/1596 207/1699/1597
f 207/1699/1597 1295/1698/1596 1294/1700/1598
f 207/1699/1597 1294/1700/1598 208/1701/1599
f 208/1701/1599 1294/1700/1598 1293/1702/1600
f 208/1701/1599 1293/1702/1600 209/1703/1601
f 209/1703/1601 1293/1702/1600 1292/1704/1602
f 209/1703/1601 1292/1704/1602 210/1705/1603
f 210/1705/1603 1292/1704/1602 1291/1706/1604
f 210/1705/1603 1291/1706/1604 211/1707/1605
f 211/1707/1605 1291/1706/1604 1290/1708/1606
f 211/1707/1605 1290/1708/1606 212/1709/1607
f 212/1709/1607 1290/1708/1606 1289/1710/1608
f 212/1709/1607 1289/1710/1608 213/1711/1609
f 213/1711/1609 1289/1710/1608 1288/1712/1610
f 213/1711/1609 1288/1712/1610 214/1713/1611
f 214/1713/1611 1288/1712/1610 1287/1714/1612
f 214/1713/1611 1287/1714/1612 215/1641/1541
f 215/1641/1541 1287/1714/1612 1286/1642/1542
f 3/1715/1613 2/1716/1614 1183/1717/1615
f 1183/1717/1615 2/1716/1614 106/1718/1616
f 1183/1717/1615 106/1718/1616 1184/1719/1617
f 1184/1719/1617 106/1718/1616 105/1720/1618
f 1184/1719/1617 105/1720/1618 1185/1721/1619
f 1185/1721/1619 105/1720/1618 104/1722/1620
f 1185/1721/1619 104/1722/1620 1186/1723/1621
f 1186/1723/1621 104/1722/1620 103/1724/1622
f 1186/1723/1621 103/1724/1622 1187/1725/1623
f 1187/1725/1623 103/1724/1622 102/1726/1624
f 1187/1725/1623 102/1726/1624 1188/1727/1625
f 1188/1727/1625 102/1726/1624 101/1728/1626
f 1188/1727/1625 101/1728/1626 1189/1729/1627
f 1189/1729/1627 101/1728/1626 100/1730/1628
f 1189/1729/1627 100/1730/1628 1190/1731/1629
f 1190/1731/1629 100/1730/1628 99/1732/1630
f 1190/1731/1629 99/1732/1630 1191/1733/1631
f 1191/1733/1631 99/1732/1630 98/1734/1632
f 1191/1733/1631 98/1734/1632 1192/1735/1633
f 1192/1735/1633 98/1734/1632 97/1736/1634
f 1192/1735/1633 97/1736/1634 1193/1737/1635
f 1193/1737/1635 97/1736/1634 96/1738/1636
f 1193/1737/1635 96/1738/1636 1194/1739/1637
f 1194/1739/1637 96/1738/1636 95/1740/1638
f 1194/1739/1637 95/1740/1638 1195/1741/1639
f 1195/1741/1639 95/1740/1638 94/1742/1640
f 1195/1741/1639 94/1742/1640 1196/1743/1641
f 1196/1743/1641 94/1742/1640 93/1744/1642
f 1196/1743/1641 93/1744/1642 1197/1745/1643
f 1197/1745/1643 93/1744/1642 92/1746/1644
f 1197/1745/1643 92/1746/1644 1198/1747/1645
f 1198/1747/1645 92/1746/1644 91/1748/1646
f 1198/1747/1645 91/1748/1646 1199/1749/1647
f 1199/1749/1647 91/1748/1646 90/1750/1648
f 1199/1749/1647 90/1750/1648 1200/1751/1649
f 1200/1751/1649 90/1750/1648 89/1752/1650
f 1200/1751/1649 89/1752/1650 1201/1753/1651
f 1201/1753/1651 89/1752/1650 88/1754/1652
f 1201/1753/1651 88/1754/1652 1202/1755/1653
f 1202/1755/1653 88/1754/1652 87/1756/1654
f 1202/1755/1653 87/1756/1654 1203/1757/1655
f 1203/1757/1655 87/1756/1654 86/1758/1656
f 1203/1757/1655 86/1758/1656 1204/1759/1657
f 1204/1759/1657 86/1758/1656 85/1760/1658
f 1204/1759/1657 85/1760/1658 1205/1761/1659
f 1205/1761/1659 85/1760/1658 84/1762/1660
f 1205/1761/1659 84/1762/1660 1206/1763/1661
f 1206/1763/1661 84/1762/1660 83/1764/1662
f 1206/1763/1661 83/1764/1662 1207/1765/1663
f 1207/1765/1663 83/1764/1662 82/1766/1664
f 1207/1765/1663 82/1766/1664 1208/1767/1665
f 1208/1767/1665 82/1766/1664 81/1768/1666
f 1208/1767/1665 81/1768/1666 1209/1769/1667
f 1209/1769/1667 81/1768/1666 80/1770/1668
f 1209/1769/1667 80/1770/1668 1210/1771/1669
f 1210/1771/1669 80/1770/1668 79/1772/1670
f 1210/1771/1669 79/1772/1670 1211/1773/1671
f 1211/1773/1671 79/1772/1670 78/1774/1672
f 1211/1773/1671 78/1774/1672 1212/1775/1673
f 1212/1775/1673 78/1774/1672 77/1776/1674
f 1212/1775/1673 77/1776/1674 1213/1777/1675
f 1213/1777/1675 77/1776/1674 76/1778/1676
f 1213/1777/1675 76/1778/1676 1214/1779/1677
f 1214/1779/1677 76/1778/1676 75/1780/1678
f 1214/1779/1677 75/1780/1678 1215/1781/1679
f 1215/1781/1679 75/1780/1678 74/1782/1680
f 1215/1781/1679 74/1782/1680 1216/1783/1681
f 1216/1783/1681 74/1782/1680 73/1784/1682
f 1216/1783/1681 73/1784/1682 1217/1785/1683
f 1217/1785/1683 73/1784/1682 72/1786/1684
f 1217/1785/1683 72/1786/1684 1218/1787/1685
f 1218/1787/1685 72/1786/1684 71/1788/1686
f 1218/1787/1685 71/1788/1686 1219/1789/1687
f 1219/1789/1687 71/1788/1686 70/1790/1688
f 1219/1789/1687 70/1790/1688 1220/1791/1689
f 1220/1791/1689 70/1790/1688 69/1792/1690
f 1220/1791/1689 69/1792/1690 1221/1793/1691
f 1221/1793/1691 69/1792/1690 68/1794/1692
f 1221/1793/1691 68/1794/1692 1222/1795/1693
f 1222/1795/1693 68/1794/1692 67/1796/1694
f 1222/1795/1693 67/1796/1694 1223/1797/1695
f 1223/1797/1695 67/1796/1694 66/1798/1696
f 1223/1797/1695 66/1798/1696 1224/1799/1697
f 1224/1799/1697 66/1798/1696 65/1800/1698
f 1224/1799/1697 65/1800/1698 1225/1801/1699
f 1225/1801/1699 65/1800/1698 64/1802/1700
f 1225/1801/1699 64/1802/1700 1226/1803/1701
f 1226/1803/1701 64/1802/1700 63/1804/1702
f 1226/1803/1701 63/1804/1702 1227/1805/1703
f 1227/1805/1703 63/1804/1702 62/1806/1704
f 1227/1805/1703 62/1806/1704 1228/1807/1705
f 1228/1807/1705 62/1806/1704 61/1808/1706
f 1228/1807/1705 61/1808/1706 1229/1809/1707
f 1229/1809/1707 61/1808/1706 60/1810/1708
f 1229/1809/1707 60/1810/1708 1230/1811/1709
f 1230/1811/1709 60/1810/1708 59/1812/1710
f 1230/1811/1709 59/1812/1710 1231/1813/1711
f 1231/1813/1711 59/1812/1710 58/1814/1712
f 1231/1813/1711 58/1814/1712 1232/1815/1713
f 1232/1815/1713 58/1814/1712 57/1816/1714
f 1232/1815/1713 57/1816/1714 1233/1817/1715
f 1233/1817/1715 57/1816/1714 56/1818/1716
f 1233/1817/1715 56/1818/1716 1234/1819/1717
f 1234/1819/1717 56/1818/1716 55/1820/1718
f 1234/1819/1717 55/1820/1718 1235/1821/1719
f 1235/1821/1719 55/1820/1718 54/1822/1720
f 1235/1821/1719 54/1822/1720 1236/1823/1721
f 1236/1823/1721 54/1822/1720 53/1824/1722
f 1236/1823/1721 53/1824/1722 1237/1825/1723
f 1237/1825/1723 53/1824/1722 52/1826/1724
f 1237/1825/1723 52/1826/1724 1238/1827/1725
f 1238/1827/1725 52/1826/1724 51/1828/1726
f 1238/1827/1725 51/1828/1726 1239/1829/1727
f 1239/1829/1727 51/1828/1726 50/1830/1728
f 1239/1829/1727 50/1830/1728 1240/1831/1729
f 1240/1831/1729 50/1830/1728 49/1832/1730
f 1240/1831/1729 49/1832/1730 1241/1833/1731
f 1241/1833/1731 49/1832/1730 48/1834/1732
f 1241/1833/1731 48/1834/1732 1242/1835/1733
f 1242/1835/1733 48/1834/1732 47/1836/1734
f 1242/1835/1733 47/1836/1734 1243/1837/1735
f 1243/1837/1735 47/1836/1734 46/1838/1736
f 1243/1837/1735 46/1838/1736 1244/1839/1737
f 1244/1839/1737 46/1838/1736 45/1840/1738
f 1244/1839/1737 45/1840/1738 1245/1841/1739
f 1245/1841/1739 45/1840/1738 44/1842/1740
f 1245/1841/1739 44/1842/1740 1246/1843/1741
f 1246/1843/1741 44/1842/1740 43/1844/1742
f 1246/1843/1741 43/1844/1742 1247/1845/1743
f 1247/1845/1743 43/1844/1742 42/1846/1744
f 1247/1845/1743 42/1846/1744 1248/1847/1745
f 1248/1847/1745 42/1846/1744 41/1848/1746
f 1248/1847/1745 41/1848/1746 1249/1849/1747
f 1249/1849/1747 41/1848/1746 40/1850/1748
f 1249/1849/1747 40/1850/1748 1250/1851/1749
f 1250/1851/1749 40/1850/1748 39/1852/1750
f 1250/1851/1749 39/1852/1750 1251/1853/1751
f 1251/1853/1751 39/1852/1750 38/1854/1752
f 1251/1853/1751 38/1854/1752 1252/1855/1753
f 1252/1855/1753 38/1854/1752 37/1856/1754
f 1252/1855/1753 37/1856/1754 1253/1857/1755
f 1253/1857/1755 37/1856/1754 36/1858/1756
f 1253/1857/1755 36/1858/1756 1254/1859/1757
f 1254/1859/1757 36/1858/1756 35/1860/1758
f 1254/1859/1757 35/1860/1758 1255/1861/1759
f 1255/1861/1759 35/1860/1758 34/1862/1760
f 1255/1861/1759 34/1862/1760 1256/1863/1761
f 1256/1863/1761 34/1862/1760 33/1864/1762
f 1256/1863/1761 33/1864/1762 1257/1865/1763
f 1257/1865/1763 33/1864/1762 32/1866/1764
f 1257/1865/1763 32/1866/1764 1258/1867/1765
f 1258/1867/1765 32/1866/1764 31/1868/1766
f 1258/1867/1765 31/1868/1766 1259/1869/1767
f 1259/1869/1767 31/1868/1766 30/1870/1768
f 1259/1869/1767 30/1870/1768 1260/1871/1769
f 1260/1871/1769 30/1870/1768 29/1872/1770
f 1260/1871/1769 29/1872/1770 1261/1873/1771
f 1261/1873/1771 29/1872/1770 28/1874/1772
f 1261/1873/1771 28/1874/1772 1262/1875/1773
f 1262/1875/1773 28/1874/1772 27/1876/1774
f 1262/1875/1773 27/1876/1774 1263/1877/1775
f 1263/1877/1775 27/1876/1774 26/1878/1776
f 1263/1877/1775 26/1878/1776 1264/1879/1777
f 1264/1879/1777 26/1878/1776 25/1880/1778
f 1264/1879/1777 25/1880/1778 1265/1881/1779
f 1265/1881/1779 25/1880/1778 24/1882/1780
f 1265/1881/1779 24/1882/1780 1266/1883/1781
f 1266/1883/1781 24/1882/1780 23/1884/1782
f 1266/1883/1781 23/1884/1782 1267/1885/1783
f 1267/1885/1783 23/1884/1782 22/1886/1784
f 1267/1885/1783 22/1886/1784 1268/1887/1785
f 1268/1887/1785 22/1886/1784 21/1888/1786
f 1268/1887/1785 21/1888/1786 1269/1889/1787
f 1269/1889/1787 21/1888/1786 20/1890/1788
f 1269/1889/1787 20/1890/1788 1270/1891/1789
f 1270/1891/1789 20/1890/1788 19/1892/1790
f 1270/1891/1789 19/1892/1790 1271/1893/1791
f 1271/1893/1791 19/1892/1790 18/1894/1792
f 1271/1893/1791 18/1894/1792 1272/1895/1793
f 1272/1895/1793 18/1894/1792 17/1896/1794
f 1272/1895/1793 17/1896/1794 1273/1897/1795
f 1273/1897/1795 17/1896/1794 16/1898/1796
f 1273/1897/1795 16/1898/1796 1274/1899/1797
f 1274/1899/1797 16/1898/1796 15/1900/1798
f 1274/1899/1797 15/1900/1798 1275/1901/1799
f 1275/1901/1799 15/1900/1798 14/1902/1800
f 1275/1901/1799 14/1902/1800 1276/1903/1801
f 1276/1903/1801 14/1902/1800 13/1904/1802
f 1276/1903/1801 13/1904/1802 1277/1905/1803
f 1277/1905/1803 13/1904/1802 12/1906/1804
f 1277/1905/1803 12/1906/1804 1278/1907/1805
f 1278/1907/1805 12/1906/1804 11/1908/1806
f 1278/1907/1805 11/1908/1806 1279/1909/1807
f 1279/1909/1807 11/1908/1806 10/1910/1808
f 1279/1909/1807 10/1910/1808 1280/1911/1809
f 1280/1911/1809 10/1910/1808 9/1912/1810
f 1280/1911/1809 9/1912/1810 1281/1913/1811
f 1281/1913/1811 9/1912/1810 8/1914/1812
f 1281/1913/1811 8/1914/1812 1282/1915/1813
f 1282/1915/1813 8/1914/1812 7/1916/1814
f 1282/1915/1813 7/1916/1814 1283/1917/1815
f 1283/1917/1815 7/1916/1814 6/1918/1816
f 1283/1917/1815 6/1918/1816 1284/1919/1817
f 1284/1919/1817 6/1918/1816 5/1920/1818
f 1284/1919/1817 5/1920/1818 4/1921/1819
f 4/1921/1819 5/1920/1818 1/1922/1820
f 1393/1923/1821 1394/1924/1822 1600/1925/1823
f 1600/1925/1823 1394/1924/1822 1395/1926/1824
f 1600/1925/1823 1395/1926/1824 1599/1927/1825
f 1599/1927/1825 1395/1926/1824 1396/1928/1826
f 1599/1927/1825 1396/1928/1826 1598/1929/1827
f 1598/1929/1827 1396/1928/1826 1397/1930/1828
f 1598/1929/1827 1397/1930/1828 1597/1931/1829
f 1597/1931/1829 1397/1930/1828 1398/1932/1830
f 1597/1931/1829 1398/1932/1830 1596/1933/1831
f 1596/1933/1831 1398/1932/1830 1399/1934/1832
f 1596/1933/1831 1399/1934/1832 1595/1935/1833
f 1595/1935/1833 1399/1934/1832 1400/1936/1834
f 1595/1935/1833 1400/1936/1834 1594/1937/1835
f 1594/1937/1835 1400/1936/1834 1401/1938/1836
f 1594/1937/1835 1401/1938/1836 1593/1939/1837
f 1593/1939/1837 1401/1938/1836 1402/1940/1838
f 1593/1939/1837 1402/1940/1838 1592/1941/1839
f 1592/1941/1839 1402/1940/1838 1403/1942/1840
f 1592/1941/1839 1403/1942/1840 1591/1943/1841
f 1591/1943/1841 1403/1942/1840 1404/1944/1842
f 1591/1943/1841 1404/1944/1842 1590/1945/1843
f 1590/1945/1843 1404/1944/1842 1405/1946/1844
f 1590/1945/1843 1405/1946/1844 1589/1947/1845
f 1589/1947/1845 1405/1946/1844 1406/1948/1846
f 1589/1947/1845 1406/1948/1846 1588/1949/1847
f 1588/1949/1847 1406/1948/1846 1407/1950/1848
f 1588/1949/1847 1407/1950/1848 1587/1951/1849
f 1587/1951/1849 1407/1950/1848 1408/1952/1850
f 1587/1951/1849 1408/1952/1850 1586/1953/1851
f 1586/1953/1851 1408/1952/1850 1409/1954/1852
f 1586/1953/1851 1409/1954/1852 1585/1955/1853
f 1585/1955/1853 1409/1954/1852 1410/1956/1854
f 1585/1955/1853 1410/1956/1854 1584/1957/1855
f 1584/1957/1855 1410/1956/1854 1411/1958/1856
f 1584/1957/1855 1411/1958/1856 1583/1959/1857
f 1583/1959/1857 1411/1958/1856 1412/1960/1858
f 1583/1959/1857 1412/1960/1858 1582/1961/1859
f 1582/1961/1859 1412/1960/1858 1413/1962/1860
f 1582/1961/1859 1413/1962/1860 1581/1963/1861
f 1581/1963/1861 1413/1962/1860 1414/1964/1862
f 1581/1963/1861 1414/1964/1862 1580/1965/1863
f 1580/1965/1863 1414/1964/1862 1415/1966/1864
f 1580/1965/1863 1415/1966/1864 1579/1967/1865
f 1579/1967/1865 1415/1966/1864 1416/1968/1866
f 1579/1967/1865 1416/1968/1866 1578/1969/1867
f 1578/1969/1867 1416/1968/1866 1417/1970/1868
f 1578/1969/1867 1417/1970/1868 1577/1971/1869
f 1577/1971/1869 1417/1970/1868 1418/1972/1870
f 1577/1971/1869 1418/1972/1870 1576/1973/1871
f 1576/1973/1871 1418/1972/1870 1419/1974/1872
f 1576/1973/1871 1419/1974/1872 1575/1975/1873
f 1575/1975/1873 1419/1974/1872 1420/1976/1874
f 1575/1975/1873 1420/1976/1874 1574/1977/1875
f 1574/1977/1875 1420/1976/1874 1421/1978/1876
f 1574/1977/1875 1421/1978/1876 1573/1979/1877
f 1573/1979/1877 1421/1978/1876 1422/1980/1878
f 1573/1979/1877 1422/1980/1878 1572/1981/1879
f 1572/1981/1879 1422/1980/1878 1423/1982/1880
f 1572/1981/1879 1423/1982/1880 1571/1983/1881
f 1571/1983/1881 1423/1982/1880 1424/1984/1882
f 1571/1983/1881 1424/1984/1882 1570/1985/1883
f 1570/1985/1883 1424/1984/1882 1425/1986/1884
f 1570/1985/1883 1425/1986/1884 1569/1987/1885
f 1569/1987/1885 1425/1986/1884 1426/1988/1886
f 1569/1987/1885 1426/1988/1886 1568/1989/1887
f 1568/1989/1887 1426/1988/1886 1427/1990/1888
f 1568/1989/1887 1427/1990/1888 1567/1991/1889
f 1567/1991/1889 1427/1990/1888 1428/1992/1890
f 1567/1991/1889 1428/1992/1890 1566/1993/1891
f 1566/1993/1891 1428/1992/1890 1429/1994/1892
f 1566/1993/1891 1429/1994/1892 1565/1995/1893
f 1565/1995/1893 1429/1994/1892 1430/1996/1894
f 1565/1995/1893 1430/1996/1894 1564/1997/1895
f 1564/1997/1895 1430/1996/1894 1431/1998/1896
f 1564/1997/1895 1431/1998/1896 1563/1999/1897
f 1563/1999/1897 1431/1998/1896 1432/2000/1898
f 1563/1999/1897 1432/2000/1898 1562/2001/1899
f 1562/2001/1899 1432/2000/1898 1433/2002/1900
f 1562/2001/1899 1433/2002/1900 1561/2003/1901
f 1561/2003/1901 1433/2002/1900 1434/2004/1902
f 1561/2003/1901 1434/2004/1902 1560/2005/1903
f 1560/2005/1903 1434/2004/1902 1435/2006/1904
f 1560/2005/1903 1435/2006/1904 1559/2007/1905
f 1559/2007/1905 1435/2006/1904 1436/2008/1906
f 1559/2007/1905 1436/2008/1906 1558/2009/1907
f 1558/2009/1907 1436/2008/1906 1437/2010/1908
f 1558/2009/1907 1437/2010/1908 1557/2011/1909
f 1557/2011/1909 1437/2010/1908 1438/2012/1910
f 1557/2011/1909 1438/2012/1910 1556/2013/1911
f 1556/2013/1911 1438/2012/1910 1439/2014/1912
f 1556/2013/1911 1439/2014/1912 1555/2015/1913
f 1555/2015/1913 1439/2014/1912 1440/2016/1914
f 1555/2015/1913 1440/2016/1914 1554/2017/1915
f 1554/2017/1915 1440/2016/1914 1441/2018/1916
f 1554/2017/1915 1441/2018/1916 1553/2019/1917
f 1553/2019/1917 1441/2018/1916 1442/2020/1918
f 1553/2019/1917 1442/2020/1918 1552/2021/1919
f 1552/2021/1919 1442/2020/1918 1443/2022/1920
f 1552/2021/1919 1443/2022/1920 1551/2023/1921
f 1551/2023/1921 1443/2022/1920 1444/2024/1922
f 1551/2023/1921 1444/2024/1922 1550/2025/1923
f 1550/2025/1923 1444/2024/1922 1445/2026/1924
f 1550/2025/1923 1445/2026/1924 1549/2027/1925
f 1549/2027/1925 1445/2026/1924 1446/2028/1926
f 1549/2027/1925 1446/2028/1926 1548/2029/1927
f 1548/2029/1927 1446/2028/1926 1447/2030/1928
f 1548/2029/1927 1447/2030/1928 1547/2031/1929
f 1547/2031/1929 1447/2030/1928 1448/2032/1930
f 1547/2031/1929 1448/2032/1930 1546/2033/1931
f 1546/2033/1931 1448/2032/1930 1449/2034/1932
f 1546/2033/1931 1449/2034/1932 1545/2035/1933
f 1545/2035/1933 1449/2034/1932 1450/2036/1934
f 1545/2035/1933 1450/2036/1934 1544/2037/1935
f 1544/2037/1935 1450/2036/1934 1451/2038/1936
f 1544/2037/1935 1451/2038/1936 1543/2039/1937
f 1543/2039/1937 1451/2038/1936 1452/2040/1938
f 1543/2039/1937 1452/2040/1938 1542/2041/1939
f 1542/2041/1939 1452/2040/1938 1453/2042/1940
f 1542/2041/1939 1453/2042/1940 1541/2043/1941
f 1541/2043/1941 1453/2042/1940 1454/2044/1942
f 1541/2043/1941 1454/2044/1942 1540/2045/1943
f 1540/2045/1943 1454/2044/1942 1455/2046/1944
f 1540/2045/1943 1455/2046/1944 1539/2047/1945
f 1539/2047/1945 1455/2046/1944 1456/2048/1946
f 1539/2047/1945 1456/2048/1946 1538/2049/1947
f 1538/2049/1947 1456/2048/1946 1457/2050/1948
f 1538/2049/1947 1457/2050/1948 1537/2051/1949
f 1537/2051/1949 1457/2050/1948 1458/2052/1950
f 1537/2051/1949 1458/2052/1950 1536/2053/1951
f 1536/2053/1951 1458/2052/1950 1459/2054/1952
f 1536/2053/1951 1459/2054/1952 1535/2055/1953
f 1535/2055/1953 1459/2054/1952 1460/2056/1954
f 1535/2055/1953 1460/2056/1954 1534/2057/1955
f 1534/2057/1955 1460/2056/1954 1461/2058/1956
f 1534/2057/1955 1461/2058/1956 1533/2059/1957
f 1533/2059/1957 1461/2058/1956 1462/2060/1958
f 1533/2059/1957 1462/2060/1958 1532/2061/1959
f 1532/2061/1959 1462/2060/1958 1463/2062/1960
f 1532/2061/1959 1463/2062/1960 1531/2063/1961
f 1531/2063/1961 1463/2062/1960 1464/2064/1962
f 1531/2063/1961 1464/2064/1962 1530/2065/1963
f 1530/2065/1963 1464/2064/1962 1465/2066/1964
f 1530/2065/1963 1465/2066/1964 1529/2067/1965
f 1529/2067/1965 1465/2066/1964 1466/2068/1966
f 1529/2067/1965 1466/2068/1966 1528/2069/1967
f 1528/2069/1967 1466/2068/1966 1467/2070/1968
f 1528/2069/1967 1467/2070/1968 1527/2071/1969
f 1527/2071/1969 1467/2070/1968 1468/2072/1970
f 1527/2071/1969 1468/2072/1970 1526/2073/1971
f 1526/2073/1971 1468/2072/1970 1469/2074/1972
f 1526/2073/1971 1469/2074/1972 1525/2075/1973
f 1525/2075/1973 1469/2074/1972 1470/2076/1974
f 1525/2075/1973 1470/2076/1974 1524/2077/1975
f 1524/2077/1975 1470/2076/1974 1471/2078/1976
f 1524/2077/1975 1471/2078/1976 1523/2079/1977
f 1523/2079/1977 1471/2078/1976 1472/2080/1978
f 1523/2079/1977 1472/2080/1978 1522/2081/1979
f 1522/2081/1979 1472/2080/1978 1473/2082/1980
f 1522/2081/1979 1473/2082/1980 1521/2083/1981
f 1521/2083/1981 1473/2082/1980 1474/2084/1982
f 1521/2083/1981 1474/2084/1982 1520/2085/1983
f 1520/2085/1983 1474/2084/1982 1475/2086/1984
f 1520/2085/1983 1475/2086/1984 1519/2087/1985
f 1519/2087/1985 1475/2086/1984 1476/2088/1986
f 1519/2087/1985 1476/2088/1986 1518/2089/1987
f 1518/2089/1987 1476/2088/1986 1477/2090/1988
f 1518/2089/1987 1477/2090/1988 1517/2091/1989
f 1517/2091/1989 1477/2090/1988 1478/2092/1990
f 1517/2091/1989 1478/2092/1990 1516/2093/1991
f 1516/2093/1991 1478/2092/1990 1479/2094/1992
f 1516/2093/1991 1479/2094/1992 1515/2095/1993
f 1515/2095/1993 1479/2094/1992 1480/2096/1994
f 1515/2095/1993 1480/2096/1994 1514/2097/1995
f 1514/2097/1995 1480/2096/1994 1481/2098/1996
f 1514/2097/1995 1481/2098/1996 1513/2099/1997
f 1513/2099/1997 1481/2098/1996 1482/2100/1998
f 1513/2099/1997 1482/2100/1998 1512/2101/1999
f 1512/2101/1999 1482/2100/1998 1483/2102/2000
f 1512/2101/1999 1483/2102/2000 1511/2103/2001
f 1511/2103/2001 1483/2102/2000 1484/2104/2002
f 1511/2103/2001 1484/2104/2002 1510/2105/2003
f 1510/2105/2003 1484/2104/2002 1485/2106/2004
f 1510/2105/2003 1485/2106/2004 1509/2107/2005
f 1509/2107/2005 1485/2106/2004 1486/2108/2006
f 1509/2107/2005 1486/2108/2006 1508/2109/2007
f 1508/2109/2007 1486/2108/2006 1487/2110/2008
f 1508/2109/2007 1487/2110/2008 1507/2111/2009
f 1507/2111/2009 1487/2110/2008 1488/2112/2010
f 1507/2111/2009 1488/2112/2010 1506/2113/2011
f 1506/2113/2011 1488/2112/2010 1489/2114/2012
f 1506/2113/2011 1489/2114/2012 1505/2115/2013
f 1505/2115/2013 1489/2114/2012 1490/2116/2014
f 1505/2115/2013 1490/2116/2014 1504/2117/2015
f 1504/2117/2015 1490/2116/2014 1491/2118/2016
f 1504/2117/2015 1491/2118/2016 1503/2119/2017
f 1503/2119/2017 1491/2118/2016 1492/2120/2018
f 1503/2119/2017 1492/2120/2018 1502/2121/2019
f 1502/2121/2019 1492/2120/2018 1493/2122/2020
f 1502/2121/2019 1493/2122/2020 1501/2123/2021
f 1501/2123/2021 1493/2122/2020 1494/2124/2022
f 1501/2123/2021 1494/2124/2022 1500/2125/2023
f 1500/2125/2023 1494/2124/2022 1495/2126/2024
f 1500/2125/2023 1495/2126/2024 1499/2127/2025
f 1499/2127/2025 1495/2126/2024 1496/2128/2026
f 1499/2127/2025 1496/2128/2026 1498/2129/2027
f 1498/2129/2027 1496/2128/2026 1497/2130/2028
f 1602/2131/2029 1672/2132/2030 1601/2133/2031
f 1601/2133/2031 1672/2132/2030 1637/2134/2032
f 1601/2135/2031 1637/2136/2032 1636/2137/2033
f 1636/2137/2033 1637/2136/2032 1638/2138/2034
f 1636/2137/2033 1638/2138/2034 1635/2139/2035
f 1635/2139/2035 1638/2138/2034 1639/2140/2036
f 1635/2139/2035 1639/2140/2036 1634/2141/2037
f 1634/2141/2037 1639/2140/2036 1640/2142/2038
f 1634/2141/2037 1640/2142/2038 1633/2143/2039
f 1633/2143/2039 1640/2142/2038 1641/2144/2040
f 1633/2143/2039 1641/2144/2040 1632/2145/2041
f 1632/2145/2041 1641/2144/2040 1642/2146/2042
f 1632/2145/2041 1642/2146/2042 1631/2147/2043
f 1631/2147/2043 1642/2146/2042 1643/2148/2044
f 1631/2147/2043 1643/2148/2044 1630/2149/2045
f 1630/2149/2045 1643/2148/2044 1644/2150/2046
f 1630/2149/2045 1644/2150/2046 1629/2151/2047
f 1629/2151/2047 1644/2150/2046 1645/2152/2048
f 1629/2151/2047 1645/2152/2048 1628/2153/2049
f 1628/2153/2049 1645/2152/2048 1646/2154/2050
f 1628/2153/2049 1646/2154/2050 1627/2155/2051
f 1627/2155/2051 1646/2154/2050 1647/2156/2052
f 1627/2155/2051 1647/2156/2052 1626/2157/2053
f 1626/2157/2053 1647/2156/2052 1648/2158/2054
f 1626/2157/2053 1648/2158/2054 1625/2159/2055
f 1625/2159/2055 1648/2158/2054 1649/2160/2056
f 1625/2159/2055 1649/2160/2056 1624/2161/2057
f 1624/2161/2057 1649/2160/2056 1650/2162/2058
f 1624/2161/2057 1650/2162/2058 1623/2163/2059
f 1623/2163/2059 1650/2162/2058 1651/2164/2060
f 1623/2163/2059 1651/2164/2060 1622/2165/2061
f 1622/2165/2061 1651/2164/2060 1652/2166/2062
f 1622/2165/2061 1652/2166/2062 1621/2167/2063
f 1621/2167/2063 1652/2166/2062 1653/2168/2064
f 1621/2167/2063 1653/2168/2064 1620/2169/2065
f 1620/2169/2065 1653/2168/2064 1654/2170/2066
f 1620/2169/2065 1654/2170/2066 1619/2171/2067
f 1619/2171/2067 1654/2170/2066 1655/2172/2068
f 1619/2171/2067 1655/2172/2068 1618/2173/2069
f 1618/2173/2069 1655/2172/2068 1656/2174/2070
f 1618/2173/2069 1656/2174/2070 1617/2175/2071
f 1617/2175/2071 1656/2174/2070 1657/2176/2072
f 1617/2175/2071 1657/2176/2072 1616/2177/2073
f 1616/2177/2073 1657/2176/2072 1658/2178/2074
f 1616/2177/2073 1658/2178/2074 1615/2179/2075
f 1615/2179/2075 1658/2178/2074 1659/2180/2076
f 1615/2179/2075 1659/2180/2076 1614/2181/2077
f 1614/2181/2077 1659/2180/2076 1660/2182/2078
f 1614/2181/2077 1660/2182/2078 1613/2183/2079
f 1613/2183/2079 1660/2182/2078 1661/2184/2080
f 1613/2183/2079 1661/2184/2080 1612/2185/2081
f 1612/2185/2081 1661/2184/2080 1662/2186/2082
f 1612/2185/2081 1662/2186/2082 1611/2187/2083
f 1611/2187/2083 1662/2186/2082 1663/2188/2084
f 1611/2187/2083 1663/2188/2084 1610/2189/2085
f 1610/2189/2085 1663/2188/2084 1664/2190/2086
f 1610/2189/2085 1664/2190/2086 1609/2191/2087
f 1609/2191/2087 1664/2190/2086 1665/2192/2088
f 1609/2191/2087 1665/2192/2088 1608/2193/2089
f 1608/2193/2089 1665/2192/2088 1666/2194/2090
f 1608/2193/2089 1666/2194/2090 1607/2195/2091
f 1607/2195/2091 1666/2194/2090 1667/2196/2092
f 1607/2195/2091 1667/2196/2092 1606/2197/2093
f 1606/2197/2093 1667/2196/2092 1668/2198/2094
f 1606/2197/2093 1668/2198/2094 1605/2199/2095
f 1605/2199/2095 1668/2198/2094 1669/2200/2096
f 1605/2199/2095 1669/2200/2096 1604/2201/2097
f 1604/2201/2097 1669/2200/2096 1670/2202/2098
f 1604/2201/2097 1670/2202/2098 1603/2203/2099
f 1603/2203/2099 1670/2202/2098 1671/2204/2100
f 1603/2203/2099 1671/2204/2100 1602/2131/2029
f 1602/2131/2029 1671/2204/2100 1672/2132/2030
f 1674/2205/2101 1744/2206/2102 1673/2207/2103
f 1673/2207/2103 1744/2206/2102 1709/2208/2104
f 1673/2209/2103 1709/2210/2104 1708/2211/2105
f 1708/2211/2105 1709/2210/2104 1710/2212/2106
f 1708/2211/2105 1710/2212/2106 1707/2213/2107
f 1707/2213/2107 1710/2212/2106 1711/2214/2108
f 1707/2213/2107 1711/2214/2108 1706/2215/2109
f 1706/2215/2109 1711/2214/2108 1712/2216/2110
f 1706/2215/2109 1712/2216/2110 1705/2217/2111
f 1705/2217/2111 1712/2216/2110 1713/2218/2112
f 1705/2217/2111 1713/2218/2112 1704/2219/2113
f 1704/2219/2113 1713/2218/2112 1714/2220/2114
f 1704/2219/2113 1714/2220/2114 1703/2221/2115
f 1703/2221/2115 1714/2220/2114 1715/2222/2116
f 1703/2221/2115 1715/2222/2116 1702/2223/2117
f 1702/2223/2117 1715/2222/2116 1716/2224/2118
f 1702/2223/2117 1716/2224/2118 1701/2225/2119
f 1701/2225/2119 1716/2224/2118 1717/2226/2120
f 1701/2225/2119 1717/2226/2120 1700/2227/2121
f 1700/2227/2121 1717/2226/2120 1718/2228/2122
f 1700/2227/2121 1718/2228/2122 1699/2229/2123
f 1699/2229/2123 1718/2228/2122 1719/2230/2124
f 1699/2229/2123 1719/2230/2124 1698/2231/2125
f 1698/2231/2125 1719/2230/2124 1720/2232/2126
f 1698/2231/2125 1720/2232/2126 1697/2233/2127
f 1697/2233/2127 1720/2232/2126 1721/2234/2128
f 1697/2233/2127 1721/2234/2128 1696/2235/2129
f 1696/2235/2129 1721/2234/2128 1722/2236/2130
f 1696/2235/2129 1722/2236/2130 1695/2237/2131
f 1695/2237/2131 1722/2236/2130 1723/2238/2132
f 1695/2237/2131 1723/2238/2132 1694/2239/2133
f 1694/2239/2133 1723/2238/2132 1724/2240/2134
f 1694/2239/2133 1724/2240/2134 1693/2241/2135
f 1693/2241/2135 1724/2240/2134 1725/2242/2136
f 1693/2241/2135 1725/2242/2136 1692/2243/2137
f 1692/2243/2137 1725/2242/2136 1726/2244/2138
f 1692/2243/2137 1726/2244/2138 1691/2245/2139
f 1691/2245/2139 1726/2244/2138 1727/2246/2140
f 1691/2245/2139 1727/2246/2140 1690/2247/2141
f 1690/2247/2141 1727/2246/2140 1728/2248/2142
f 1690/2247/2141 1728/2248/2142 1689/2249/2143
f 1689/2249/2143 1728/2248/2142 1729/2250/2144
f 1689/2249/2143 1729/2250/2144 1688/2251/2145
f 1688/2251/2145 1729/2250/2144 1730/2252/2146
f 1688/2251/2145 1730/2252/2146 1687/2253/2147
f 1687/2253/2147 1730/2252/2146 1731/2254/2148
f 1687/2253/2147 1731/2254/2148 1686/2255/2149
f 1686/2255/2149 1731/2254/2148 1732/2256/2150
f 1686/2255/2149 1732/2256/2150 1685/2257/2151
f 1685/2257/2151 1732/2256/2150 1733/2258/2152
f 1685/2257/2151 1733/2258/2152 1684/2259/2153
f 1684/2259/2153 1733/2258/2152 1734/2260/2154
f 1684/2259/2153 1734/2260/2154 1683/2261/2155
f 1683/2261/2155 1734/2260/2154 1735/2262/2156
f 1683/2261/2155 1735/2262/2156 1682/2263/2157
f 1682/2263/2157 1735/2262/2156 1736/2264/2158
f 1682/2263/2157 1736/2264/2158 1681/2265/2159
f 1681/2265/2159 1736/2264/2158 1737/2266/2160
f 1681/2265/2159 1737/2266/2160 1680/2267/2161
f 1680/2267/2161 1737/2266/2160 1738/2268/2162
f 1680/2267/2161 1738/2268/2162 1679/2269/2163
f 1679/2269/2163 1738/2268/2162 1739/2270/2164
f 1679/2269/2163 1739/2270/2164 1678/2271/2165
f 1678/2271/2165 1739/2270/2164 1740/2272/2166
f 1678/2271/2165 1740/2272/2166 1677/2273/2167
f 1677/2273/2167 1740/2272/2166 1741/2274/2168
f 1677/2273/2167 1741/2274/2168 1676/2275/2169
f 1676/2275/2169 1741/2274/2168 1742/2276/2170
f 1676/2275/2169 1742/2276/2170 1675/2277/2171
f 1675/2277/2171 1742/2276/2170 1743/2278/2172
f 1675/2277/2171 1743/2278/2172 1674/2205/2101
f 1674/2205/2101 1743/2278/2172 1744/2206/2102
f 1746/2279/2173 1816/2280/2174 1745/2281/2175
f 1745/2281/2175 1816/2280/2174 1781/2282/2176
f 1745/2283/2175 1781/2284/2176 1780/2285/2177
f 1780/2285/2177 1781/2284/2176 1782/2286/2178
f 1780/2285/2177 1782/2286/2178 1779/2287/2179
f 1779/2287/2179 1782/2286/2178 1783/2288/2180
f 1779/2287/2179 1783/2288/2180 1778/2289/2181
f 1778/2289/2181 1783/2288/2180 1784/2290/2182
f 1778/2289/2181 1784/2290/2182 1777/2291/2183
f 1777/2291/2183 1784/2290/2182 1785/2292/2184
f 1777/2291/2183 1785/2292/2184 1776/2293/2185
f 1776/2293/2185 1785/2292/2184 1786/2294/2186
f 1776/2293/2185 1786/2294/2186 1775/2295/2187
f 1775/2295/2187 1786/2294/2186 1787/2296/2188
f 1775/2295/2187 1787/2296/2188 1774/2297/2189
f 1774/2297/2189 1787/2296/2188 1788/2298/2190
f 1774/2297/2189 1788/2298/2190 1773/2299/2191
f 1773/2299/2191 1788/2298/2190 1789/2300/2192
f 1773/2299/2191 1789/2300/2192 1772/2301/2193
f 1772/2301/2193 1789/2300/2192 1790/2302/2194
f 1772/2301/2193 1790/2302/2194 1771/2303/2195
f 1771/2303/2195 1790/2302/2194 1791/2304/2196
f 1771/2303/2195 1791/2304/2196 1770/2305/2197
f 1770/2305/2197 1791/2304/2196 1792/2306/2198
f 1770/2305/2197 1792/2306/2198 1769/2307/2199
f 1769/2307/2199 1792/2306/2198 1793/2308/2200
f 1769/2307/2199 1793/2308/2200 1768/2309/2201
f 1768/2309/2201 1793/2308/2200 1794/2310/2202
f 1768/2309/2201 1794/2310/2202 1767/2311/2203
f 1767/2311/2203 1794/2310/2202 1795/2312/2204
f 1767/2311/2203 1795/2312/2204 1766/2313/2205
f 1766/2313/2205 1795/2312/2204 1796/2314/2206
f 1766/2313/2205 1796/2314/2206 1765/2315/2207
f 1765/2315/2207 1796/2314/2206 1797/2316/2208
f 1765/2315/2207 1797/2316/2208 1764/2317/2209
f 1764/2317/2209 1797/2316/2208 1798/2318/2210
f 1764/2317/2209 1798/2318/2210 1763/2319/2211
f 1763/2319/2211 1798/2318/2210 1799/2320/2212
f 1763/2319/2211 1799/2320/2212 1762/2321/2213
f 1762/2321/2213 1799/2320/2212 1800/2322/2214
f 1762/2321/2213 1800/2322/2214 1761/2323/2215
f 1761/2323/2215 1800/2322/2214 1801/2324/2216
f 1761/2323/2215 1801/2324/2216 1760/2325/2217
f 1760/2325/2217 1801/2324/2216 1802/2326/2218
f 1760/2325/2217 1802/2326/2218 1759/2327/2219
f 1759/2327/2219 1802/2326/2218 1803/2328/2220
f 1759/2327/2219 1803/2328/2220 1758/2329/2221
f 1758/2329/2221 1803/2328/2220 1804/2330/2222
f 1758/2329/2221 1804/2330/2222 1757/2331/2223
f 1757/2331/2223 1804/2330/2222 1805/2332/2224
f 1757/2331/2223 1805/2332/2224 1756/2333/2225
f 1756/2333/2225 1805/2332/2224 1806/2334/2226
f 1756/2333/2225 1806/2334/2226 1755/2335/2227
f 1755/2335/2227 1806/2334/2226 1807/2336/2228
f 1755/2335/2227 1807/2336/2228 1754/2337/2229
f 1754/2337/2229 1807/2336/2228 1808/2338/2230
f 1754/2337/2229 1808/2338/2230 1753/2339/2231
f 1753/2339/2231 1808/2338/2230 1809/2340/2232
f 1753/2339/2231 1809/2340/2232 1752/2341/2233
f 1752/2341/2233 1809/2340/2232 1810/2342/2234
f 1752/2341/2233 1810/2342/2234 1751/2343/2235
f 1751/2343/2235 1810/2342/2234 1811/2344/2236
f 1751/2343/2235 1811/2344/2236 1750/2345/2237
f 1750/2345/2237 1811/2344/2236 1812/2346/2238
f 1750/2345/2237 1812/2346/2238 1749/2347/2239
f 1749/2347/2239 1812/2346/2238 1813/2348/2240
f 1749/2347/2239 1813/2348/2240 1748/2349/2241
f 1748/2349/2241 1813/2348/2240 1814/2350/2242
f 1748/2349/2241 1814/2350/2242 1747/2351/2243
f 1747/2351/2243 1814/2350/2242 1815/2352/2244
f 1747/2351/2243 1815/2352/2244 1746/2279/2173
f 1746/2279/2173 1815/2352/2244 1816/2280/2174
f 1393/2353/2245 1882/2354/2246 1498/2355/2247
f 1498/2355/2247 1882/2354/2246 1883/2356/2248
f 1498/2355/2247 1883/2356/2248 1884/2357/2249
f 1600/2358/2250 1875/2359/2251 1393/2353/2245
f 1393/2353/2245 1875/2359/2251 1876/2360/2252
f 1393/2353/2245 1876/2360/2252 1877/2361/2253
f 1600/2358/2250 1599/2362/2254 1875/2359/2251
f 1875/2359/2251 1599/2362/2254 1874/2363/2255
f 1874/2363/2255 1599/2362/2254 1598/2364/2256
f 1874/2363/2255 1598/2364/2256 1873/2365/2257
f 1873/2365/2257 1598/2364/2256 1597/2366/2258
f 1873/2365/2257 1597/2366/2258 1607/2367/2259
f 1607/2367/2259 1597/2366/2258 1608/2368/2260
f 1608/2368/2260 1597/2366/2258 1596/2369/2261
f 1608/2368/2260 1596/2369/2261 1609/2370/2262
f 1609/2370/2262 1596/2369/2261 1595/2371/2263
f 1609/2370/2262 1595/2371/2263 1594/2372/2264
f 1609/2370/2262 1594/2372/2264 1610/2373/2265
f 1610/2373/2265 1594/2372/2264 1593/2374/2266
f 1610/2373/2265 1593/2374/2266 1611/2375/2267
f 1611/2375/2267 1593/2374/2266 1612/2376/2268
f 1612/2376/2268 1593/2374/2266 1592/2377/2269
f 1612/2376/2268 1592/2377/2269 1613/2378/2270
f 1613/2378/2270 1592/2377/2269 1591/2379/2271
f 1613/2378/2270 1591/2379/2271 1614/2380/2272
f 1614/2380/2272 1591/2379/2271 1590/2381/2273
f 1614/2380/2272 1590/2381/2273 1615/2382/2274
f 1615/2382/2274 1590/2381/2273 1616/2383/2275
f 1616/2383/2275 1590/2381/2273 1589/2384/2276
f 1616/2383/2275 1589/2384/2276 1617/2385/2277
f 1617/2385/2277 1589/2384/2276 1588/2386/2278
f 1617/2385/2277 1588/2386/2278 1618/2387/2279
f 1618/2387/2279 1588/2386/2278 1619/2388/2280
f 1619/2388/2280 1588/2386/2278 1587/2389/2281
f 1619/2388/2280 1587/2389/2281 1620/2390/2282
f 1620/2390/2282 1587/2389/2281 1586/2391/2283
f 1620/2390/2282 1586/2391/2283 1621/2392/2284
f 1621/2392/2284 1586/2391/2283 1585/2393/2285
f 1621/2392/2284 1585/2393/2285 1622/2394/2286
f 1622/2394/2286 1585/2393/2285 1623/2395/2287
f 1623/2395/2287 1585/2393/2285 1584/2396/2288
f 1623/2395/2287 1584/2396/2288 1624/2397/2289
f 1624/2397/2289 1584/2396/2288 1583/2398/2290
f 1624/2397/2289 1583/2398/2290 1625/2399/2291
f 1625/2399/2291 1583/2398/2290 1582/2400/2292
f 1625/2399/2291 1582/2400/2292 1862/2401/2293
f 1862/2401/2293 1582/2400/2292 1861/2402/2294
f 1861/2402/2294 1582/2400/2292 1581/2403/2295
f 1861/2402/2294 1581/2403/2295 1580/2404/2296
f 1861/2402/2294 1580/2404/2296 1860/2405/2297
f 1860/2405/2297 1580/2404/2296 1579/2406/2298
f 1860/2405/2297 1579/2406/2298 1859/2407/2299
f 1859/2407/2299 1579/2406/2298 1578/2408/2300
f 1859/2407/2299 1578/2408/2300 1858/2409/2301
f 1858/2409/2301 1578/2408/2300 1577/2410/2302
f 1858/2409/2301 1577/2410/2302 1576/2411/2303
f 1858/2409/2301 1576/2411/2303 1857/2412/2304
f 1857/2412/2304 1576/2411/2303 1575/2413/2305
f 1857/2412/2304 1575/2413/2305 1856/2414/2306
f 1856/2414/2306 1575/2413/2305 1574/2415/2307
f 1856/2414/2306 1574/2415/2307 1855/2416/2308
f 1855/2416/2308 1574/2415/2307 1573/2417/2309
f 1855/2416/2308 1573/2417/2309 1572/2418/2310
f 1855/2416/2308 1572/2418/2310 1854/2419/2311
f 1854/2419/2311 1572/2418/2310 1571/2420/2312
f 1854/2419/2311 1571/2420/2312 1853/2421/2313
f 1853/2421/2313 1571/2420/2312 1570/2422/2314
f 1853/2421/2313 1570/2422/2314 1852/2423/2315
f 1852/2423/2315 1570/2422/2314 1569/2424/2316
f 1852/2423/2315 1569/2424/2316 1568/2425/2317
f 1852/2423/2315 1568/2425/2317 1851/2426/2318
f 1851/2426/2318 1568/2425/2317 1567/2427/2319
f 1851/2426/2318 1567/2427/2319 1850/2428/2320
f 1850/2428/2320 1567/2427/2319 1566/2429/2321
f 1850/2428/2320 1566/2429/2321 1849/2430/2322
f 1849/2430/2322 1566/2429/2321 1565/2431/2323
f 1849/2430/2322 1565/2431/2323 1564/2432/2324
f 1849/2430/2322 1564/2432/2324 1848/2433/2325
f 1848/2433/2325 1564/2432/2324 1563/2434/2326
f 1848/2433/2325 1563/2434/2326 1847/2435/2327
f 1847/2435/2327 1563/2434/2326 1562/2436/2328
f 1847/2435/2327 1562/2436/2328 1561/2437/2329
f 1847/2435/2327 1561/2437/2329 1846/2438/2330
f 1846/2438/2330 1561/2437/2329 1560/2439/2331
f 1846/2438/2330 1560/2439/2331 1845/2440/2332
f 1845/2440/2332 1560/2439/2331 1559/2441/2333
f 1845/2440/2332 1559/2441/2333 1558/2442/2334
f 1557/2443/2335 1763/2444/2336 1558/2442/2334
f 1558/2442/2334 1763/2444/2336 1844/2445/2337
f 1558/2442/2334 1844/2445/2337 1845/2440/2332
f 1763/2444/2336 1557/2443/2335 1764/2446/2338
f 1764/2446/2338 1557/2443/2335 1556/2447/2339
f 1764/2446/2338 1556/2447/2339 1765/2448/2340
f 1765/2448/2340 1556/2447/2339 1555/2449/2341
f 1765/2448/2340 1555/2449/2341 1766/2450/2342
f 1766/2450/2342 1555/2449/2341 1554/2451/2343
f 1766/2450/2342 1554/2451/2343 1767/2452/2344
f 1767/2452/2344 1554/2451/2343 1553/2453/2345
f 1767/2452/2344 1553/2453/2345 1768/2454/2346
f 1768/2454/2346 1553/2453/2345 1552/2455/2347
f 1768/2454/2346 1552/2455/2347 1769/2456/2348
f 1769/2456/2348 1552/2455/2347 1551/2457/2349
f 1769/2456/2348 1551/2457/2349 1770/2458/2350
f 1770/2458/2350 1551/2457/2349 1771/2459/2351
f 1771/2459/2351 1551/2457/2349 1550/2460/2352
f 1771/2459/2351 1550/2460/2352 1772/2461/2353
f 1772/2461/2353 1550/2460/2352 1549/2462/2354
f 1772/2461/2353 1549/2462/2354 1773/2463/2355
f 1773/2463/2355 1549/2462/2354 1548/2464/2356
f 1773/2463/2355 1548/2464/2356 1774/2465/2357
f 1774/2465/2357 1548/2464/2356 1775/2466/2358
f 1775/2466/2358 1548/2464/2356 1547/2467/2359
f 1775/2466/2358 1547/2467/2359 1546/2468/2360
f 1546/2468/2360 1545/2469/2361 1775/2466/2358
f 1775/2466/2358 1545/2469/2361 1544/2470/2362
f 1775/2466/2358 1544/2470/2362 1543/2471/2363
f 1543/2471/2363 1542/2472/2364 1775/2466/2358
f 1775/2466/2358 1542/2472/2364 1541/2473/2365
f 1775/2466/2358 1541/2473/2365 1540/2474/2366
f 1539/2475/2367 1832/2476/2368 1540/2474/2366
f 1540/2474/2366 1832/2476/2368 1833/2477/2369
f 1540/2474/2366 1833/2477/2369 1745/2478/2370
f 1745/2478/2370 1833/2477/2369 1746/2479/2371
f 1746/2479/2371 1833/2477/2369 1834/2480/2372
f 1746/2479/2371 1834/2480/2372 1747/2481/2373
f 1747/2481/2373 1834/2480/2372 1748/2482/2374
f 1748/2482/2374 1834/2480/2372 1835/2483/2375
f 1748/2482/2374 1835/2483/2375 1749/2484/2376
f 1749/2484/2376 1835/2483/2375 1836/2485/2377
f 1749/2484/2376 1836/2485/2377 1750/2486/2378
f 1750/2486/2378 1836/2485/2377 1751/2487/2379
f 1751/2487/2379 1836/2485/2377 1837/2488/2380
f 1751/2487/2379 1837/2488/2380 1752/2489/2381
f 1752/2489/2381 1837/2488/2380 1838/2490/2382
f 1752/2489/2381 1838/2490/2382 1753/2491/2383
f 1753/2491/2383 1838/2490/2382 1754/2492/2384
f 1754/2492/2384 1838/2490/2382 1839/2493/2385
f 1754/2492/2384 1839/2493/2385 1755/2494/2386
f 1755/2494/2386 1839/2493/2385 1756/2495/2387
f 1756/2495/2387 1839/2493/2385 1840/2496/2388
f 1756/2495/2387 1840/2496/2388 1757/2497/2389
f 1757/2497/2389 1840/2496/2388 1841/2498/2390
f 1757/2497/2389 1841/2498/2390 1758/2499/2391
f 1758/2499/2391 1841/2498/2390 1759/2500/2392
f 1759/2500/2392 1841/2498/2390 1842/2501/2393
f 1759/2500/2392 1842/2501/2393 1760/2502/2394
f 1760/2502/2394 1842/2501/2393 1843/2503/2395
f 1760/2502/2394 1843/2503/2395 1761/2504/2396
f 1761/2504/2396 1843/2503/2395 1762/2505/2397
f 1762/2505/2397 1843/2503/2395 1844/2445/2337
f 1762/2505/2397 1844/2445/2337 1763/2444/2336
f 1832/2476/2368 1539/2475/2367 1831/2506/2398
f 1831/2506/2398 1539/2475/2367 1538/2507/2399
f 1831/2506/2398 1538/2507/2399 1830/2508/2400
f 1830/2508/2400 1538/2507/2399 1537/2509/2401
f 1830/2508/2400 1537/2509/2401 1536/2510/2402
f 1830/2508/2400 1536/2510/2402 1829/2511/2403
f 1829/2511/2403 1536/2510/2402 1535/2512/2404
f 1829/2511/2403 1535/2512/2404 1828/2513/2405
f 1828/2513/2405 1535/2512/2404 1534/2514/2406
f 1828/2513/2405 1534/2514/2406 1533/2515/2407
f 1828/2513/2405 1533/2515/2407 1827/2516/2408
f 1827/2516/2408 1533/2515/2407 1532/2517/2409
f 1827/2516/2408 1532/2517/2409 1826/2518/2410
f 1826/2518/2410 1532/2517/2409 1531/2519/2411
f 1826/2518/2410 1531/2519/2411 1825/2520/2412
f 1825/2520/2412 1531/2519/2411 1530/2521/2413
f 1825/2520/2412 1530/2521/2413 1529/2522/2414
f 1825/2520/2412 1529/2522/2414 1824/2523/2415
f 1824/2523/2415 1529/2522/2414 1528/2524/2416
f 1824/2523/2415 1528/2524/2416 1823/2525/2417
f 1823/2525/2417 1528/2524/2416 1527/2526/2418
f 1823/2525/2417 1527/2526/2418 1822/2527/2419
f 1822/2527/2419 1527/2526/2418 1526/2528/2420
f 1822/2527/2419 1526/2528/2420 1525/2529/2421
f 1822/2527/2419 1525/2529/2421 1821/2530/2422
f 1821/2530/2422 1525/2529/2421 1524/2531/2423
f 1821/2530/2422 1524/2531/2423 1820/2532/2424
f 1820/2532/2424 1524/2531/2423 1523/2533/2425
f 1820/2532/2424 1523/2533/2425 1819/2534/2426
f 1819/2534/2426 1523/2533/2425 1522/2535/2427
f 1819/2534/2426 1522/2535/2427 1521/2536/2428
f 1819/2534/2426 1521/2536/2428 1818/2537/2429
f 1818/2537/2429 1521/2536/2428 1520/2538/2430
f 1818/2537/2429 1520/2538/2430 1817/2539/2431
f 1817/2539/2431 1520/2538/2430 1519/2540/2432
f 1817/2539/2431 1519/2540/2432 1902/2541/2433
f 1902/2541/2433 1519/2540/2432 1518/2542/2434
f 1902/2541/2433 1518/2542/2434 1517/2543/2435
f 1516/2544/2436 1703/2545/2437 1517/2543/2435
f 1517/2543/2435 1703/2545/2437 1901/2546/2438
f 1517/2543/2435 1901/2546/2438 1902/2541/2433
f 1703/2545/2437 1516/2544/2436 1704/2547/2439
f 1704/2547/2439 1516/2544/2436 1515/2548/2440
f 1704/2547/2439 1515/2548/2440 1705/2549/2441
f 1705/2549/2441 1515/2548/2440 1514/2550/2442
f 1705/2549/2441 1514/2550/2442 1706/2551/2443
f 1706/2551/2443 1514/2550/2442 1707/2552/2444
f 1707/2552/2444 1514/2550/2442 1513/2553/2445
f 1707/2552/2444 1513/2553/2445 1708/2554/2446
f 1708/2554/2446 1513/2553/2445 1512/2555/2447
f 1708/2554/2446 1512/2555/2447 1673/2556/2448
f 1673/2556/2448 1512/2555/2447 1511/2557/2449
f 1673/2556/2448 1511/2557/2449 1674/2558/2450
f 1674/2558/2450 1511/2557/2449 1675/2559/2451
f 1675/2559/2451 1511/2557/2449 1510/2560/2452
f 1675/2559/2451 1510/2560/2452 1676/2561/2453
f 1676/2561/2453 1510/2560/2452 1509/2562/2454
f 1676/2561/2453 1509/2562/2454 1677/2563/2455
f 1677/2563/2455 1509/2562/2454 1678/2564/2456
f 1678/2564/2456 1509/2562/2454 1508/2565/2457
f 1678/2564/2456 1508/2565/2457 1679/2566/2458
f 1679/2566/2458 1508/2565/2457 1507/2567/2459
f 1679/2566/2458 1507/2567/2459 1680/2568/2460
f 1680/2568/2460 1507/2567/2459 1506/2569/2461
f 1680/2568/2460 1506/2569/2461 1681/2570/2462
f 1681/2570/2462 1506/2569/2461 1682/2571/2463
f 1682/2571/2463 1506/2569/2461 1505/2572/2464
f 1682/2571/2463 1505/2572/2464 1683/2573/2465
f 1683/2573/2465 1505/2572/2464 1504/2574/2466
f 1683/2573/2465 1504/2574/2466 1503/2575/2467
f 1683/2573/2465 1503/2575/2467 1684/2576/2468
f 1684/2576/2468 1503/2575/2467 1502/2577/2469
f 1684/2576/2468 1502/2577/2469 1685/2578/2470
f 1685/2578/2470 1502/2577/2469 1890/2579/2471
f 1685/2578/2470 1890/2579/2471 1686/2580/2472
f 1686/2580/2472 1890/2579/2471 1891/2581/2473
f 1686/2580/2472 1891/2581/2473 1687/2582/2474
f 1687/2582/2474 1891/2581/2473 1892/2583/2475
f 1687/2582/2474 1892/2583/2475 1688/2584/2476
f 1688/2584/2476 1892/2583/2475 1893/2585/2477
f 1688/2584/2476 1893/2585/2477 1689/2586/2478
f 1689/2586/2478 1893/2585/2477 1690/2587/2479
f 1690/2587/2479 1893/2585/2477 1894/2588/2480
f 1690/2587/2479 1894/2588/2480 1691/2589/2481
f 1691/2589/2481 1894/2588/2480 1692/2590/2482
f 1692/2590/2482 1894/2588/2480 1895/2591/2483
f 1692/2590/2482 1895/2591/2483 1693/2592/2484
f 1693/2592/2484 1895/2591/2483 1694/2593/2485
f 1694/2593/2485 1895/2591/2483 1896/2594/2486
f 1694/2593/2485 1896/2594/2486 1695/2595/2487
f 1695/2595/2487 1896/2594/2486 1897/2596/2488
f 1695/2595/2487 1897/2596/2488 1696/2597/2489
f 1696/2597/2489 1897/2596/2488 1697/2598/2490
f 1697/2598/2490 1897/2596/2488 1898/2599/2491
f 1697/2598/2490 1898/2599/2491 1698/2600/2492
f 1698/2600/2492 1898/2599/2491 1699/2601/2493
f 1699/2601/2493 1898/2599/2491 1899/2602/2494
f 1699/2601/2493 1899/2602/2494 1700/2603/2495
f 1700/2603/2495 1899/2602/2494 1900/2604/2496
f 1700/2603/2495 1900/2604/2496 1701/2605/2497
f 1701/2605/2497 1900/2604/2496 1702/2606/2498
f 1702/2606/2498 1900/2604/2496 1901/2546/2438
f 1702/2606/2498 1901/2546/2438 1703/2545/2437
f 1502/2577/2469 1501/2607/2499 1890/2579/2471
f 1890/2579/2471 1501/2607/2499 1889/2608/2500
f 1889/2608/2500 1501/2607/2499 1500/2609/2501
f 1889/2608/2500 1500/2609/2501 1888/2610/2502
f 1888/2610/2502 1500/2609/2501 1499/2611/2503
f 1888/2610/2502 1499/2611/2503 1498/2355/2247
f 1602/2612/2504 1601/2613/2505 1869/2614/2506
f 1869/2614/2506 1601/2613/2505 1636/2615/2507
f 1869/2614/2506 1636/2615/2507 1868/2616/2508
f 1868/2616/2508 1636/2615/2507 1635/2617/2509
f 1868/2616/2508 1635/2617/2509 1634/2618/2510
f 1868/2616/2508 1634/2618/2510 1867/2619/2511
f 1867/2619/2511 1634/2618/2510 1633/2620/2512
f 1867/2619/2511 1633/2620/2512 1866/2621/2513
f 1866/2621/2513 1633/2620/2512 1632/2622/2514
f 1866/2621/2513 1632/2622/2514 1631/2623/2515
f 1866/2621/2513 1631/2623/2515 1865/2624/2516
f 1865/2624/2516 1631/2623/2515 1630/2625/2517
f 1865/2624/2516 1630/2625/2517 1629/2626/2518
f 1865/2624/2516 1629/2626/2518 1864/2627/2519
f 1864/2627/2519 1629/2626/2518 1628/2628/2520
f 1864/2627/2519 1628/2628/2520 1863/2629/2521
f 1863/2629/2521 1628/2628/2520 1627/2630/2522
f 1863/2629/2521 1627/2630/2522 1626/2631/2523
f 1863/2629/2521 1626/2631/2523 1862/2401/2293
f 1862/2401/2293 1626/2631/2523 1625/2399/2291
f 1607/2367/2259 1606/2632/2524 1873/2365/2257
f 1873/2365/2257 1606/2632/2524 1872/2633/2525
f 1872/2633/2525 1606/2632/2524 1605/2634/2526
f 1872/2633/2525 1605/2634/2526 1871/2635/2527
f 1871/2635/2527 1605/2634/2526 1604/2636/2528
f 1871/2635/2527 1604/2636/2528 1870/2637/2529
f 1870/2637/2529 1604/2636/2528 1603/2638/2530
f 1870/2637/2529 1603/2638/2530 1602/2612/2504
f 1870/2637/2529 1602/2612/2504 1869/2614/2506
f 1745/2478/2370 1780/2639/2531 1540/2474/2366
f 1540/2474/2366 1780/2639/2531 1779/2640/2532
f 1540/2474/2366 1779/2640/2532 1778/2641/2533
f 1778/2641/2533 1777/2642/2534 1540/2474/2366
f 1540/2474/2366 1777/2642/2534 1776/2643/2535
f 1540/2474/2366 1776/2643/2535 1775/2466/2358
f 1877/2361/2253 1878/2644/2536 1393/2353/2245
f 1393/2353/2245 1878/2644/2536 1879/2645/2537
f 1393/2353/2245 1879/2645/2537 1880/2646/2538
f 1880/2646/2538 1881/2647/2539 1393/2353/2245
f 1393/2353/2245 1881/2647/2539 1882/2354/2246
f 1884/2357/2249 1885/2648/2540 1498/2355/2247
f 1498/2355/2247 1885/2648/2540 1886/2649/2541
f 1498/2355/2247 1886/2649/2541 1887/2650/2542
f 1887/2650/2542 1888/2610/2502 1498/2355/2247
f 1904/2651/2543 2004/2652/2544 1903/2653/2545
f 1903/2653/2545 2004/2652/2544 2019/2654/2546
f 1903/2653/2545 2019/2654/2546 1983/2655/2547
f 1983/2655/2547 2019/2654/2546 2704/2656/2548
f 1983/2655/2547 2704/2656/2548 1982/2657/2549
f 1982/2657/2549 2704/2656/2548 2696/2658/2550
f 1982/2657/2549 2696/2658/2550 1981/2659/2551
f 1981/2659/2551 2696/2658/2550 2680/2660/2552
f 1981/2659/2551 2680/2660/2552 1980/2661/2553
f 1980/2661/2553 2680/2660/2552 2695/2662/2554
f 1980/2661/2553 2695/2662/2554 2672/2663/2555
f 2672/2663/2555 2695/2662/2554 2694/2664/2556
f 2672/2663/2555 2694/2664/2556 2673/2665/2557
f 2673/2665/2557 2694/2664/2556 2693/2666/2558
f 2673/2665/2557 2693/2666/2558 2674/2667/2559
f 2674/2667/2559 2693/2666/2558 2692/2668/2560
f 2674/2667/2559 2692/2668/2560 2675/2669/2561
f 2675/2669/2561 2692/2668/2560 2691/2670/2562
f 2675/2669/2561 2691/2670/2562 2676/2671/2563
f 2676/2671/2563 2691/2670/2562 2690/2672/2564
f 2676/2671/2563 2690/2672/2564 2677/2673/2565
f 2677/2673/2565 2690/2672/2564 2689/2674/2566
f 2677/2673/2565 2689/2674/2566 2678/2675/2567
f 2678/2675/2567 2689/2674/2566 2688/2676/2568
f 2678/2675/2567 2688/2676/2568 2679/2677/2569
f 2679/2677/2569 2688/2676/2568 1898/2678/2491
f 2679/2677/2569 1898/2678/2491 1897/2679/2488
f 2004/2652/2544 1904/2651/2543 2020/2680/2570
f 2020/2680/2570 1904/2651/2543 1905/2681/2571
f 2020/2680/2570 1905/2681/2571 2028/2682/2572
f 2028/2682/2572 1905/2681/2571 1906/2683/2573
f 2028/2682/2572 1906/2683/2573 2036/2684/2574
f 2036/2684/2574 1906/2683/2573 1907/2685/2575
f 2036/2684/2574 1907/2685/2575 2059/2686/2576
f 2059/2686/2576 1907/2685/2575 2044/2687/2577
f 2059/2686/2576 2044/2687/2577 2058/2688/2578
f 2058/2688/2578 2044/2687/2577 2045/2689/2579
f 2058/2688/2578 2045/2689/2579 2057/2690/2580
f 2057/2690/2580 2045/2689/2579 2046/2691/2581
f 2057/2690/2580 2046/2691/2581 2047/2692/2582
f 2047/2692/2582 2046/2691/2581 2063/2693/2583
f 2047/2692/2582 2063/2693/2583 2064/2694/2584
f 2064/2694/2584 2063/2693/2583 2072/2695/2585
f 2064/2694/2584 2072/2695/2585 2073/2696/2586
f 2073/2696/2586 2072/2695/2585 2081/2697/2587
f 2073/2696/2586 2081/2697/2587 2082/2698/2588
f 2082/2698/2588 2081/2697/2587 2089/2699/2589
f 2082/2698/2588 2089/2699/2589 2090/2700/2590
f 2090/2700/2590 2089/2699/2589 2098/2701/2591
f 2090/2700/2590 2098/2701/2591 1826/2702/2410
f 1826/2702/2410 2098/2701/2591 1827/2703/2408
f 1827/2703/2408 2098/2701/2591 2106/2704/2592
f 1827/2703/2408 2106/2704/2592 1828/2705/2405
f 1828/2705/2405 2106/2704/2592 2114/2706/2593
f 1828/2705/2405 2114/2706/2593 1829/2707/2403
f 1829/2707/2403 2114/2706/2593 2122/2708/2594
f 1829/2707/2403 2122/2708/2594 1830/2709/2400
f 1830/2709/2400 2122/2708/2594 2131/2710/2595
f 1830/2709/2400 2131/2710/2595 1831/2711/2398
f 1831/2711/2398 2131/2710/2595 2130/2712/2596
f 1831/2711/2398 2130/2712/2596 1832/2713/2368
f 1832/2713/2368 2130/2712/2596 2145/2714/2597
f 1832/2713/2368 2145/2714/2597 1833/2715/2369
f 1833/2715/2369 2145/2714/2597 2153/2716/2598
f 1833/2715/2369 2153/2716/2598 1834/2717/2372
f 1834/2717/2372 2153/2716/2598 2161/2718/2599
f 1834/2717/2372 2161/2718/2599 1835/2719/2375
f 1835/2719/2375 2161/2718/2599 2169/2720/2600
f 1835/2719/2375 2169/2720/2600 1836/2721/2377
f 1836/2721/2377 2169/2720/2600 2177/2722/2601
f 1836/2721/2377 2177/2722/2601 1837/2723/2380
f 1837/2723/2380 2177/2722/2601 2185/2724/2602
f 1837/2723/2380 2185/2724/2602 1838/2725/2382
f 1838/2725/2382 2185/2724/2602 2193/2726/2603
f 1838/2725/2382 2193/2726/2603 1839/2727/2385
f 1839/2727/2385 2193/2726/2603 2202/2728/2604
f 1839/2727/2385 2202/2728/2604 1840/2729/2388
f 1840/2729/2388 2202/2728/2604 2201/2730/2605
f 1840/2729/2388 2201/2730/2605 1841/2731/2390
f 1841/2731/2390 2201/2730/2605 2216/2732/2606
f 1841/2731/2390 2216/2732/2606 1842/2733/2393
f 1842/2733/2393 2216/2732/2606 2001/2734/2607
f 1842/2733/2393 2001/2734/2607 1843/2735/2395
f 1843/2735/2395 2001/2734/2607 2231/2736/2608
f 1843/2735/2395 2231/2736/2608 2239/2737/2609
f 2239/2737/2609 2231/2736/2608 2230/2738/2610
f 2239/2737/2609 2230/2738/2610 2238/2739/2611
f 2238/2739/2611 2230/2738/2610 2229/2740/2612
f 2238/2739/2611 2229/2740/2612 2237/2741/2613
f 2237/2741/2613 2229/2740/2612 2228/2742/2614
f 2237/2741/2613 2228/2742/2614 2236/2743/2615
f 2236/2743/2615 2228/2742/2614 2227/2744/2616
f 2236/2743/2615 2227/2744/2616 2235/2745/2617
f 2235/2745/2617 2227/2744/2616 2226/2746/2618
f 2235/2745/2617 2226/2746/2618 2234/2747/2619
f 2234/2747/2619 2226/2746/2618 2225/2748/2620
f 2234/2747/2619 2225/2748/2620 2233/2749/2621
f 2233/2749/2621 2225/2748/2620 2224/2750/2622
f 2233/2749/2621 2224/2750/2622 2232/2751/2623
f 2232/2751/2623 2224/2750/2622 1928/2752/2624
f 2232/2751/2623 1928/2752/2624 1929/2753/2625
f 1907/2685/2575 1908/2754/2626 2044/2687/2577
f 2044/2687/2577 1908/2754/2626 2060/2755/2627
f 2044/2687/2577 2060/2755/2627 2061/2756/2628
f 2061/2756/2628 2060/2755/2627 2069/2757/2629
f 2061/2756/2628 2069/2757/2629 2070/2758/2630
f 2070/2758/2630 2069/2757/2629 2078/2759/2631
f 2070/2758/2630 2078/2759/2631 2079/2760/2632
f 2079/2760/2632 2078/2759/2631 2086/2761/2633
f 2079/2760/2632 2086/2761/2633 2087/2762/2634
f 2087/2762/2634 2086/2761/2633 2095/2763/2635
f 2087/2762/2634 2095/2763/2635 2096/2764/2636
f 2096/2764/2636 2095/2763/2635 2104/2765/2637
f 2096/2764/2636 2104/2765/2637 2105/2766/2638
f 2105/2766/2638 2104/2765/2637 2113/2767/2639
f 2105/2766/2638 2113/2767/2639 2114/2706/2593
f 2114/2706/2593 2113/2767/2639 2122/2708/2594
f 1908/2754/2626 1909/2768/2640 2060/2755/2627
f 2060/2755/2627 1909/2768/2640 2068/2769/2641
f 2060/2755/2627 2068/2769/2641 2069/2757/2629
f 2069/2757/2629 2068/2769/2641 2077/2770/2642
f 2069/2757/2629 2077/2770/2642 2078/2759/2631
f 2078/2759/2631 2077/2770/2642 2085/2771/2643
f 2078/2759/2631 2085/2771/2643 2086/2761/2633
f 2086/2761/2633 2085/2771/2643 2094/2772/2644
f 2086/2761/2633 2094/2772/2644 2095/2763/2635
f 2095/2763/2635 2094/2772/2644 2103/2773/2645
f 2095/2763/2635 2103/2773/2645 2104/2765/2637
f 2104/2765/2637 2103/2773/2645 2112/2774/2646
f 2104/2765/2637 2112/2774/2646 2113/2767/2639
f 2113/2767/2639 2112/2774/2646 2121/2775/2647
f 2113/2767/2639 2121/2775/2647 2122/2708/2594
f 2122/2708/2594 2121/2775/2647 2131/2710/2595
f 1909/2768/2640 1910/2776/2648 2068/2769/2641
f 2068/2769/2641 1910/2776/2648 2076/2777/2649
f 2068/2769/2641 2076/2777/2649 2077/2770/2642
f 2077/2770/2642 2076/2777/2649 2084/2778/2650
f 2077/2770/2642 2084/2778/2650 2085/2771/2643
f 2085/2771/2643 2084/2778/2650 2093/2779/2651
f 2085/2771/2643 2093/2779/2651 2094/2772/2644
f 2094/2772/2644 2093/2779/2651 2102/2780/2652
f 2094/2772/2644 2102/2780/2652 2103/2773/2645
f 2103/2773/2645 2102/2780/2652 2111/2781/2653
f 2103/2773/2645 2111/2781/2653 2112/2774/2646
f 2112/2774/2646 2111/2781/2653 2120/2782/2654
f 2112/2774/2646 2120/2782/2654 2121/2775/2647
f 2121/2775/2647 2120/2782/2654 2132/2783/2655
f 2121/2775/2647 2132/2783/2655 2131/2710/2595
f 2131/2710/2595 2132/2783/2655 2130/2712/2596
f 1910/2776/2648 1911/2784/2656 2076/2777/2649
f 2076/2777/2649 1911/2784/2656 2083/2785/2657
f 2076/2777/2649 2083/2785/2657 2084/2778/2650
f 2084/2778/2650 2083/2785/2657 2092/2786/2658
f 2084/2778/2650 2092/2786/2658 2093/2779/2651
f 2093/2779/2651 2092/2786/2658 2101/2787/2659
f 2093/2779/2651 2101/2787/2659 2102/2780/2652
f 2102/2780/2652 2101/2787/2659 2110/2788/2660
f 2102/2780/2652 2110/2788/2660 2111/2781/2653
f 2111/2781/2653 2110/2788/2660 2119/2789/2661
f 2111/2781/2653 2119/2789/2661 2120/2782/2654
f 2120/2782/2654 2119/2789/2661 2133/2790/2662
f 2120/2782/2654 2133/2790/2662 2132/2783/2655
f 2132/2783/2655 2133/2790/2662 2129/2791/2663
f 2132/2783/2655 2129/2791/2663 2130/2712/2596
f 2130/2712/2596 2129/2791/2663 2145/2714/2597
f 1911/2784/2656 1912/2792/2664 2083/2785/2657
f 2083/2785/2657 1912/2792/2664 2091/2793/2665
f 2083/2785/2657 2091/2793/2665 2092/2786/2658
f 2092/2786/2658 2091/2793/2665 2100/2794/2666
f 2092/2786/2658 2100/2794/2666 2101/2787/2659
f 2101/2787/2659 2100/2794/2666 2109/2795/2667
f 2101/2787/2659 2109/2795/2667 2110/2788/2660
f 2110/2788/2660 2109/2795/2667 2118/2796/2668
f 2110/2788/2660 2118/2796/2668 2119/2789/2661
f 2119/2789/2661 2118/2796/2668 2134/2797/2669
f 2119/2789/2661 2134/2797/2669 2133/2790/2662
f 2133/2790/2662 2134/2797/2669 2128/2798/2670
f 2133/2790/2662 2128/2798/2670 2129/2791/2663
f 2129/2791/2663 2128/2798/2670 2144/2799/2671
f 2129/2791/2663 2144/2799/2671 2145/2714/2597
f 2145/2714/2597 2144/2799/2671 2153/2716/2598
f 1912/2792/2664 1913/2800/2672 2091/2793/2665
f 2091/2793/2665 1913/2800/2672 2099/2801/2673
f 2091/2793/2665 2099/2801/2673 2100/2794/2666
f 2100/2794/2666 2099/2801/2673 2108/2802/2674
f 2100/2794/2666 2108/2802/2674 2109/2795/2667
f 2109/2795/2667 2108/2802/2674 2117/2803/2675
f 2109/2795/2667 2117/2803/2675 2118/2796/2668
f 2118/2796/2668 2117/2803/2675 2135/2804/2676
f 2118/2796/2668 2135/2804/2676 2134/2797/2669
f 2134/2797/2669 2135/2804/2676 2127/2805/2677
f 2134/2797/2669 2127/2805/2677 2128/2798/2670
f 2128/2798/2670 2127/2805/2677 2143/2806/2678
f 2128/2798/2670 2143/2806/2678 2144/2799/2671
f 2144/2799/2671 2143/2806/2678 2152/2807/2679
f 2144/2799/2671 2152/2807/2679 2153/2716/2598
f 2153/2716/2598 2152/2807/2679 2161/2718/2599
f 1913/2800/2672 1914/2808/2680 2099/2801/2673
f 2099/2801/2673 1914/2808/2680 2107/2809/2681
f 2099/2801/2673 2107/2809/2681 2108/2802/2674
f 2108/2802/2674 2107/2809/2681 2116/2810/2682
f 2108/2802/2674 2116/2810/2682 2117/2803/2675
f 2117/2803/2675 2116/2810/2682 2136/2811/2683
f 2117/2803/2675 2136/2811/2683 2135/2804/2676
f 2135/2804/2676 2136/2811/2683 2126/2812/2684
f 2135/2804/2676 2126/2812/2684 2127/2805/2677
f 2127/2805/2677 2126/2812/2684 2142/2813/2685
f 2127/2805/2677 2142/2813/2685 2143/2806/2678
f 2143/2806/2678 2142/2813/2685 2151/2814/2686
f 2143/2806/2678 2151/2814/2686 2152/2807/2679
f 2152/2807/2679 2151/2814/2686 2160/2815/2687
f 2152/2807/2679 2160/2815/2687 2161/2718/2599
f 2161/2718/2599 2160/2815/2687 2169/2720/2600
f 1914/2808/2680 1915/2816/2688 2107/2809/2681
f 2107/2809/2681 1915/2816/2688 2115/2817/2689
f 2107/2809/2681 2115/2817/2689 2116/2810/2682
f 2116/2810/2682 2115/2817/2689 2137/2818/2690
f 2116/2810/2682 2137/2818/2690 2136/2811/2683
f 2136/2811/2683 2137/2818/2690 2125/2819/2691
f 2136/2811/2683 2125/2819/2691 2126/2812/2684
f 2126/2812/2684 2125/2819/2691 2141/2820/2692
f 2126/2812/2684 2141/2820/2692 2142/2813/2685
f 2142/2813/2685 2141/2820/2692 2150/2821/2693
f 2142/2813/2685 2150/2821/2693 2151/2814/2686
f 2151/2814/2686 2150/2821/2693 2159/2822/2694
f 2151/2814/2686 2159/2822/2694 2160/2815/2687
f 2160/2815/2687 2159/2822/2694 2168/2823/2695
f 2160/2815/2687 2168/2823/2695 2169/2720/2600
f 2169/2720/2600 2168/2823/2695 2177/2722/2601
f 2115/2817/2689 1915/2816/2688 1999/2824/2696
f 1999/2824/2696 1915/2816/2688 1916/2825/2697
f 1999/2824/2696 1916/2825/2697 2123/2826/2698
f 2123/2826/2698 1916/2825/2697 1917/2827/2699
f 2123/2826/2698 1917/2827/2699 2138/2828/2700
f 2138/2828/2700 1917/2827/2699 1918/2829/2701
f 2138/2828/2700 1918/2829/2701 2146/2830/2702
f 2146/2830/2702 1918/2829/2701 1919/2831/2703
f 2146/2830/2702 1919/2831/2703 2154/2832/2704
f 2154/2832/2704 1919/2831/2703 1920/2833/2705
f 2154/2832/2704 1920/2833/2705 2162/2834/2706
f 2162/2834/2706 1920/2833/2705 1921/2835/2707
f 2162/2834/2706 1921/2835/2707 2170/2836/2708
f 2170/2836/2708 1921/2835/2707 1922/2837/2709
f 2170/2836/2708 1922/2837/2709 2178/2838/2710
f 2178/2838/2710 1922/2837/2709 1923/2839/2711
f 2178/2838/2710 1923/2839/2711 2186/2840/2712
f 2186/2840/2712 1923/2839/2711 2000/2841/2713
f 2186/2840/2712 2000/2841/2713 2208/2842/2714
f 2208/2842/2714 2000/2841/2713 2195/2843/2715
f 2208/2842/2714 2195/2843/2715 2196/2844/2716
f 2196/2844/2716 2195/2843/2715 2211/2845/2717
f 2196/2844/2716 2211/2845/2717 2212/2846/2718
f 2212/2846/2718 2211/2845/2717 2220/2847/2719
f 2212/2846/2718 2220/2847/2719 2221/2848/2720
f 2221/2848/2720 2220/2847/2719 2228/2742/2614
f 2221/2848/2720 2228/2742/2614 2229/2740/2612
f 1923/2839/2711 1924/2849/2721 2000/2841/2713
f 2000/2841/2713 1924/2849/2721 2194/2850/2722
f 2000/2841/2713 2194/2850/2722 2195/2843/2715
f 2195/2843/2715 2194/2850/2722 2210/2851/2723
f 2195/2843/2715 2210/2851/2723 2211/2845/2717
f 2211/2845/2717 2210/2851/2723 2219/2852/2724
f 2211/2845/2717 2219/2852/2724 2220/2847/2719
f 2220/2847/2719 2219/2852/2724 2227/2744/2616
f 2220/2847/2719 2227/2744/2616 2228/2742/2614
f 1924/2849/2721 1925/2853/2725 2194/2850/2722
f 2194/2850/2722 1925/2853/2725 2209/2854/2726
f 2194/2850/2722 2209/2854/2726 2210/2851/2723
f 2210/2851/2723 2209/2854/2726 2218/2855/2727
f 2210/2851/2723 2218/2855/2727 2219/2852/2724
f 2219/2852/2724 2218/2855/2727 2226/2746/2618
f 2219/2852/2724 2226/2746/2618 2227/2744/2616
f 1925/2853/2725 1926/2856/2728 2209/2854/2726
f 2209/2854/2726 1926/2856/2728 2217/2857/2729
f 2209/2854/2726 2217/2857/2729 2218/2855/2727
f 2218/2855/2727 2217/2857/2729 2225/2748/2620
f 2218/2855/2727 2225/2748/2620 2226/2746/2618
f 1926/2856/2728 1927/2858/2730 2217/2857/2729
f 2217/2857/2729 1927/2858/2730 2224/2750/2622
f 2217/2857/2729 2224/2750/2622 2225/2748/2620
f 1927/2858/2730 1928/2752/2624 2224/2750/2622
f 2232/2751/2623 1929/2753/2625 2240/2859/2731
f 2240/2859/2731 1929/2753/2625 1930/2860/2732
f 2240/2859/2731 1930/2860/2732 2248/2861/2733
f 2248/2861/2733 1930/2860/2732 1931/2862/2734
f 2248/2861/2733 1931/2862/2734 2256/2863/2735
f 2256/2863/2735 1931/2862/2734 2002/2864/2736
f 2256/2863/2735 2002/2864/2736 2278/2865/2737
f 2278/2865/2737 2002/2864/2736 2265/2866/2738
f 2278/2865/2737 2265/2866/2738 2266/2867/2739
f 2266/2867/2739 2265/2866/2738 2281/2868/2740
f 2266/2867/2739 2281/2868/2740 2282/2869/2741
f 2282/2869/2741 2281/2868/2740 2290/2870/2742
f 2282/2869/2741 2290/2870/2742 2291/2871/2743
f 2291/2871/2743 2290/2870/2742 2299/2872/2744
f 2291/2871/2743 2299/2872/2744 2300/2873/2745
f 2300/2873/2745 2299/2872/2744 2308/2874/2746
f 2300/2873/2745 2308/2874/2746 2309/2875/2747
f 2309/2875/2747 2308/2874/2746 2317/2876/2748
f 2309/2875/2747 2317/2876/2748 2318/2877/2749
f 2318/2877/2749 2317/2876/2748 2326/2878/2750
f 2318/2877/2749 2326/2878/2750 1854/2879/2311
f 1854/2879/2311 2326/2878/2750 1855/2880/2308
f 1855/2880/2308 2326/2878/2750 2334/2881/2751
f 1855/2880/2308 2334/2881/2751 1856/2882/2306
f 1856/2882/2306 2334/2881/2751 2343/2883/2752
f 1856/2882/2306 2343/2883/2752 1857/2884/2304
f 1857/2884/2304 2343/2883/2752 2342/2885/2753
f 1857/2884/2304 2342/2885/2753 1858/2886/2301
f 1858/2886/2301 2342/2885/2753 2357/2887/2754
f 1858/2886/2301 2357/2887/2754 1859/2888/2299
f 1859/2888/2299 2357/2887/2754 2365/2889/2755
f 1859/2888/2299 2365/2889/2755 1860/2890/2297
f 1860/2890/2297 2365/2889/2755 1991/2891/2756
f 1860/2892/2297 1991/2893/2756 2373/2894/2757
f 2373/2894/2757 1991/2893/2756 1990/2895/2758
f 2373/2894/2757 1990/2895/2758 2372/2896/2759
f 2372/2896/2759 1990/2895/2758 1989/2897/2760
f 2372/2896/2759 1989/2897/2760 2371/2898/2761
f 2371/2898/2761 1989/2897/2760 1988/2899/2762
f 2371/2898/2761 1988/2899/2762 2370/2900/2763
f 2370/2900/2763 1988/2899/2762 1987/2901/2764
f 2370/2900/2763 1987/2901/2764 2369/2902/2765
f 2369/2902/2765 1987/2901/2764 1986/2903/2766
f 2369/2902/2765 1986/2903/2766 2368/2904/2767
f 2368/2904/2767 1986/2903/2766 1985/2905/2768
f 2368/2904/2767 1985/2905/2768 2367/2906/2769
f 2367/2906/2769 1985/2905/2768 1984/2907/2770
f 2367/2906/2769 1984/2907/2770 2366/2908/2771
f 2366/2908/2771 1984/2907/2770 1944/2909/2772
f 2366/2908/2771 1944/2909/2772 1945/2910/2773
f 1931/2862/2734 1932/2911/2774 2002/2864/2736
f 2002/2864/2736 1932/2911/2774 2264/2912/2775
f 2002/2864/2736 2264/2912/2775 2265/2866/2738
f 2265/2866/2738 2264/2912/2775 2280/2913/2776
f 2265/2866/2738 2280/2913/2776 2281/2868/2740
f 2281/2868/2740 2280/2913/2776 2289/2914/2777
f 2281/2868/2740 2289/2914/2777 2290/2870/2742
f 2290/2870/2742 2289/2914/2777 2298/2915/2778
f 2290/2870/2742 2298/2915/2778 2299/2872/2744
f 2299/2872/2744 2298/2915/2778 2307/2916/2779
f 2299/2872/2744 2307/2916/2779 2308/2874/2746
f 2308/2874/2746 2307/2916/2779 2316/2917/2780
f 2308/2874/2746 2316/2917/2780 2317/2876/2748
f 2317/2876/2748 2316/2917/2780 2325/2918/2781
f 2317/2876/2748 2325/2918/2781 2326/2878/2750
f 2326/2878/2750 2325/2918/2781 2334/2881/2751
f 1932/2911/2774 1933/2919/2782 2264/2912/2775
f 2264/2912/2775 1933/2919/2782 2279/2920/2783
f 2264/2912/2775 2279/2920/2783 2280/2913/2776
f 2280/2913/2776 2279/2920/2783 2288/2921/2784
f 2280/2913/2776 2288/2921/2784 2289/2914/2777
f 2289/2914/2777 2288/2921/2784 2297/2922/2785
f 2289/2914/2777 2297/2922/2785 2298/2915/2778
f 2298/2915/2778 2297/2922/2785 2306/2923/2786
f 2298/2915/2778 2306/2923/2786 2307/2916/2779
f 2307/2916/2779 2306/2923/2786 2315/2924/2787
f 2307/2916/2779 2315/2924/2787 2316/2917/2780
f 2316/2917/2780 2315/2924/2787 2324/2925/2788
f 2316/2917/2780 2324/2925/2788 2325/2918/2781
f 2325/2918/2781 2324/2925/2788 2333/2926/2789
f 2325/2918/2781 2333/2926/2789 2334/2881/2751
f 2334/2881/2751 2333/2926/2789 2343/2883/2752
f 1933/2919/2782 1934/2927/2790 2279/2920/2783
f 2279/2920/2783 1934/2927/2790 2287/2928/2791
f 2279/2920/2783 2287/2928/2791 2288/2921/2784
f 2288/2921/2784 2287/2928/2791 2296/2929/2792
f 2288/2921/2784 2296/2929/2792 2297/2922/2785
f 2297/2922/2785 2296/2929/2792 2305/2930/2793
f 2297/2922/2785 2305/2930/2793 2306/2923/2786
f 2306/2923/2786 2305/2930/2793 2314/2931/2794
f 2306/2923/2786 2314/2931/2794 2315/2924/2787
f 2315/2924/2787 2314/2931/2794 2323/2932/2795
f 2315/2924/2787 2323/2932/2795 2324/2925/2788
f 2324/2925/2788 2323/2932/2795 2332/2933/2796
f 2324/2925/2788 2332/2933/2796 2333/2926/2789
f 2333/2926/2789 2332/2933/2796 2344/2934/2797
f 2333/2926/2789 2344/2934/2797 2343/2883/2752
f 2343/2883/2752 2344/2934/2797 2342/2885/2753
f 1934/2927/2790 1935/2935/2798 2287/2928/2791
f 2287/2928/2791 1935/2935/2798 2295/2936/2799
f 2287/2928/2791 2295/2936/2799 2296/2929/2792
f 2296/2929/2792 2295/2936/2799 2304/2937/2800
f 2296/2929/2792 2304/2937/2800 2305/2930/2793
f 2305/2930/2793 2304/2937/2800 2313/2938/2801
f 2305/2930/2793 2313/2938/2801 2314/2931/2794
f 2314/2931/2794 2313/2938/2801 2322/2939/2802
f 2314/2931/2794 2322/2939/2802 2323/2932/2795
f 2323/2932/2795 2322/2939/2802 2331/2940/2803
f 2323/2932/2795 2331/2940/2803 2332/2933/2796
f 2332/2933/2796 2331/2940/2803 2345/2941/2804
f 2332/2933/2796 2345/2941/2804 2344/2934/2797
f 2344/2934/2797 2345/2941/2804 2341/2942/2805
f 2344/2934/2797 2341/2942/2805 2342/2885/2753
f 2342/2885/2753 2341/2942/2805 2357/2887/2754
f 1935/2935/2798 1936/2943/2806 2295/2936/2799
f 2295/2936/2799 1936/2943/2806 2303/2944/2807
f 2295/2936/2799 2303/2944/2807 2304/2937/2800
f 2304/2937/2800 2303/2944/2807 2312/2945/2808
f 2304/2937/2800 2312/2945/2808 2313/2938/2801
f 2313/2938/2801 2312/2945/2808 2321/2946/2809
f 2313/2938/2801 2321/2946/2809 2322/2939/2802
f 2322/2939/2802 2321/2946/2809 2330/2947/2810
f 2322/2939/2802 2330/2947/2810 2331/2940/2803
f 2331/2940/2803 2330/2947/2810 2346/2948/2811
f 2331/2940/2803 2346/2948/2811 2345/2941/2804
f 2345/2941/2804 2346/2948/2811 2340/2949/2812
f 2345/2941/2804 2340/2949/2812 2341/2942/2805
f 2341/2942/2805 2340/2949/2812 2356/2950/2813
f 2341/2942/2805 2356/2950/2813 2357/2887/2754
f 2357/2887/2754 2356/2950/2813 2365/2889/2755
f 1936/2943/2806 1937/2951/2814 2303/2944/2807
f 2303/2944/2807 1937/2951/2814 2311/2952/2815
f 2303/2944/2807 2311/2952/2815 2312/2945/2808
f 2312/2945/2808 2311/2952/2815 2320/2953/2816
f 2312/2945/2808 2320/2953/2816 2321/2946/2809
f 2321/2946/2809 2320/2953/2816 2329/2954/2817
f 2321/2946/2809 2329/2954/2817 2330/2947/2810
f 2330/2947/2810 2329/2954/2817 2347/2955/2818
f 2330/2947/2810 2347/2955/2818 2346/2948/2811
f 2346/2948/2811 2347/2955/2818 2339/2956/2819
f 2346/2948/2811 2339/2956/2819 2340/2949/2812
f 2340/2949/2812 2339/2956/2819 2355/2957/2820
f 2340/2949/2812 2355/2957/2820 2356/2950/2813
f 2356/2950/2813 2355/2957/2820 2364/2958/2821
f 2356/2950/2813 2364/2958/2821 2365/2889/2755
f 2365/2889/2755 2364/2958/2821 1991/2891/2756
f 1937/2951/2814 1938/2959/2822 2311/2952/2815
f 2311/2952/2815 1938/2959/2822 2319/2960/2823
f 2311/2952/2815 2319/2960/2823 2320/2953/2816
f 2320/2953/2816 2319/2960/2823 2328/2961/2824
f 2320/2953/2816 2328/2961/2824 2329/2954/2817
f 2329/2954/2817 2328/2961/2824 2348/2962/2825
f 2329/2954/2817 2348/2962/2825 2347/2955/2818
f 2347/2955/2818 2348/2962/2825 2338/2963/2826
f 2347/2955/2818 2338/2963/2826 2339/2956/2819
f 2339/2956/2819 2338/2963/2826 2354/2964/2827
f 2339/2956/2819 2354/2964/2827 2355/2957/2820
f 2355/2957/2820 2354/2964/2827 2363/2965/2828
f 2355/2957/2820 2363/2965/2828 2364/2958/2821
f 2364/2958/2821 2363/2965/2828 1990/2966/2758
f 2364/2958/2821 1990/2966/2758 1991/2891/2756
f 1938/2959/2822 1939/2967/2829 2319/2960/2823
f 2319/2960/2823 1939/2967/2829 2327/2968/2830
f 2319/2960/2823 2327/2968/2830 2328/2961/2824
f 2328/2961/2824 2327/2968/2830 2349/2969/2831
f 2328/2961/2824 2349/2969/2831 2348/2962/2825
f 2348/2962/2825 2349/2969/2831 2337/2970/2832
f 2348/2962/2825 2337/2970/2832 2338/2963/2826
f 2338/2963/2826 2337/2970/2832 2353/2971/2833
f 2338/2963/2826 2353/2971/2833 2354/2964/2827
f 2354/2964/2827 2353/2971/2833 2362/2972/2834
f 2354/2964/2827 2362/2972/2834 2363/2965/2828
f 2363/2965/2828 2362/2972/2834 1989/2973/2760
f 2363/2965/2828 1989/2973/2760 1990/2966/2758
f 2327/2968/2830 1939/2967/2829 2003/2974/2835
f 2003/2974/2835 1939/2967/2829 1940/2975/2836
f 2003/2974/2835 1940/2975/2836 2335/2976/2837
f 2335/2976/2837 1940/2975/2836 1941/2977/2838
f 2335/2976/2837 1941/2977/2838 2350/2978/2839
f 2350/2978/2839 1941/2977/2838 1942/2979/2840
f 2350/2978/2839 1942/2979/2840 2358/2980/2841
f 2358/2980/2841 1942/2979/2840 1943/2981/2842
f 2358/2980/2841 1943/2981/2842 1984/2982/2770
f 1984/2907/2770 1943/2983/2842 1944/2909/2772
f 2366/2908/2771 1945/2910/2773 2374/2984/2843
f 2374/2984/2843 1945/2910/2773 1946/2985/2844
f 2374/2984/2843 1946/2985/2844 2382/2986/2845
f 2382/2986/2845 1946/2985/2844 1947/2987/2846
f 2382/2986/2845 1947/2987/2846 1992/2988/2847
f 1992/2988/2847 1947/2987/2846 1948/2989/2848
f 1992/2988/2847 1948/2989/2848 2412/2990/2849
f 2412/2990/2849 1948/2989/2848 2397/2991/2850
f 2412/2990/2849 2397/2991/2850 2398/2992/2851
f 2398/2992/2851 2397/2991/2850 2414/2993/2852
f 2398/2992/2851 2414/2993/2852 2415/2994/2853
f 2415/2994/2853 2414/2993/2852 2423/2995/2854
f 2415/2994/2853 2423/2995/2854 2424/2996/2855
f 2424/2996/2855 2423/2995/2854 2432/2997/2856
f 2424/2996/2855 2432/2997/2856 2433/2998/2857
f 2433/2998/2857 2432/2997/2856 2441/2999/2858
f 2433/2998/2857 2441/2999/2858 2442/3000/2859
f 2442/3000/2859 2441/2999/2858 2450/3001/2860
f 2442/3000/2859 2450/3001/2860 2451/3002/2861
f 2451/3002/2861 2450/3001/2860 2459/3003/2862
f 2451/3002/2861 2459/3003/2862 2460/3004/2863
f 2460/3004/2863 2459/3003/2862 2467/3005/2864
f 2460/3004/2863 2467/3005/2864 1872/3006/2525
f 1872/3006/2525 2467/3005/2864 1873/3007/2257
f 1873/3007/2257 2467/3005/2864 2476/3008/2865
f 1873/3007/2257 2476/3008/2865 1874/3009/2255
f 1874/3009/2255 2476/3008/2865 2475/3010/2866
f 1874/3009/2255 2475/3010/2866 1875/3011/2251
f 1875/3011/2251 2475/3010/2866 2491/3012/2867
f 1875/3011/2251 2491/3012/2867 1876/3013/2252
f 1876/3013/2252 2491/3012/2867 2499/3014/2868
f 1876/3013/2252 2499/3014/2868 1877/3015/2253
f 1877/3015/2253 2499/3014/2868 2507/3016/2869
f 1877/3015/2253 2507/3016/2869 1994/3017/2870
f 1994/3017/2870 2507/3016/2869 2506/3018/2871
f 1994/3017/2870 2506/3018/2871 2514/3019/2872
f 2514/3019/2872 2506/3018/2871 2505/3020/2873
f 2514/3019/2872 2505/3020/2873 2513/3021/2874
f 2513/3021/2874 2505/3020/2873 2504/3022/2875
f 2513/3021/2874 2504/3022/2875 2512/3023/2876
f 2512/3023/2876 2504/3022/2875 2503/3024/2877
f 2512/3023/2876 2503/3024/2877 2511/3025/2878
f 2511/3025/2878 2503/3024/2877 2502/3026/2879
f 2511/3025/2878 2502/3026/2879 2510/3027/2880
f 2510/3027/2880 2502/3026/2879 2501/3028/2881
f 2510/3027/2880 2501/3028/2881 2509/3029/2882
f 2509/3029/2882 2501/3028/2881 2500/3030/2883
f 2509/3029/2882 2500/3030/2883 2508/3031/2884
f 2508/3031/2884 2500/3030/2883 1960/3032/2885
f 2508/3031/2884 1960/3032/2885 1961/3033/2886
f 1948/2989/2848 1949/3034/2887 2397/2991/2850
f 2397/2991/2850 1949/3034/2887 2413/3035/2888
f 2397/2991/2850 2413/3035/2888 2414/2993/2852
f 2414/2993/2852 2413/3035/2888 2422/3036/2889
f 2414/2993/2852 2422/3036/2889 2423/2995/2854
f 2423/2995/2854 2422/3036/2889 2431/3037/2890
f 2423/2995/2854 2431/3037/2890 2432/2997/2856
f 2432/2997/2856 2431/3037/2890 2440/3038/2891
f 2432/2997/2856 2440/3038/2891 2441/2999/2858
f 2441/2999/2858 2440/3038/2891 2449/3039/2892
f 2441/2999/2858 2449/3039/2892 2450/3001/2860
f 2450/3001/2860 2449/3039/2892 2458/3040/2893
f 2450/3001/2860 2458/3040/2893 2459/3003/2862
f 2459/3003/2862 2458/3040/2893 2466/3041/2894
f 2459/3003/2862 2466/3041/2894 2467/3005/2864
f 2467/3005/2864 2466/3041/2894 2476/3008/2865
f 1949/3034/2887 1950/3042/2895 2413/3035/2888
f 2413/3035/2888 1950/3042/2895 2421/3043/2896
f 2413/3035/2888 2421/3043/2896 2422/3036/2889
f 2422/3036/2889 2421/3043/2896 2430/3044/2897
f 2422/3036/2889 2430/3044/2897 2431/3037/2890
f 2431/3037/2890 2430/3044/2897 2439/3045/2898
f 2431/3037/2890 2439/3045/2898 2440/3038/2891
f 2440/3038/2891 2439/3045/2898 2448/3046/2899
f 2440/3038/2891 2448/3046/2899 2449/3039/2892
f 2449/3039/2892 2448/3046/2899 2457/3047/2900
f 2449/3039/2892 2457/3047/2900 2458/3040/2893
f 2458/3040/2893 2457/3047/2900 2465/3048/2901
f 2458/3040/2893 2465/3048/2901 2466/3041/2894
f 2466/3041/2894 2465/3048/2901 2477/3049/2902
f 2466/3041/2894 2477/3049/2902 2476/3008/2865
f 2476/3008/2865 2477/3049/2902 2475/3010/2866
f 1950/3042/2895 1951/3050/2903 2421/3043/2896
f 2421/3043/2896 1951/3050/2903 2429/3051/2904
f 2421/3043/2896 2429/3051/2904 2430/3044/2897
f 2430/3044/2897 2429/3051/2904 2438/3052/2905
f 2430/3044/2897 2438/3052/2905 2439/3045/2898
f 2439/3045/2898 2438/3052/2905 2447/3053/2906
f 2439/3045/2898 2447/3053/2906 2448/3046/2899
f 2448/3046/2899 2447/3053/2906 2456/3054/2907
f 2448/3046/2899 2456/3054/2907 2457/3047/2900
f 2457/3047/2900 2456/3054/2907 2464/3055/2908
f 2457/3047/2900 2464/3055/2908 2465/3048/2901
f 2465/3048/2901 2464/3055/2908 2478/3056/2909
f 2465/3048/2901 2478/3056/2909 2477/3049/2902
f 2477/3049/2902 2478/3056/2909 2474/3057/2910
f 2477/3049/2902 2474/3057/2910 2475/3010/2866
f 2475/3010/2866 2474/3057/2910 2491/3012/2867
f 1951/3050/2903 1952/3058/2911 2429/3051/2904
f 2429/3051/2904 1952/3058/2911 2437/3059/2912
f 2429/3051/2904 2437/3059/2912 2438/3052/2905
f 2438/3052/2905 2437/3059/2912 2446/3060/2913
f 2438/3052/2905 2446/3060/2913 2447/3053/2906
f 2447/3053/2906 2446/3060/2913 2455/3061/2914
f 2447/3053/2906 2455/3061/2914 2456/3054/2907
f 2456/3054/2907 2455/3061/2914 2463/3062/2915
f 2456/3054/2907 2463/3062/2915 2464/3055/2908
f 2464/3055/2908 2463/3062/2915 2479/3063/2916
f 2464/3055/2908 2479/3063/2916 2478/3056/2909
f 2478/3056/2909 2479/3063/2916 2473/3064/2917
f 2478/3056/2909 2473/3064/2917 2474/3057/2910
f 2474/3057/2910 2473/3064/2917 2490/3065/2918
f 2474/3057/2910 2490/3065/2918 2491/3012/2867
f 2491/3012/2867 2490/3065/2918 2499/3014/2868
f 1952/3058/2911 1953/3066/2919 2437/3059/2912
f 2437/3059/2912 1953/3066/2919 2445/3067/2920
f 2437/3059/2912 2445/3067/2920 2446/3060/2913
f 2446/3060/2913 2445/3067/2920 2454/3068/2921
f 2446/3060/2913 2454/3068/2921 2455/3061/2914
f 2455/3061/2914 2454/3068/2921 2462/3069/2922
f 2455/3061/2914 2462/3069/2922 2463/3062/2915
f 2463/3062/2915 2462/3069/2922 2480/3070/2923
f 2463/3062/2915 2480/3070/2923 2479/3063/2916
f 2479/3063/2916 2480/3070/2923 2472/3071/2924
f 2479/3063/2916 2472/3071/2924 2473/3064/2917
f 2473/3064/2917 2472/3071/2924 2489/3072/2925
f 2473/3064/2917 2489/3072/2925 2490/3065/2918
f 2490/3065/2918 2489/3072/2925 2498/3073/2926
f 2490/3065/2918 2498/3073/2926 2499/3014/2868
f 2499/3014/2868 2498/3073/2926 2507/3016/2869
f 1953/3066/2919 1954/3074/2927 2445/3067/2920
f 2445/3067/2920 1954/3074/2927 2453/3075/2928
f 2445/3067/2920 2453/3075/2928 2454/3068/2921
f 2454/3068/2921 2453/3075/2928 2461/3076/2929
f 2454/3068/2921 2461/3076/2929 2462/3069/2922
f 2462/3069/2922 2461/3076/2929 2481/3077/2930
f 2462/3069/2922 2481/3077/2930 2480/3070/2923
f 2480/3070/2923 2481/3077/2930 2471/3078/2931
f 2480/3070/2923 2471/3078/2931 2472/3071/2924
f 2472/3071/2924 2471/3078/2931 2488/3079/2932
f 2472/3071/2924 2488/3079/2932 2489/3072/2925
f 2489/3072/2925 2488/3079/2932 2497/3080/2933
f 2489/3072/2925 2497/3080/2933 2498/3073/2926
f 2498/3073/2926 2497/3080/2933 2506/3018/2871
f 2498/3073/2926 2506/3018/2871 2507/3016/2869
f 1954/3074/2927 1955/3081/2934 2453/3075/2928
f 2453/3075/2928 1955/3081/2934 1993/3082/2935
f 2453/3075/2928 1993/3082/2935 2461/3076/2929
f 2461/3076/2929 1993/3082/2935 2482/3083/2936
f 2461/3076/2929 2482/3083/2936 2481/3077/2930
f 2481/3077/2930 2482/3083/2936 2470/3084/2937
f 2481/3077/2930 2470/3084/2937 2471/3078/2931
f 2471/3078/2931 2470/3084/2937 2487/3085/2938
f 2471/3078/2931 2487/3085/2938 2488/3079/2932
f 2488/3079/2932 2487/3085/2938 2496/3086/2939
f 2488/3079/2932 2496/3086/2939 2497/3080/2933
f 2497/3080/2933 2496/3086/2939 2505/3020/2873
f 2497/3080/2933 2505/3020/2873 2506/3018/2871
f 1955/3081/2934 1956/3087/2940 1993/3082/2935
f 1993/3082/2935 1956/3087/2940 2483/3088/2941
f 1993/3082/2935 2483/3088/2941 2482/3083/2936
f 2482/3083/2936 2483/3088/2941 2469/3089/2942
f 2482/3083/2936 2469/3089/2942 2470/3084/2937
f 2470/3084/2937 2469/3089/2942 2486/3090/2943
f 2470/3084/2937 2486/3090/2943 2487/3085/2938
f 2487/3085/2938 2486/3090/2943 2495/3091/2944
f 2487/3085/2938 2495/3091/2944 2496/3086/2939
f 2496/3086/2939 2495/3091/2944 2504/3022/2875
f 2496/3086/2939 2504/3022/2875 2505/3020/2873
f 2483/3088/2941 1956/3087/2940 2468/3092/2945
f 2468/3092/2945 1956/3087/2940 1957/3093/2946
f 2468/3092/2945 1957/3093/2946 2484/3094/2947
f 2484/3094/2947 1957/3093/2946 1958/3095/2948
f 2484/3094/2947 1958/3095/2948 2492/3096/2949
f 2492/3096/2949 1958/3095/2948 1959/3097/2950
f 2492/3096/2949 1959/3097/2950 2500/3030/2883
f 2500/3030/2883 1959/3097/2950 1960/3032/2885
f 2508/3031/2884 1961/3033/2886 2515/3098/2951
f 2515/3098/2951 1961/3033/2886 1962/3099/2952
f 2515/3098/2951 1962/3099/2952 2523/3100/2953
f 2523/3100/2953 1962/3099/2952 1963/3101/2954
f 2523/3100/2953 1963/3101/2954 1995/3102/2955
f 1995/3102/2955 1963/3101/2954 1964/3103/2956
f 1995/3102/2955 1964/3103/2956 2553/3104/2957
f 2553/3104/2957 1964/3103/2956 2538/3105/2958
f 2553/3104/2957 2538/3105/2958 2539/3106/2959
f 2539/3106/2959 2538/3105/2958 2555/3107/2960
f 2539/3106/2959 2555/3107/2960 2556/3108/2961
f 2556/3108/2961 2555/3107/2960 2564/3109/2962
f 2556/3108/2961 2564/3109/2962 2565/3110/2963
f 2565/3110/2963 2564/3109/2962 2573/3111/2964
f 2565/3110/2963 2573/3111/2964 2574/3112/2965
f 2574/3112/2965 2573/3111/2964 2582/3113/2966
f 2574/3112/2965 2582/3113/2966 2583/3114/2967
f 2583/3114/2967 2582/3113/2966 2591/3115/2968
f 2583/3114/2967 2591/3115/2968 2592/3116/2969
f 2592/3116/2969 2591/3115/2968 2600/3117/2970
f 2592/3116/2969 2600/3117/2970 2601/3118/2971
f 2601/3118/2971 2600/3117/2970 2608/3119/2972
f 2601/3118/2971 2608/3119/2972 1889/3120/2500
f 1889/3120/2500 2608/3119/2972 1890/3121/2471
f 1890/3121/2471 2608/3119/2972 2617/3122/2973
f 1890/3121/2471 2617/3122/2973 1891/3123/2473
f 1891/3123/2473 2617/3122/2973 2616/3124/2974
f 1891/3123/2473 2616/3124/2974 1892/3125/2475
f 1892/3125/2475 2616/3124/2974 2632/3126/2975
f 1892/3125/2475 2632/3126/2975 1893/3127/2477
f 1893/3127/2477 2632/3126/2975 2640/3128/2976
f 1893/3127/2477 2640/3128/2976 1894/3129/2480
f 1894/3129/2480 2640/3128/2976 2648/3130/2977
f 1894/3129/2480 2648/3130/2977 1997/3131/2978
f 1997/3131/2978 2648/3130/2977 2647/3132/2979
f 1997/3131/2978 2647/3132/2979 2655/3133/2980
f 2655/3133/2980 2647/3132/2979 2646/3134/2981
f 2655/3133/2980 2646/3134/2981 2654/3135/2982
f 2654/3135/2982 2646/3134/2981 2645/3136/2983
f 2654/3135/2982 2645/3136/2983 2653/3137/2984
f 2653/3137/2984 2645/3136/2983 2644/3138/2985
f 2653/3137/2984 2644/3138/2985 2652/3139/2986
f 2652/3139/2986 2644/3138/2985 2643/3140/2987
f 2652/3139/2986 2643/3140/2987 2651/3141/2988
f 2651/3141/2988 2643/3140/2987 2642/3142/2989
f 2651/3141/2988 2642/3142/2989 2650/3143/2990
f 2650/3143/2990 2642/3142/2989 2641/3144/2991
f 2650/3143/2990 2641/3144/2991 2649/3145/2992
f 2649/3145/2992 2641/3144/2991 1976/3146/2993
f 2649/3145/2992 1976/3146/2993 1977/3147/2994
f 1964/3103/2956 1965/3148/2995 2538/3105/2958
f 2538/3105/2958 1965/3148/2995 2554/3149/2996
f 2538/3105/2958 2554/3149/2996 2555/3107/2960
f 2555/3107/2960 2554/3149/2996 2563/3150/2997
f 2555/3107/2960 2563/3150/2997 2564/3109/2962
f 2564/3109/2962 2563/3150/2997 2572/3151/2998
f 2564/3109/2962 2572/3151/2998 2573/3111/2964
f 2573/3111/2964 2572/3151/2998 2581/3152/2999
f 2573/3111/2964 2581/3152/2999 2582/3113/2966
f 2582/3113/2966 2581/3152/2999 2590/3153/3000
f 2582/3113/2966 2590/3153/3000 2591/3115/2968
f 2591/3115/2968 2590/3153/3000 2599/3154/3001
f 2591/3115/2968 2599/3154/3001 2600/3117/2970
f 2600/3117/2970 2599/3154/3001 2607/3155/3002
f 2600/3117/2970 2607/3155/3002 2608/3119/2972
f 2608/3119/2972 2607/3155/3002 2617/3122/2973
f 1965/3148/2995 1966/3156/3003 2554/3149/2996
f 2554/3149/2996 1966/3156/3003 2562/3157/3004
f 2554/3149/2996 2562/3157/3004 2563/3150/2997
f 2563/3150/2997 2562/3157/3004 2571/3158/3005
f 2563/3150/2997 2571/3158/3005 2572/3151/2998
f 2572/3151/2998 2571/3158/3005 2580/3159/3006
f 2572/3151/2998 2580/3159/3006 2581/3152/2999
f 2581/3152/2999 2580/3159/3006 2589/3160/3007
f 2581/3152/2999 2589/3160/3007 2590/3153/3000
f 2590/3153/3000 2589/3160/3007 2598/3161/3008
f 2590/3153/3000 2598/3161/3008 2599/3154/3001
f 2599/3154/3001 2598/3161/3008 2606/3162/3009
f 2599/3154/3001 2606/3162/3009 2607/3155/3002
f 2607/3155/3002 2606/3162/3009 2618/3163/3010
f 2607/3155/3002 2618/3163/3010 2617/3122/2973
f 2617/3122/2973 2618/3163/3010 2616/3124/2974
f 1966/3156/3003 1967/3164/3011 2562/3157/3004
f 2562/3157/3004 1967/3164/3011 2570/3165/3012
f 2562/3157/3004 2570/3165/3012 2571/3158/3005
f 2571/3158/3005 2570/3165/3012 2579/3166/3013
f 2571/3158/3005 2579/3166/3013 2580/3159/3006
f 2580/3159/3006 2579/3166/3013 2588/3167/3014
f 2580/3159/3006 2588/3167/3014 2589/3160/3007
f 2589/3160/3007 2588/3167/3014 2597/3168/3015
f 2589/3160/3007 2597/3168/3015 2598/3161/3008
f 2598/3161/3008 2597/3168/3015 2605/3169/3016
f 2598/3161/3008 2605/3169/3016 2606/3162/3009
f 2606/3162/3009 2605/3169/3016 2619/3170/3017
f 2606/3162/3009 2619/3170/3017 2618/3163/3010
f 2618/3163/3010 2619/3170/3017 2615/3171/3018
f 2618/3163/3010 2615/3171/3018 2616/3124/2974
f 2616/3124/2974 2615/3171/3018 2632/3126/2975
f 1967/3164/3011 1968/3172/3019 2570/3165/3012
f 2570/3165/3012 1968/3172/3019 2578/3173/3020
f 2570/3165/3012 2578/3173/3020 2579/3166/3013
f 2579/3166/3013 2578/3173/3020 2587/3174/3021
f 2579/3166/3013 2587/3174/3021 2588/3167/3014
f 2588/3167/3014 2587/3174/3021 2596/3175/3022
f 2588/3167/3014 2596/3175/3022 2597/3168/3015
f 2597/3168/3015 2596/3175/3022 2604/3176/3023
f 2597/3168/3015 2604/3176/3023 2605/3169/3016
f 2605/3169/3016 2604/3176/3023 2620/3177/3024
f 2605/3169/3016 2620/3177/3024 2619/3170/3017
f 2619/3170/3017 2620/3177/3024 2614/3178/3025
f 2619/3170/3017 2614/3178/3025 2615/3171/3018
f 2615/3171/3018 2614/3178/3025 2631/3179/3026
f 2615/3171/3018 2631/3179/3026 2632/3126/2975
f 2632/3126/2975 2631/3179/3026 2640/3128/2976
f 1968/3172/3019 1969/3180/3027 2578/3173/3020
f 2578/3173/3020 1969/3180/3027 2586/3181/3028
f 2578/3173/3020 2586/3181/3028 2587/3174/3021
f 2587/3174/3021 2586/3181/3028 2595/3182/3029
f 2587/3174/3021 2595/3182/3029 2596/3175/3022
f 2596/3175/3022 2595/3182/3029 2603/3183/3030
f 2596/3175/3022 2603/3183/3030 2604/3176/3023
f 2604/3176/3023 2603/3183/3030 2621/3184/3031
f 2604/3176/3023 2621/3184/3031 2620/3177/3024
f 2620/3177/3024 2621/3184/3031 2613/3185/3032
f 2620/3177/3024 2613/3185/3032 2614/3178/3025
f 2614/3178/3025 2613/3185/3032 2630/3186/3033
f 2614/3178/3025 2630/3186/3033 2631/3179/3026
f 2631/3179/3026 2630/3186/3033 2639/3187/3034
f 2631/3179/3026 2639/3187/3034 2640/3128/2976
f 2640/3128/2976 2639/3187/3034 2648/3130/2977
f 1969/3180/3027 1970/3188/3035 2586/3181/3028
f 2586/3181/3028 1970/3188/3035 2594/3189/3036
f 2586/3181/3028 2594/3189/3036 2595/3182/3029
f 2595/3182/3029 2594/3189/3036 2602/3190/3037
f 2595/3182/3029 2602/3190/3037 2603/3183/3030
f 2603/3183/3030 2602/3190/3037 2622/3191/3038
f 2603/3183/3030 2622/3191/3038 2621/3184/3031
f 2621/3184/3031 2622/3191/3038 2612/3192/3039
f 2621/3184/3031 2612/3192/3039 2613/3185/3032
f 2613/3185/3032 2612/3192/3039 2629/3193/3040
f 2613/3185/3032 2629/3193/3040 2630/3186/3033
f 2630/3186/3033 2629/3193/3040 2638/3194/3041
f 2630/3186/3033 2638/3194/3041 2639/3187/3034
f 2639/3187/3034 2638/3194/3041 2647/3132/2979
f 2639/3187/3034 2647/3132/2979 2648/3130/2977
f 1970/3188/3035 1971/3195/3042 2594/3189/3036
f 2594/3189/3036 1971/3195/3042 1996/3196/3043
f 2594/3189/3036 1996/3196/3043 2602/3190/3037
f 2602/3190/3037 1996/3196/3043 2623/3197/3044
f 2602/3190/3037 2623/3197/3044 2622/3191/3038
f 2622/3191/3038 2623/3197/3044 2611/3198/3045
f 2622/3191/3038 2611/3198/3045 2612/3192/3039
f 2612/3192/3039 2611/3198/3045 2628/3199/3046
f 2612/3192/3039 2628/3199/3046 2629/3193/3040
f 2629/3193/3040 2628/3199/3046 2637/3200/3047
f 2629/3193/3040 2637/3200/3047 2638/3194/3041
f 2638/3194/3041 2637/3200/3047 2646/3134/2981
f 2638/3194/3041 2646/3134/2981 2647/3132/2979
f 1971/3195/3042 1972/3201/3048 1996/3196/3043
f 1996/3196/3043 1972/3201/3048 2624/3202/3049
f 1996/3196/3043 2624/3202/3049 2623/3197/3044
f 2623/3197/3044 2624/3202/3049 2610/3203/3050
f 2623/3197/3044 2610/3203/3050 2611/3198/3045
f 2611/3198/3045 2610/3203/3050 2627/3204/3051
f 2611/3198/3045 2627/3204/3051 2628/3199/3046
f 2628/3199/3046 2627/3204/3051 2636/3205/3052
f 2628/3199/3046 2636/3205/3052 2637/3200/3047
f 2637/3200/3047 2636/3205/3052 2645/3136/2983
f 2637/3200/3047 2645/3136/2983 2646/3134/2981
f 2624/3202/3049 1972/3201/3048 2609/3206/3053
f 2609/3206/3053 1972/3201/3048 1973/3207/3054
f 2609/3206/3053 1973/3207/3054 2625/3208/3055
f 2625/3208/3055 1973/3207/3054 1974/3209/3056
f 2625/3208/3055 1974/3209/3056 2633/3210/3057
f 2633/3210/3057 1974/3209/3056 1975/3211/3058
f 2633/3210/3057 1975/3211/3058 2641/3144/2991
f 2641/3144/2991 1975/3211/3058 1976/3146/2993
f 2649/3145/2992 1977/3147/2994 2656/3212/3059
f 2656/3212/3059 1977/3147/2994 1978/3213/3060
f 2656/3212/3059 1978/3213/3060 2664/3214/3061
f 2664/3214/3061 1978/3213/3060 1979/3215/3062
f 2664/3214/3061 1979/3215/3062 2672/2663/2555
f 2672/2663/2555 1979/3215/3062 1980/2661/2553
f 1902/3216/2433 2012/3217/3063 1817/3218/2431
f 1817/3218/2431 2012/3217/3063 2011/3219/3064
f 1817/3218/2431 2011/3219/3064 1818/3220/2429
f 1818/3220/2429 2011/3219/3064 2027/3221/3065
f 1818/3220/2429 2027/3221/3065 1819/3222/2426
f 1819/3222/2426 2027/3221/3065 2035/3223/3066
f 1819/3222/2426 2035/3223/3066 1820/3224/2424
f 1820/3224/2424 2035/3223/3066 2043/3225/3067
f 1820/3224/2424 2043/3225/3067 1821/3226/2422
f 1821/3226/2422 2043/3225/3067 2052/3227/3068
f 1821/3226/2422 2052/3227/3068 1822/3228/2419
f 1822/3228/2419 2052/3227/3068 2051/3229/3069
f 1822/3228/2419 2051/3229/3069 1823/3230/2417
f 1823/3230/2417 2051/3229/3069 2067/3231/3070
f 1823/3230/2417 2067/3231/3070 1824/3232/2415
f 1824/3232/2415 2067/3231/3070 2075/3233/3071
f 1824/3232/2415 2075/3233/3071 1825/3234/2412
f 1825/3234/2412 2075/3233/3071 1998/3235/3072
f 1825/3234/2412 1998/3235/3072 1826/2702/2410
f 1826/2702/2410 1998/3235/3072 2090/2700/2590
f 2012/3217/3063 1902/3216/2433 2711/3236/3073
f 2711/3236/3073 1902/3216/2433 1901/3237/2438
f 2711/3236/3073 1901/3237/2438 2703/3238/3074
f 2703/3238/3074 1901/3237/2438 1900/3239/2496
f 2703/3238/3074 1900/3239/2496 2687/3240/3075
f 2687/3240/3075 1900/3239/2496 1899/3241/2494
f 2687/3240/3075 1899/3241/2494 2688/2676/2568
f 2688/2676/2568 1899/3241/2494 1898/2678/2491
f 2679/2677/2569 1897/2679/2488 2671/3242/3076
f 2671/3242/3076 1897/2679/2488 1896/3243/2486
f 2671/3242/3076 1896/3243/2486 2663/3244/3077
f 2663/3244/3077 1896/3243/2486 1895/3245/2483
f 2663/3244/3077 1895/3245/2483 1997/3131/2978
f 1997/3131/2978 1895/3245/2483 1894/3129/2480
f 1889/3120/2500 1888/3246/2502 2601/3118/2971
f 2601/3118/2971 1888/3246/2502 2593/3247/3078
f 2601/3118/2971 2593/3247/3078 2592/3116/2969
f 2592/3116/2969 2593/3247/3078 2584/3248/3079
f 2592/3116/2969 2584/3248/3079 2583/3114/2967
f 2583/3114/2967 2584/3248/3079 2575/3249/3080
f 2583/3114/2967 2575/3249/3080 2574/3112/2965
f 2574/3112/2965 2575/3249/3080 2566/3250/3081
f 2574/3112/2965 2566/3250/3081 2565/3110/2963
f 2565/3110/2963 2566/3250/3081 2557/3251/3082
f 2565/3110/2963 2557/3251/3082 2556/3108/2961
f 2556/3108/2961 2557/3251/3082 2540/3252/3083
f 2556/3108/2961 2540/3252/3083 2539/3106/2959
f 2539/3106/2959 2540/3252/3083 2552/3253/3084
f 2539/3106/2959 2552/3253/3084 2553/3104/2957
f 2553/3104/2957 2552/3253/3084 1995/3102/2955
f 1888/3246/2502 1887/3254/2542 2593/3247/3078
f 2593/3247/3078 1887/3254/2542 2585/3255/3085
f 2593/3247/3078 2585/3255/3085 2584/3248/3079
f 2584/3248/3079 2585/3255/3085 2576/3256/3086
f 2584/3248/3079 2576/3256/3086 2575/3249/3080
f 2575/3249/3080 2576/3256/3086 2567/3257/3087
f 2575/3249/3080 2567/3257/3087 2566/3250/3081
f 2566/3250/3081 2567/3257/3087 2558/3258/3088
f 2566/3250/3081 2558/3258/3088 2557/3251/3082
f 2557/3251/3082 2558/3258/3088 2541/3259/3089
f 2557/3251/3082 2541/3259/3089 2540/3252/3083
f 2540/3252/3083 2541/3259/3089 2551/3260/3090
f 2540/3252/3083 2551/3260/3090 2552/3253/3084
f 2552/3253/3084 2551/3260/3090 2531/3261/3091
f 2552/3253/3084 2531/3261/3091 1995/3102/2955
f 1995/3102/2955 2531/3261/3091 2523/3100/2953
f 1887/3254/2542 1886/3262/2541 2585/3255/3085
f 2585/3255/3085 1886/3262/2541 2577/3263/3092
f 2585/3255/3085 2577/3263/3092 2576/3256/3086
f 2576/3256/3086 2577/3263/3092 2568/3264/3093
f 2576/3256/3086 2568/3264/3093 2567/3257/3087
f 2567/3257/3087 2568/3264/3093 2559/3265/3094
f 2567/3257/3087 2559/3265/3094 2558/3258/3088
f 2558/3258/3088 2559/3265/3094 2542/3266/3095
f 2558/3258/3088 2542/3266/3095 2541/3259/3089
f 2541/3259/3089 2542/3266/3095 2550/3267/3096
f 2541/3259/3089 2550/3267/3096 2551/3260/3090
f 2551/3260/3090 2550/3267/3096 2532/3268/3097
f 2551/3260/3090 2532/3268/3097 2531/3261/3091
f 2531/3261/3091 2532/3268/3097 2524/3269/3098
f 2531/3261/3091 2524/3269/3098 2523/3100/2953
f 2523/3100/2953 2524/3269/3098 2515/3098/2951
f 1886/3262/2541 1885/3270/2540 2577/3263/3092
f 2577/3263/3092 1885/3270/2540 2569/3271/3099
f 2577/3263/3092 2569/3271/3099 2568/3264/3093
f 2568/3264/3093 2569/3271/3099 2560/3272/3100
f 2568/3264/3093 2560/3272/3100 2559/3265/3094
f 2559/3265/3094 2560/3272/3100 2543/3273/3101
f 2559/3265/3094 2543/3273/3101 2542/3266/3095
f 2542/3266/3095 2543/3273/3101 2549/3274/3102
f 2542/3266/3095 2549/3274/3102 2550/3267/3096
f 2550/3267/3096 2549/3274/3102 2533/3275/3103
f 2550/3267/3096 2533/3275/3103 2532/3268/3097
f 2532/3268/3097 2533/3275/3103 2525/3276/3104
f 2532/3268/3097 2525/3276/3104 2524/3269/3098
f 2524/3269/3098 2525/3276/3104 2516/3277/3105
f 2524/3269/3098 2516/3277/3105 2515/3098/2951
f 2515/3098/2951 2516/3277/3105 2508/3031/2884
f 1885/3270/2540 1884/3278/2249 2569/3271/3099
f 2569/3271/3099 1884/3278/2249 2561/3279/3106
f 2569/3271/3099 2561/3279/3106 2560/3272/3100
f 2560/3272/3100 2561/3279/3106 2544/3280/3107
f 2560/3272/3100 2544/3280/3107 2543/3273/3101
f 2543/3273/3101 2544/3280/3107 2548/3281/3108
f 2543/3273/3101 2548/3281/3108 2549/3274/3102
f 2549/3274/3102 2548/3281/3108 2534/3282/3109
f 2549/3274/3102 2534/3282/3109 2533/3275/3103
f 2533/3275/3103 2534/3282/3109 2526/3283/3110
f 2533/3275/3103 2526/3283/3110 2525/3276/3104
f 2525/3276/3104 2526/3283/3110 2517/3284/3111
f 2525/3276/3104 2517/3284/3111 2516/3277/3105
f 2516/3277/3105 2517/3284/3111 2509/3029/2882
f 2516/3277/3105 2509/3029/2882 2508/3031/2884
f 1884/3278/2249 1883/3285/2248 2561/3279/3106
f 2561/3279/3106 1883/3285/2248 2545/3286/3112
f 2561/3279/3106 2545/3286/3112 2544/3280/3107
f 2544/3280/3107 2545/3286/3112 2547/3287/3113
f 2544/3280/3107 2547/3287/3113 2548/3281/3108
f 2548/3281/3108 2547/3287/3113 2535/3288/3114
f 2548/3281/3108 2535/3288/3114 2534/3282/3109
f 2534/3282/3109 2535/3288/3114 2527/3289/3115
f 2534/3282/3109 2527/3289/3115 2526/3283/3110
f 2526/3283/3110 2527/3289/3115 2518/3290/3116
f 2526/3283/3110 2518/3290/3116 2517/3284/3111
f 2517/3284/3111 2518/3290/3116 2510/3027/2880
f 2517/3284/3111 2510/3027/2880 2509/3029/2882
f 1883/3285/2248 1882/3291/2246 2545/3286/3112
f 2545/3286/3112 1882/3291/2246 2546/3292/3117
f 2545/3286/3112 2546/3292/3117 2547/3287/3113
f 2547/3287/3113 2546/3292/3117 2536/3293/3118
f 2547/3287/3113 2536/3293/3118 2535/3288/3114
f 2535/3288/3114 2536/3293/3118 2528/3294/3119
f 2535/3288/3114 2528/3294/3119 2527/3289/3115
f 2527/3289/3115 2528/3294/3119 2519/3295/3120
f 2527/3289/3115 2519/3295/3120 2518/3290/3116
f 2518/3290/3116 2519/3295/3120 2511/3025/2878
f 2518/3290/3116 2511/3025/2878 2510/3027/2880
f 1882/3291/2246 1881/3296/2539 2546/3292/3117
f 2546/3292/3117 1881/3296/2539 2537/3297/3121
f 2546/3292/3117 2537/3297/3121 2536/3293/3118
f 2536/3293/3118 2537/3297/3121 2529/3298/3122
f 2536/3293/3118 2529/3298/3122 2528/3294/3119
f 2528/3294/3119 2529/3298/3122 2520/3299/3123
f 2528/3294/3119 2520/3299/3123 2519/3295/3120
f 2519/3295/3120 2520/3299/3123 2512/3023/2876
f 2519/3295/3120 2512/3023/2876 2511/3025/2878
f 1881/3296/2539 1880/3300/2538 2537/3297/3121
f 2537/3297/3121 1880/3300/2538 2530/3301/3124
f 2537/3297/3121 2530/3301/3124 2529/3298/3122
f 2529/3298/3122 2530/3301/3124 2521/3302/3125
f 2529/3298/3122 2521/3302/3125 2520/3299/3123
f 2520/3299/3123 2521/3302/3125 2513/3021/2874
f 2520/3299/3123 2513/3021/2874 2512/3023/2876
f 1880/3300/2538 1879/3303/2537 2530/3301/3124
f 2530/3301/3124 1879/3303/2537 2522/3304/3126
f 2530/3301/3124 2522/3304/3126 2521/3302/3125
f 2521/3302/3125 2522/3304/3126 2514/3019/2872
f 2521/3302/3125 2514/3019/2872 2513/3021/2874
f 1879/3303/2537 1878/3305/2536 2522/3304/3126
f 2522/3304/3126 1878/3305/2536 1994/3017/2870
f 2522/3304/3126 1994/3017/2870 2514/3019/2872
f 1878/3305/2536 1877/3015/2253 1994/3017/2870
f 1872/3006/2525 1871/3306/2527 2460/3004/2863
f 2460/3004/2863 1871/3306/2527 2452/3307/3127
f 2460/3004/2863 2452/3307/3127 2451/3002/2861
f 2451/3002/2861 2452/3307/3127 2443/3308/3128
f 2451/3002/2861 2443/3308/3128 2442/3000/2859
f 2442/3000/2859 2443/3308/3128 2434/3309/3129
f 2442/3000/2859 2434/3309/3129 2433/2998/2857
f 2433/2998/2857 2434/3309/3129 2425/3310/3130
f 2433/2998/2857 2425/3310/3130 2424/2996/2855
f 2424/2996/2855 2425/3310/3130 2416/3311/3131
f 2424/2996/2855 2416/3311/3131 2415/2994/2853
f 2415/2994/2853 2416/3311/3131 2399/3312/3132
f 2415/2994/2853 2399/3312/3132 2398/2992/2851
f 2398/2992/2851 2399/3312/3132 2411/3313/3133
f 2398/2992/2851 2411/3313/3133 2412/2990/2849
f 2412/2990/2849 2411/3313/3133 1992/2988/2847
f 1871/3306/2527 1870/3314/2529 2452/3307/3127
f 2452/3307/3127 1870/3314/2529 2444/3315/3134
f 2452/3307/3127 2444/3315/3134 2443/3308/3128
f 2443/3308/3128 2444/3315/3134 2435/3316/3135
f 2443/3308/3128 2435/3316/3135 2434/3309/3129
f 2434/3309/3129 2435/3316/3135 2426/3317/3136
f 2434/3309/3129 2426/3317/3136 2425/3310/3130
f 2425/3310/3130 2426/3317/3136 2417/3318/3137
f 2425/3310/3130 2417/3318/3137 2416/3311/3131
f 2416/3311/3131 2417/3318/3137 2400/3319/3138
f 2416/3311/3131 2400/3319/3138 2399/3312/3132
f 2399/3312/3132 2400/3319/3138 2410/3320/3139
f 2399/3312/3132 2410/3320/3139 2411/3313/3133
f 2411/3313/3133 2410/3320/3139 2390/3321/3140
f 2411/3313/3133 2390/3321/3140 1992/2988/2847
f 1992/2988/2847 2390/3321/3140 2382/2986/2845
f 1870/3314/2529 1869/3322/2506 2444/3315/3134
f 2444/3315/3134 1869/3322/2506 2436/3323/3141
f 2444/3315/3134 2436/3323/3141 2435/3316/3135
f 2435/3316/3135 2436/3323/3141 2427/3324/3142
f 2435/3316/3135 2427/3324/3142 2426/3317/3136
f 2426/3317/3136 2427/3324/3142 2418/3325/3143
f 2426/3317/3136 2418/3325/3143 2417/3318/3137
f 2417/3318/3137 2418/3325/3143 2401/3326/3144
f 2417/3318/3137 2401/3326/3144 2400/3319/3138
f 2400/3319/3138 2401/3326/3144 2409/3327/3145
f 2400/3319/3138 2409/3327/3145 2410/3320/3139
f 2410/3320/3139 2409/3327/3145 2391/3328/3146
f 2410/3320/3139 2391/3328/3146 2390/3321/3140
f 2390/3321/3140 2391/3328/3146 2383/3329/3147
f 2390/3321/3140 2383/3329/3147 2382/2986/2845
f 2382/2986/2845 2383/3329/3147 2374/2984/2843
f 1869/3322/2506 1868/3330/2508 2436/3323/3141
f 2436/3323/3141 1868/3330/2508 2428/3331/3148
f 2436/3323/3141 2428/3331/3148 2427/3324/3142
f 2427/3324/3142 2428/3331/3148 2419/3332/3149
f 2427/3324/3142 2419/3332/3149 2418/3325/3143
f 2418/3325/3143 2419/3332/3149 2402/3333/3150
f 2418/3325/3143 2402/3333/3150 2401/3326/3144
f 2401/3326/3144 2402/3333/3150 2408/3334/3151
f 2401/3326/3144 2408/3334/3151 2409/3327/3145
f 2409/3327/3145 2408/3334/3151 2392/3335/3152
f 2409/3327/3145 2392/3335/3152 2391/3328/3146
f 2391/3328/3146 2392/3335/3152 2384/3336/3153
f 2391/3328/3146 2384/3336/3153 2383/3329/3147
f 2383/3329/3147 2384/3336/3153 2375/3337/3154
f 2383/3329/3147 2375/3337/3154 2374/2984/2843
f 2374/2984/2843 2375/3337/3154 2366/2908/2771
f 1868/3330/2508 1867/3338/2511 2428/3331/3148
f 2428/3331/3148 1867/3338/2511 2420/3339/3155
f 2428/3331/3148 2420/3339/3155 2419/3332/3149
f 2419/3332/3149 2420/3339/3155 2403/3340/3156
f 2419/3332/3149 2403/3340/3156 2402/3333/3150
f 2402/3333/3150 2403/3340/3156 2407/3341/3157
f 2402/3333/3150 2407/3341/3157 2408/3334/3151
f 2408/3334/3151 2407/3341/3157 2393/3342/3158
f 2408/3334/3151 2393/3342/3158 2392/3335/3152
f 2392/3335/3152 2393/3342/3158 2385/3343/3159
f 2392/3335/3152 2385/3343/3159 2384/3336/3153
f 2384/3336/3153 2385/3343/3159 2376/3344/3160
f 2384/3336/3153 2376/3344/3160 2375/3337/3154
f 2375/3337/3154 2376/3344/3160 2367/2906/2769
f 2375/3337/3154 2367/2906/2769 2366/2908/2771
f 1867/3338/2511 1866/3345/2513 2420/3339/3155
f 2420/3339/3155 1866/3345/2513 2404/3346/3161
f 2420/3339/3155 2404/3346/3161 2403/3340/3156
f 2403/3340/3156 2404/3346/3161 2406/3347/3162
f 2403/3340/3156 2406/3347/3162 2407/3341/3157
f 2407/3341/3157 2406/3347/3162 2394/3348/3163
f 2407/3341/3157 2394/3348/3163 2393/3342/3158
f 2393/3342/3158 2394/3348/3163 2386/3349/3164
f 2393/3342/3158 2386/3349/3164 2385/3343/3159
f 2385/3343/3159 2386/3349/3164 2377/3350/3165
f 2385/3343/3159 2377/3350/3165 2376/3344/3160
f 2376/3344/3160 2377/3350/3165 2368/2904/2767
f 2376/3344/3160 2368/2904/2767 2367/2906/2769
f 1866/3345/2513 1865/3351/2516 2404/3346/3161
f 2404/3346/3161 1865/3351/2516 2405/3352/3166
f 2404/3346/3161 2405/3352/3166 2406/3347/3162
f 2406/3347/3162 2405/3352/3166 2395/3353/3167
f 2406/3347/3162 2395/3353/3167 2394/3348/3163
f 2394/3348/3163 2395/3353/3167 2387/3354/3168
f 2394/3348/3163 2387/3354/3168 2386/3349/3164
f 2386/3349/3164 2387/3354/3168 2378/3355/3169
f 2386/3349/3164 2378/3355/3169 2377/3350/3165
f 2377/3350/3165 2378/3355/3169 2369/2902/2765
f 2377/3350/3165 2369/2902/2765 2368/2904/2767
f 1865/3351/2516 1864/3356/2519 2405/3352/3166
f 2405/3352/3166 1864/3356/2519 2396/3357/3170
f 2405/3352/3166 2396/3357/3170 2395/3353/3167
f 2395/3353/3167 2396/3357/3170 2388/3358/3171
f 2395/3353/3167 2388/3358/3171 2387/3354/3168
f 2387/3354/3168 2388/3358/3171 2379/3359/3172
f 2387/3354/3168 2379/3359/3172 2378/3355/3169
f 2378/3355/3169 2379/3359/3172 2370/2900/2763
f 2378/3355/3169 2370/2900/2763 2369/2902/2765
f 1864/3356/2519 1863/3360/2521 2396/3357/3170
f 2396/3357/3170 1863/3360/2521 2389/3361/3173
f 2396/3357/3170 2389/3361/3173 2388/3358/3171
f 2388/3358/3171 2389/3361/3173 2380/3362/3174
f 2388/3358/3171 2380/3362/3174 2379/3359/3172
f 2379/3359/3172 2380/3362/3174 2371/2898/2761
f 2379/3359/3172 2371/2898/2761 2370/2900/2763
f 1863/3360/2521 1862/3363/2293 2389/3361/3173
f 2389/3361/3173 1862/3363/2293 2381/3364/3175
f 2389/3361/3173 2381/3364/3175 2380/3362/3174
f 2380/3362/3174 2381/3364/3175 2372/2896/2759
f 2380/3362/3174 2372/2896/2759 2371/2898/2761
f 1862/3363/2293 1861/3365/2294 2381/3364/3175
f 2381/3364/3175 1861/3365/2294 2373/2894/2757
f 2381/3364/3175 2373/2894/2757 2372/2896/2759
f 1861/3365/2294 1860/2892/2297 2373/2894/2757
f 1854/2879/2311 1853/3366/2313 2318/2877/2749
f 2318/2877/2749 1853/3366/2313 2310/3367/3176
f 2318/2877/2749 2310/3367/3176 2309/2875/2747
f 2309/2875/2747 2310/3367/3176 2301/3368/3177
f 2309/2875/2747 2301/3368/3177 2300/2873/2745
f 2300/2873/2745 2301/3368/3177 2292/3369/3178
f 2300/2873/2745 2292/3369/3178 2291/2871/2743
f 2291/2871/2743 2292/3369/3178 2283/3370/3179
f 2291/2871/2743 2283/3370/3179 2282/2869/2741
f 2282/2869/2741 2283/3370/3179 2267/3371/3180
f 2282/2869/2741 2267/3371/3180 2266/2867/2739
f 2266/2867/2739 2267/3371/3180 2277/3372/3181
f 2266/2867/2739 2277/3372/3181 2278/2865/2737
f 2278/2865/2737 2277/3372/3181 2257/3373/3182
f 2278/2865/2737 2257/3373/3182 2256/2863/2735
f 2256/2863/2735 2257/3373/3182 2248/2861/2733
f 1853/3366/2313 1852/3374/2315 2310/3367/3176
f 2310/3367/3176 1852/3374/2315 2302/3375/3183
f 2310/3367/3176 2302/3375/3183 2301/3368/3177
f 2301/3368/3177 2302/3375/3183 2293/3376/3184
f 2301/3368/3177 2293/3376/3184 2292/3369/3178
f 2292/3369/3178 2293/3376/3184 2284/3377/3185
f 2292/3369/3178 2284/3377/3185 2283/3370/3179
f 2283/3370/3179 2284/3377/3185 2268/3378/3186
f 2283/3370/3179 2268/3378/3186 2267/3371/3180
f 2267/3371/3180 2268/3378/3186 2276/3379/3187
f 2267/3371/3180 2276/3379/3187 2277/3372/3181
f 2277/3372/3181 2276/3379/3187 2258/3380/3188
f 2277/3372/3181 2258/3380/3188 2257/3373/3182
f 2257/3373/3182 2258/3380/3188 2249/3381/3189
f 2257/3373/3182 2249/3381/3189 2248/2861/2733
f 2248/2861/2733 2249/3381/3189 2240/2859/2731
f 1852/3374/2315 1851/3382/2318 2302/3375/3183
f 2302/3375/3183 1851/3382/2318 2294/3383/3190
f 2302/3375/3183 2294/3383/3190 2293/3376/3184
f 2293/3376/3184 2294/3383/3190 2285/3384/3191
f 2293/3376/3184 2285/3384/3191 2284/3377/3185
f 2284/3377/3185 2285/3384/3191 2269/3385/3192
f 2284/3377/3185 2269/3385/3192 2268/3378/3186
f 2268/3378/3186 2269/3385/3192 2275/3386/3193
f 2268/3378/3186 2275/3386/3193 2276/3379/3187
f 2276/3379/3187 2275/3386/3193 2259/3387/3194
f 2276/3379/3187 2259/3387/3194 2258/3380/3188
f 2258/3380/3188 2259/3387/3194 2250/3388/3195
f 2258/3380/3188 2250/3388/3195 2249/3381/3189
f 2249/3381/3189 2250/3388/3195 2241/3389/3196
f 2249/3381/3189 2241/3389/3196 2240/2859/2731
f 2240/2859/2731 2241/3389/3196 2232/2751/2623
f 1851/3382/2318 1850/3390/2320 2294/3383/3190
f 2294/3383/3190 1850/3390/2320 2286/3391/3197
f 2294/3383/3190 2286/3391/3197 2285/3384/3191
f 2285/3384/3191 2286/3391/3197 2270/3392/3198
f 2285/3384/3191 2270/3392/3198 2269/3385/3192
f 2269/3385/3192 2270/3392/3198 2274/3393/3199
f 2269/3385/3192 2274/3393/3199 2275/3386/3193
f 2275/3386/3193 2274/3393/3199 2260/3394/3200
f 2275/3386/3193 2260/3394/3200 2259/3387/3194
f 2259/3387/3194 2260/3394/3200 2251/3395/3201
f 2259/3387/3194 2251/3395/3201 2250/3388/3195
f 2250/3388/3195 2251/3395/3201 2242/3396/3202
f 2250/3388/3195 2242/3396/3202 2241/3389/3196
f 2241/3389/3196 2242/3396/3202 2233/2749/2621
f 2241/3389/3196 2233/2749/2621 2232/2751/2623
f 1850/3390/2320 1849/3397/2322 2286/3391/3197
f 2286/3391/3197 1849/3397/2322 2271/3398/3203
f 2286/3391/3197 2271/3398/3203 2270/3392/3198
f 2270/3392/3198 2271/3398/3203 2273/3399/3204
f 2270/3392/3198 2273/3399/3204 2274/3393/3199
f 2274/3393/3199 2273/3399/3204 2261/3400/3205
f 2274/3393/3199 2261/3400/3205 2260/3394/3200
f 2260/3394/3200 2261/3400/3205 2252/3401/3206
f 2260/3394/3200 2252/3401/3206 2251/3395/3201
f 2251/3395/3201 2252/3401/3206 2243/3402/3207
f 2251/3395/3201 2243/3402/3207 2242/3396/3202
f 2242/3396/3202 2243/3402/3207 2234/2747/2619
f 2242/3396/3202 2234/2747/2619 2233/2749/2621
f 1849/3397/2322 1848/3403/2325 2271/3398/3203
f 2271/3398/3203 1848/3403/2325 2272/3404/3208
f 2271/3398/3203 2272/3404/3208 2273/3399/3204
f 2273/3399/3204 2272/3404/3208 2262/3405/3209
f 2273/3399/3204 2262/3405/3209 2261/3400/3205
f 2261/3400/3205 2262/3405/3209 2253/3406/3210
f 2261/3400/3205 2253/3406/3210 2252/3401/3206
f 2252/3401/3206 2253/3406/3210 2244/3407/3211
f 2252/3401/3206 2244/3407/3211 2243/3402/3207
f 2243/3402/3207 2244/3407/3211 2235/2745/2617
f 2243/3402/3207 2235/2745/2617 2234/2747/2619
f 1848/3403/2325 1847/3408/2327 2272/3404/3208
f 2272/3404/3208 1847/3408/2327 2263/3409/3212
f 2272/3404/3208 2263/3409/3212 2262/3405/3209
f 2262/3405/3209 2263/3409/3212 2254/3410/3213
f 2262/3405/3209 2254/3410/3213 2253/3406/3210
f 2253/3406/3210 2254/3410/3213 2245/3411/3214
f 2253/3406/3210 2245/3411/3214 2244/3407/3211
f 2244/3407/3211 2245/3411/3214 2236/2743/2615
f 2244/3407/3211 2236/2743/2615 2235/2745/2617
f 1847/3408/2327 1846/3412/2330 2263/3409/3212
f 2263/3409/3212 1846/3412/2330 2255/3413/3215
f 2263/3409/3212 2255/3413/3215 2254/3410/3213
f 2254/3410/3213 2255/3413/3215 2246/3414/3216
f 2254/3410/3213 2246/3414/3216 2245/3411/3214
f 2245/3411/3214 2246/3414/3216 2237/2741/2613
f 2245/3411/3214 2237/2741/2613 2236/2743/2615
f 1846/3412/2330 1845/3415/2332 2255/3413/3215
f 2255/3413/3215 1845/3415/2332 2247/3416/3217
f 2255/3413/3215 2247/3416/3217 2246/3414/3216
f 2246/3414/3216 2247/3416/3217 2238/2739/2611
f 2246/3414/3216 2238/2739/2611 2237/2741/2613
f 1845/3415/2332 1844/3417/2337 2247/3416/3217
f 2247/3416/3217 1844/3417/2337 2239/2737/2609
f 2247/3416/3217 2239/2737/2609 2238/2739/2611
f 1844/3417/2337 1843/2735/2395 2239/2737/2609
f 1984/2982/2770 1985/3418/2768 2358/2980/2841
f 2358/2980/2841 1985/3418/2768 2359/3419/3218
f 2358/2980/2841 2359/3419/3218 2350/2978/2839
f 2350/2978/2839 2359/3419/3218 2351/3420/3219
f 2350/2978/2839 2351/3420/3219 2335/2976/2837
f 2335/2976/2837 2351/3420/3219 2336/3421/3220
f 2335/2976/2837 2336/3421/3220 2003/2974/2835
f 2003/2974/2835 2336/3421/3220 2349/2969/2831
f 2003/2974/2835 2349/2969/2831 2327/2968/2830
f 1985/3418/2768 1986/3422/2766 2359/3419/3218
f 2359/3419/3218 1986/3422/2766 2360/3423/3221
f 2359/3419/3218 2360/3423/3221 2351/3420/3219
f 2351/3420/3219 2360/3423/3221 2352/3424/3222
f 2351/3420/3219 2352/3424/3222 2336/3421/3220
f 2336/3421/3220 2352/3424/3222 2337/2970/2832
f 2336/3421/3220 2337/2970/2832 2349/2969/2831
f 1986/3422/2766 1987/3425/2764 2360/3423/3221
f 2360/3423/3221 1987/3425/2764 2361/3426/3223
f 2360/3423/3221 2361/3426/3223 2352/3424/3222
f 2352/3424/3222 2361/3426/3223 2353/2971/2833
f 2352/3424/3222 2353/2971/2833 2337/2970/2832
f 1987/3425/2764 1988/3427/2762 2361/3426/3223
f 2361/3426/3223 1988/3427/2762 2362/2972/2834
f 2361/3426/3223 2362/2972/2834 2353/2971/2833
f 1988/3427/2762 1989/2973/2760 2362/2972/2834
f 2004/2652/2544 2005/3428/3224 2019/2654/2546
f 2019/2654/2546 2005/3428/3224 2018/3429/3225
f 2019/2654/2546 2018/3429/3225 2704/2656/2548
f 2704/2656/2548 2018/3429/3225 2705/3430/3226
f 2704/2656/2548 2705/3430/3226 2696/2658/2550
f 2696/2658/2550 2705/3430/3226 2697/3431/3227
f 2696/2658/2550 2697/3431/3227 2680/2660/2552
f 2680/2660/2552 2697/3431/3227 2681/3432/3228
f 2680/2660/2552 2681/3432/3228 2695/2662/2554
f 2695/2662/2554 2681/3432/3228 2694/2664/2556
f 2005/3428/3224 2006/3433/3229 2018/3429/3225
f 2018/3429/3225 2006/3433/3229 2017/3434/3230
f 2018/3429/3225 2017/3434/3230 2705/3430/3226
f 2705/3430/3226 2017/3434/3230 2706/3435/3231
f 2705/3430/3226 2706/3435/3231 2697/3431/3227
f 2697/3431/3227 2706/3435/3231 2698/3436/3232
f 2697/3431/3227 2698/3436/3232 2681/3432/3228
f 2681/3432/3228 2698/3436/3232 2682/3437/3233
f 2681/3432/3228 2682/3437/3233 2694/2664/2556
f 2694/2664/2556 2682/3437/3233 2693/2666/2558
f 2005/3428/3224 2004/2652/2544 2021/3438/3234
f 2021/3438/3234 2004/2652/2544 2020/2680/2570
f 2021/3438/3234 2020/2680/2570 2029/3439/3235
f 2029/3439/3235 2020/2680/2570 2028/2682/2572
f 2029/3439/3235 2028/2682/2572 2037/3440/3236
f 2037/3440/3236 2028/2682/2572 2036/2684/2574
f 2037/3440/3236 2036/2684/2574 2059/2686/2576
f 2006/3433/3229 2007/3441/3237 2017/3434/3230
f 2017/3434/3230 2007/3441/3237 2016/3442/3238
f 2017/3434/3230 2016/3442/3238 2706/3435/3231
f 2706/3435/3231 2016/3442/3238 2707/3443/3239
f 2706/3435/3231 2707/3443/3239 2698/3436/3232
f 2698/3436/3232 2707/3443/3239 2699/3444/3240
f 2698/3436/3232 2699/3444/3240 2682/3437/3233
f 2682/3437/3233 2699/3444/3240 2683/3445/3241
f 2682/3437/3233 2683/3445/3241 2693/2666/2558
f 2693/2666/2558 2683/3445/3241 2692/2668/2560
f 2006/3433/3229 2005/3428/3224 2022/3446/3242
f 2022/3446/3242 2005/3428/3224 2021/3438/3234
f 2022/3446/3242 2021/3438/3234 2030/3447/3243
f 2030/3447/3243 2021/3438/3234 2029/3439/3235
f 2030/3447/3243 2029/3439/3235 2038/3448/3244
f 2038/3448/3244 2029/3439/3235 2037/3440/3236
f 2038/3448/3244 2037/3440/3236 2058/2688/2578
f 2058/2688/2578 2037/3440/3236 2059/2686/2576
f 2007/3441/3237 2008/3449/3245 2016/3442/3238
f 2016/3442/3238 2008/3449/3245 2015/3450/3246
f 2016/3442/3238 2015/3450/3246 2707/3443/3239
f 2707/3443/3239 2015/3450/3246 2708/3451/3247
f 2707/3443/3239 2708/3451/3247 2699/3444/3240
f 2699/3444/3240 2708/3451/3247 2700/3452/3248
f 2699/3444/3240 2700/3452/3248 2683/3445/3241
f 2683/3445/3241 2700/3452/3248 2684/3453/3249
f 2683/3445/3241 2684/3453/3249 2692/2668/2560
f 2692/2668/2560 2684/3453/3249 2691/2670/2562
f 2007/3441/3237 2006/3433/3229 2023/3454/3250
f 2023/3454/3250 2006/3433/3229 2022/3446/3242
f 2023/3454/3250 2022/3446/3242 2031/3455/3251
f 2031/3455/3251 2022/3446/3242 2030/3447/3243
f 2031/3455/3251 2030/3447/3243 2039/3456/3252
f 2039/3456/3252 2030/3447/3243 2038/3448/3244
f 2039/3456/3252 2038/3448/3244 2057/2690/2580
f 2057/2690/2580 2038/3448/3244 2058/2688/2578
f 2008/3449/3245 2009/3457/3253 2015/3450/3246
f 2015/3450/3246 2009/3457/3253 2014/3458/3254
f 2015/3450/3246 2014/3458/3254 2708/3451/3247
f 2708/3451/3247 2014/3458/3254 2709/3459/3255
f 2708/3451/3247 2709/3459/3255 2700/3452/3248
f 2700/3452/3248 2709/3459/3255 2701/3460/3256
f 2700/3452/3248 2701/3460/3256 2684/3453/3249
f 2684/3453/3249 2701/3460/3256 2685/3461/3257
f 2684/3453/3249 2685/3461/3257 2691/2670/2562
f 2691/2670/2562 2685/3461/3257 2690/2672/2564
f 2008/3449/3245 2007/3441/3237 2024/3462/3258
f 2024/3462/3258 2007/3441/3237 2023/3454/3250
f 2024/3462/3258 2023/3454/3250 2032/3463/3259
f 2032/3463/3259 2023/3454/3250 2031/3455/3251
f 2032/3463/3259 2031/3455/3251 2040/3464/3260
f 2040/3464/3260 2031/3455/3251 2039/3456/3252
f 2040/3464/3260 2039/3456/3252 2056/3465/3261
f 2056/3465/3261 2039/3456/3252 2057/2690/2580
f 2056/3465/3261 2057/2690/2580 2047/2692/2582
f 2009/3457/3253 2010/3466/3262 2014/3458/3254
f 2014/3458/3254 2010/3466/3262 2013/3467/3263
f 2014/3458/3254 2013/3467/3263 2709/3459/3255
f 2709/3459/3255 2013/3467/3263 2710/3468/3264
f 2709/3459/3255 2710/3468/3264 2701/3460/3256
f 2701/3460/3256 2710/3468/3264 2702/3469/3265
f 2701/3460/3256 2702/3469/3265 2685/3461/3257
f 2685/3461/3257 2702/3469/3265 2686/3470/3266
f 2685/3461/3257 2686/3470/3266 2690/2672/2564
f 2690/2672/2564 2686/3470/3266 2689/2674/2566
f 2009/3457/3253 2008/3449/3245 2025/3471/3267
f 2025/3471/3267 2008/3449/3245 2024/3462/3258
f 2025/3471/3267 2024/3462/3258 2033/3472/3268
f 2033/3472/3268 2024/3462/3258 2032/3463/3259
f 2033/3472/3268 2032/3463/3259 2041/3473/3269
f 2041/3473/3269 2032/3463/3259 2040/3464/3260
f 2041/3473/3269 2040/3464/3260 2055/3474/3270
f 2055/3474/3270 2040/3464/3260 2056/3465/3261
f 2055/3474/3270 2056/3465/3261 2048/3475/3271
f 2048/3475/3271 2056/3465/3261 2047/2692/2582
f 2048/3475/3271 2047/2692/2582 2064/2694/2584
f 2010/3466/3262 2011/3219/3064 2013/3467/3263
f 2013/3467/3263 2011/3219/3064 2012/3217/3063
f 2013/3467/3263 2012/3217/3063 2710/3468/3264
f 2710/3468/3264 2012/3217/3063 2711/3236/3073
f 2710/3468/3264 2711/3236/3073 2702/3469/3265
f 2702/3469/3265 2711/3236/3073 2703/3238/3074
f 2702/3469/3265 2703/3238/3074 2686/3470/3266
f 2686/3470/3266 2703/3238/3074 2687/3240/3075
f 2686/3470/3266 2687/3240/3075 2689/2674/2566
f 2689/2674/2566 2687/3240/3075 2688/2676/2568
f 2010/3466/3262 2009/3457/3253 2026/3476/3272
f 2026/3476/3272 2009/3457/3253 2025/3471/3267
f 2026/3476/3272 2025/3471/3267 2034/3477/3273
f 2034/3477/3273 2025/3471/3267 2033/3472/3268
f 2034/3477/3273 2033/3472/3268 2042/3478/3274
f 2042/3478/3274 2033/3472/3268 2041/3473/3269
f 2042/3478/3274 2041/3473/3269 2054/3479/3275
f 2054/3479/3275 2041/3473/3269 2055/3474/3270
f 2054/3479/3275 2055/3474/3270 2049/3480/3276
f 2049/3480/3276 2055/3474/3270 2048/3475/3271
f 2049/3480/3276 2048/3475/3271 2065/3481/3277
f 2065/3481/3277 2048/3475/3271 2064/2694/2584
f 2065/3481/3277 2064/2694/2584 2073/2696/2586
f 2011/3219/3064 2010/3466/3262 2027/3221/3065
f 2027/3221/3065 2010/3466/3262 2026/3476/3272
f 2027/3221/3065 2026/3476/3272 2035/3223/3066
f 2035/3223/3066 2026/3476/3272 2034/3477/3273
f 2035/3223/3066 2034/3477/3273 2043/3225/3067
f 2043/3225/3067 2034/3477/3273 2042/3478/3274
f 2043/3225/3067 2042/3478/3274 2053/3482/3278
f 2053/3482/3278 2042/3478/3274 2054/3479/3275
f 2053/3482/3278 2054/3479/3275 2050/3483/3279
f 2050/3483/3279 2054/3479/3275 2049/3480/3276
f 2050/3483/3279 2049/3480/3276 2066/3484/3280
f 2066/3484/3280 2049/3480/3276 2065/3481/3277
f 2066/3484/3280 2065/3481/3277 2074/3485/3281
f 2074/3485/3281 2065/3481/3277 2073/2696/2586
f 2074/3485/3281 2073/2696/2586 2082/2698/2588
f 2052/3227/3068 2043/3225/3067 2053/3482/3278
f 2044/2687/2577 2061/2756/2628 2045/2689/2579
f 2045/2689/2579 2061/2756/2628 2062/3486/3282
f 2045/2689/2579 2062/3486/3282 2046/2691/2581
f 2046/2691/2581 2062/3486/3282 2063/2693/2583
f 2052/3227/3068 2053/3482/3278 2051/3229/3069
f 2051/3229/3069 2053/3482/3278 2050/3483/3279
f 2051/3229/3069 2050/3483/3279 2067/3231/3070
f 2067/3231/3070 2050/3483/3279 2066/3484/3280
f 2067/3231/3070 2066/3484/3280 2075/3233/3071
f 2075/3233/3071 2066/3484/3280 2074/3485/3281
f 2075/3233/3071 2074/3485/3281 1998/3235/3072
f 1998/3235/3072 2074/3485/3281 2082/2698/2588
f 1998/3235/3072 2082/2698/2588 2090/2700/2590
f 2061/2756/2628 2070/2758/2630 2062/3486/3282
f 2062/3486/3282 2070/2758/2630 2071/3487/3283
f 2062/3486/3282 2071/3487/3283 2063/2693/2583
f 2063/2693/2583 2071/3487/3283 2072/2695/2585
f 2070/2758/2630 2079/2760/2632 2071/3487/3283
f 2071/3487/3283 2079/2760/2632 2080/3488/3284
f 2071/3487/3283 2080/3488/3284 2072/2695/2585
f 2072/2695/2585 2080/3488/3284 2081/2697/2587
f 2079/2760/2632 2087/2762/2634 2080/3488/3284
f 2080/3488/3284 2087/2762/2634 2088/3489/3285
f 2080/3488/3284 2088/3489/3285 2081/2697/2587
f 2081/2697/2587 2088/3489/3285 2089/2699/2589
f 2087/2762/2634 2096/2764/2636 2088/3489/3285
f 2088/3489/3285 2096/2764/2636 2097/3490/3286
f 2088/3489/3285 2097/3490/3286 2089/2699/2589
f 2089/2699/2589 2097/3490/3286 2098/2701/2591
f 2106/2704/2592 2098/2701/2591 2097/3490/3286
f 2106/2704/2592 2097/3490/3286 2105/2766/2638
f 2105/2766/2638 2097/3490/3286 2096/2764/2636
f 2114/2706/2593 2106/2704/2592 2105/2766/2638
f 2123/2826/2698 2124/3491/3287 1999/2824/2696
f 1999/2824/2696 2124/3491/3287 2137/2818/2690
f 1999/2824/2696 2137/2818/2690 2115/2817/2689
f 2137/2818/2690 2124/3491/3287 2125/2819/2691
f 2125/2819/2691 2124/3491/3287 2140/3492/3288
f 2125/2819/2691 2140/3492/3288 2141/2820/2692
f 2141/2820/2692 2140/3492/3288 2149/3493/3289
f 2141/2820/2692 2149/3493/3289 2150/2821/2693
f 2150/2821/2693 2149/3493/3289 2158/3494/3290
f 2150/2821/2693 2158/3494/3290 2159/2822/2694
f 2159/2822/2694 2158/3494/3290 2167/3495/3291
f 2159/2822/2694 2167/3495/3291 2168/2823/2695
f 2168/2823/2695 2167/3495/3291 2176/3496/3292
f 2168/2823/2695 2176/3496/3292 2177/2722/2601
f 2177/2722/2601 2176/3496/3292 2185/2724/2602
f 2124/3491/3287 2123/2826/2698 2139/3497/3293
f 2139/3497/3293 2123/2826/2698 2138/2828/2700
f 2139/3497/3293 2138/2828/2700 2147/3498/3294
f 2147/3498/3294 2138/2828/2700 2146/2830/2702
f 2147/3498/3294 2146/2830/2702 2155/3499/3295
f 2155/3499/3295 2146/2830/2702 2154/2832/2704
f 2155/3499/3295 2154/2832/2704 2163/3500/3296
f 2163/3500/3296 2154/2832/2704 2162/2834/2706
f 2163/3500/3296 2162/2834/2706 2171/3501/3297
f 2171/3501/3297 2162/2834/2706 2170/2836/2708
f 2171/3501/3297 2170/2836/2708 2179/3502/3298
f 2179/3502/3298 2170/2836/2708 2178/2838/2710
f 2179/3502/3298 2178/2838/2710 2187/3503/3299
f 2187/3503/3299 2178/2838/2710 2186/2840/2712
f 2187/3503/3299 2186/2840/2712 2208/2842/2714
f 2124/3491/3287 2139/3497/3293 2140/3492/3288
f 2140/3492/3288 2139/3497/3293 2148/3504/3300
f 2140/3492/3288 2148/3504/3300 2149/3493/3289
f 2149/3493/3289 2148/3504/3300 2157/3505/3301
f 2149/3493/3289 2157/3505/3301 2158/3494/3290
f 2158/3494/3290 2157/3505/3301 2166/3506/3302
f 2158/3494/3290 2166/3506/3302 2167/3495/3291
f 2167/3495/3291 2166/3506/3302 2175/3507/3303
f 2167/3495/3291 2175/3507/3303 2176/3496/3292
f 2176/3496/3292 2175/3507/3303 2184/3508/3304
f 2176/3496/3292 2184/3508/3304 2185/2724/2602
f 2185/2724/2602 2184/3508/3304 2193/2726/2603
f 2148/3504/3300 2139/3497/3293 2147/3498/3294
f 2148/3504/3300 2147/3498/3294 2156/3509/3305
f 2156/3509/3305 2147/3498/3294 2155/3499/3295
f 2156/3509/3305 2155/3499/3295 2164/3510/3306
f 2164/3510/3306 2155/3499/3295 2163/3500/3296
f 2164/3510/3306 2163/3500/3296 2172/3511/3307
f 2172/3511/3307 2163/3500/3296 2171/3501/3297
f 2172/3511/3307 2171/3501/3297 2180/3512/3308
f 2180/3512/3308 2171/3501/3297 2179/3502/3298
f 2180/3512/3308 2179/3502/3298 2188/3513/3309
f 2188/3513/3309 2179/3502/3298 2187/3503/3299
f 2188/3513/3309 2187/3503/3299 2207/3514/3310
f 2207/3514/3310 2187/3503/3299 2208/2842/2714
f 2207/3514/3310 2208/2842/2714 2196/2844/2716
f 2148/3504/3300 2156/3509/3305 2157/3505/3301
f 2157/3505/3301 2156/3509/3305 2165/3515/3311
f 2157/3505/3301 2165/3515/3311 2166/3506/3302
f 2166/3506/3302 2165/3515/3311 2174/3516/3312
f 2166/3506/3302 2174/3516/3312 2175/3507/3303
f 2175/3507/3303 2174/3516/3312 2183/3517/3313
f 2175/3507/3303 2183/3517/3313 2184/3508/3304
f 2184/3508/3304 2183/3517/3313 2192/3518/3314
f 2184/3508/3304 2192/3518/3314 2193/2726/2603
f 2193/2726/2603 2192/3518/3314 2202/2728/2604
f 2165/3515/3311 2156/3509/3305 2164/3510/3306
f 2165/3515/3311 2164/3510/3306 2173/3519/3315
f 2173/3519/3315 2164/3510/3306 2172/3511/3307
f 2173/3519/3315 2172/3511/3307 2181/3520/3316
f 2181/3520/3316 2172/3511/3307 2180/3512/3308
f 2181/3520/3316 2180/3512/3308 2189/3521/3317
f 2189/3521/3317 2180/3512/3308 2188/3513/3309
f 2189/3521/3317 2188/3513/3309 2206/3522/3318
f 2206/3522/3318 2188/3513/3309 2207/3514/3310
f 2206/3522/3318 2207/3514/3310 2197/3523/3319
f 2197/3523/3319 2207/3514/3310 2196/2844/2716
f 2197/3523/3319 2196/2844/2716 2212/2846/2718
f 2165/3515/3311 2173/3519/3315 2174/3516/3312
f 2174/3516/3312 2173/3519/3315 2182/3524/3320
f 2174/3516/3312 2182/3524/3320 2183/3517/3313
f 2183/3517/3313 2182/3524/3320 2191/3525/3321
f 2183/3517/3313 2191/3525/3321 2192/3518/3314
f 2192/3518/3314 2191/3525/3321 2203/3526/3322
f 2192/3518/3314 2203/3526/3322 2202/2728/2604
f 2202/2728/2604 2203/3526/3322 2201/2730/2605
f 2182/3524/3320 2173/3519/3315 2181/3520/3316
f 2182/3524/3320 2181/3520/3316 2190/3527/3323
f 2190/3527/3323 2181/3520/3316 2189/3521/3317
f 2190/3527/3323 2189/3521/3317 2205/3528/3324
f 2205/3528/3324 2189/3521/3317 2206/3522/3318
f 2205/3528/3324 2206/3522/3318 2198/3529/3325
f 2198/3529/3325 2206/3522/3318 2197/3523/3319
f 2198/3529/3325 2197/3523/3319 2213/3530/3326
f 2213/3530/3326 2197/3523/3319 2212/2846/2718
f 2213/3530/3326 2212/2846/2718 2221/2848/2720
f 2182/3524/3320 2190/3527/3323 2191/3525/3321
f 2191/3525/3321 2190/3527/3323 2204/3531/3327
f 2191/3525/3321 2204/3531/3327 2203/3526/3322
f 2203/3526/3322 2204/3531/3327 2200/3532/3328
f 2203/3526/3322 2200/3532/3328 2201/2730/2605
f 2201/2730/2605 2200/3532/3328 2216/2732/2606
f 2204/3531/3327 2190/3527/3323 2205/3528/3324
f 2204/3531/3327 2205/3528/3324 2199/3533/3329
f 2199/3533/3329 2205/3528/3324 2198/3529/3325
f 2199/3533/3329 2198/3529/3325 2214/3534/3330
f 2214/3534/3330 2198/3529/3325 2213/3530/3326
f 2214/3534/3330 2213/3530/3326 2222/3535/3331
f 2222/3535/3331 2213/3530/3326 2221/2848/2720
f 2222/3535/3331 2221/2848/2720 2229/2740/2612
f 2204/3531/3327 2199/3533/3329 2200/3532/3328
f 2200/3532/3328 2199/3533/3329 2215/3536/3332
f 2200/3532/3328 2215/3536/3332 2216/2732/2606
f 2216/2732/2606 2215/3536/3332 2001/2734/2607
f 2215/3536/3332 2199/3533/3329 2214/3534/3330
f 2215/3536/3332 2214/3534/3330 2223/3537/3333
f 2223/3537/3333 2214/3534/3330 2222/3535/3331
f 2223/3537/3333 2222/3535/3331 2230/2738/2610
f 2230/2738/2610 2222/3535/3331 2229/2740/2612
f 2231/2736/2608 2001/2734/2607 2223/3537/3333
f 2223/3537/3333 2001/2734/2607 2215/3536/3332
f 2231/2736/2608 2223/3537/3333 2230/2738/2610
f 2483/3088/2941 2468/3092/2945 2469/3089/2942
f 2469/3089/2942 2468/3092/2945 2485/3538/3334
f 2469/3089/2942 2485/3538/3334 2486/3090/2943
f 2486/3090/2943 2485/3538/3334 2494/3539/3335
f 2486/3090/2943 2494/3539/3335 2495/3091/2944
f 2495/3091/2944 2494/3539/3335 2503/3024/2877
f 2495/3091/2944 2503/3024/2877 2504/3022/2875
f 2468/3092/2945 2484/3094/2947 2485/3538/3334
f 2485/3538/3334 2484/3094/2947 2493/3540/3336
f 2485/3538/3334 2493/3540/3336 2494/3539/3335
f 2494/3539/3335 2493/3540/3336 2502/3026/2879
f 2494/3539/3335 2502/3026/2879 2503/3024/2877
f 2484/3094/2947 2492/3096/2949 2493/3540/3336
f 2493/3540/3336 2492/3096/2949 2501/3028/2881
f 2493/3540/3336 2501/3028/2881 2502/3026/2879
f 2500/3030/2883 2501/3028/2881 2492/3096/2949
f 2624/3202/3049 2609/3206/3053 2610/3203/3050
f 2610/3203/3050 2609/3206/3053 2626/3541/3337
f 2610/3203/3050 2626/3541/3337 2627/3204/3051
f 2627/3204/3051 2626/3541/3337 2635/3542/3338
f 2627/3204/3051 2635/3542/3338 2636/3205/3052
f 2636/3205/3052 2635/3542/3338 2644/3138/2985
f 2636/3205/3052 2644/3138/2985 2645/3136/2983
f 2609/3206/3053 2625/3208/3055 2626/3541/3337
f 2626/3541/3337 2625/3208/3055 2634/3543/3339
f 2626/3541/3337 2634/3543/3339 2635/3542/3338
f 2635/3542/3338 2634/3543/3339 2643/3140/2987
f 2635/3542/3338 2643/3140/2987 2644/3138/2985
f 2625/3208/3055 2633/3210/3057 2634/3543/3339
f 2634/3543/3339 2633/3210/3057 2642/3142/2989
f 2634/3543/3339 2642/3142/2989 2643/3140/2987
f 2641/3144/2991 2642/3142/2989 2633/3210/3057
f 2650/3143/2990 2649/3145/2992 2657/3544/3340
f 2657/3544/3340 2649/3145/2992 2656/3212/3059
f 2657/3544/3340 2656/3212/3059 2665/3545/3341
f 2665/3545/3341 2656/3212/3059 2664/3214/3061
f 2665/3545/3341 2664/3214/3061 2673/2665/2557
f 2673/2665/2557 2664/3214/3061 2672/2663/2555
f 2651/3141/2988 2650/3143/2990 2658/3546/3342
f 2658/3546/3342 2650/3143/2990 2657/3544/3340
f 2658/3546/3342 2657/3544/3340 2666/3547/3343
f 2666/3547/3343 2657/3544/3340 2665/3545/3341
f 2666/3547/3343 2665/3545/3341 2674/2667/2559
f 2674/2667/2559 2665/3545/3341 2673/2665/2557
f 2652/3139/2986 2651/3141/2988 2659/3548/3344
f 2659/3548/3344 2651/3141/2988 2658/3546/3342
f 2659/3548/3344 2658/3546/3342 2667/3549/3345
f 2667/3549/3345 2658/3546/3342 2666/3547/3343
f 2667/3549/3345 2666/3547/3343 2675/2669/2561
f 2675/2669/2561 2666/3547/3343 2674/2667/2559
f 2653/3137/2984 2652/3139/2986 2660/3550/3346
f 2660/3550/3346 2652/3139/2986 2659/3548/3344
f 2660/3550/3346 2659/3548/3344 2668/3551/3347
f 2668/3551/3347 2659/3548/3344 2667/3549/3345
f 2668/3551/3347 2667/3549/3345 2676/2671/2563
f 2676/2671/2563 2667/3549/3345 2675/2669/2561
f 2654/3135/2982 2653/3137/2984 2661/3552/3348
f 2661/3552/3348 2653/3137/2984 2660/3550/3346
f 2661/3552/3348 2660/3550/3346 2669/3553/3349
f 2669/3553/3349 2660/3550/3346 2668/3551/3347
f 2669/3553/3349 2668/3551/3347 2677/2673/2565
f 2677/2673/2565 2668/3551/3347 2676/2671/2563
f 2663/3244/3077 1997/3131/2978 2655/3133/2980
f 2655/3133/2980 2654/3135/2982 2662/3554/3350
f 2662/3554/3350 2654/3135/2982 2661/3552/3348
f 2662/3554/3350 2661/3552/3348 2670/3555/3351
f 2670/3555/3351 2661/3552/3348 2669/3553/3349
f 2670/3555/3351 2669/3553/3349 2678/2675/2567
f 2678/2675/2567 2669/3553/3349 2677/2673/2565
f 2671/3242/3076 2663/3244/3077 2662/3554/3350
f 2662/3554/3350 2663/3244/3077 2655/3133/2980
f 2671/3242/3076 2662/3554/3350 2670/3555/3351
f 2679/2677/2569 2671/3242/3076 2670/3555/3351
f 2679/2677/2569 2670/3555/3351 2678/2675/2567
f 1497/3556/3352 2730/3557/3353 1394/3558/3354
f 1394/3558/3354 2730/3557/3353 2731/3559/3355
f 1394/3558/3354 2731/3559/3355 2732/3560/3356
f 1496/3561/3357 2725/3562/3358 1497/3556/3352
f 1497/3556/3352 2725/3562/3358 2726/3563/3359
f 1497/3556/3352 2726/3563/3359 2727/3564/3360
f 1495/3565/3361 1732/3566/3362 1496/3561/3357
f 1496/3561/3357 1732/3566/3362 1731/3567/3363
f 1496/3561/3357 1731/3567/3363 2725/3562/3358
f 2725/3562/3358 1731/3567/3363 2724/3568/3364
f 2724/3568/3364 1731/3567/3363 1730/3569/3365
f 2724/3568/3364 1730/3569/3365 2723/3570/3366
f 2723/3570/3366 1730/3569/3365 1729/3571/3367
f 2723/3570/3366 1729/3571/3367 2722/3572/3368
f 2722/3572/3368 1729/3571/3367 1728/3573/3369
f 2722/3572/3368 1728/3573/3369 2721/3574/3370
f 2721/3574/3370 1728/3573/3369 1727/3575/3371
f 2721/3574/3370 1727/3575/3371 2720/3576/3372
f 2720/3576/3372 1727/3575/3371 1726/3577/3373
f 2720/3576/3372 1726/3577/3373 1725/3578/3374
f 1495/3565/3361 1494/3579/3375 1732/3566/3362
f 1732/3566/3362 1494/3579/3375 1733/3580/3376
f 1733/3580/3376 1494/3579/3375 1493/3581/3377
f 1733/3580/3376 1493/3581/3377 1734/3582/3378
f 1734/3582/3378 1493/3581/3377 1492/3583/3379
f 1734/3582/3378 1492/3583/3379 1735/3584/3380
f 1735/3584/3380 1492/3583/3379 1491/3585/3381
f 1735/3584/3380 1491/3585/3381 1490/3586/3382
f 1735/3584/3380 1490/3586/3382 1736/3587/3383
f 1736/3587/3383 1490/3586/3382 1489/3588/3384
f 1736/3587/3383 1489/3588/3384 1737/3589/3385
f 1737/3589/3385 1489/3588/3384 1738/3590/3386
f 1738/3590/3386 1489/3588/3384 1488/3591/3387
f 1738/3590/3386 1488/3591/3387 1739/3592/3388
f 1739/3592/3388 1488/3591/3387 1487/3593/3389
f 1739/3592/3388 1487/3593/3389 1740/3594/3390
f 1740/3594/3390 1487/3593/3389 1486/3595/3391
f 1740/3594/3390 1486/3595/3391 1741/3596/3392
f 1741/3596/3392 1486/3595/3391 1742/3597/3393
f 1742/3597/3393 1486/3595/3391 1485/3598/3394
f 1742/3597/3393 1485/3598/3394 1743/3599/3395
f 1743/3599/3395 1485/3598/3394 1484/3600/3396
f 1743/3599/3395 1484/3600/3396 1744/3601/3397
f 1744/3601/3397 1484/3600/3396 1709/3602/3398
f 1709/3602/3398 1484/3600/3396 1483/3603/3399
f 1709/3602/3398 1483/3603/3399 1710/3604/3400
f 1710/3604/3400 1483/3603/3399 1482/3605/3401
f 1710/3604/3400 1482/3605/3401 1711/3606/3402
f 1711/3606/3402 1482/3605/3401 1481/3607/3403
f 1711/3606/3402 1481/3607/3403 1712/3608/3404
f 1712/3608/3404 1481/3607/3403 1713/3609/3405
f 1713/3609/3405 1481/3607/3403 1480/3610/3406
f 1713/3609/3405 1480/3610/3406 1714/3611/3407
f 1714/3611/3407 1480/3610/3406 1479/3612/3408
f 1714/3611/3407 1479/3612/3408 1715/3613/3409
f 1715/3613/3409 1479/3612/3408 1478/3614/3410
f 1715/3613/3409 1478/3614/3410 1477/3615/3411
f 1715/3613/3409 1477/3615/3411 1716/3616/3412
f 1716/3616/3412 1477/3615/3411 1476/3617/3413
f 1716/3616/3412 1476/3617/3413 1717/3618/3414
f 1717/3618/3414 1476/3617/3413 1475/3619/3415
f 1717/3618/3414 1475/3619/3415 2712/3620/3416
f 2712/3620/3416 1475/3619/3415 2784/3621/3417
f 2784/3621/3417 1475/3619/3415 1474/3622/3418
f 2784/3621/3417 1474/3622/3418 1473/3623/3419
f 2784/3621/3417 1473/3623/3419 2783/3624/3420
f 2783/3624/3420 1473/3623/3419 1472/3625/3421
f 2783/3624/3420 1472/3625/3421 2782/3626/3422
f 2782/3626/3422 1472/3625/3421 1471/3627/3423
f 2782/3626/3422 1471/3627/3423 1470/3628/3424
f 2782/3626/3422 1470/3628/3424 2781/3629/3425
f 2781/3629/3425 1470/3628/3424 1469/3630/3426
f 2781/3629/3425 1469/3630/3426 2780/3631/3427
f 2780/3631/3427 1469/3630/3426 1468/3632/3428
f 2780/3631/3427 1468/3632/3428 1467/3633/3429
f 2780/3631/3427 1467/3633/3429 2779/3634/3430
f 2779/3634/3430 1467/3633/3429 1466/3635/3431
f 2779/3634/3430 1466/3635/3431 2778/3636/3432
f 2778/3636/3432 1466/3635/3431 1465/3637/3433
f 2778/3636/3432 1465/3637/3433 1464/3638/3434
f 2778/3636/3432 1464/3638/3434 2777/3639/3435
f 2777/3639/3435 1464/3638/3434 1463/3640/3436
f 2777/3639/3435 1463/3640/3436 1462/3641/3437
f 2777/3639/3435 1462/3641/3437 2776/3642/3438
f 2776/3642/3438 1462/3641/3437 1461/3643/3439
f 2776/3642/3438 1461/3643/3439 2775/3644/3440
f 2775/3644/3440 1461/3643/3439 1460/3645/3441
f 2775/3644/3440 1460/3645/3441 1459/3646/3442
f 2775/3644/3440 1459/3646/3442 2774/3647/3443
f 2774/3647/3443 1459/3646/3442 1458/3648/3444
f 2774/3647/3443 1458/3648/3444 1457/3649/3445
f 1456/3650/3446 1815/3651/3447 1457/3649/3445
f 1457/3649/3445 1815/3651/3447 2773/3652/3448
f 1457/3649/3445 2773/3652/3448 2774/3647/3443
f 1815/3651/3447 1456/3650/3446 1816/3653/3449
f 1816/3653/3449 1456/3650/3446 1455/3654/3450
f 1816/3653/3449 1455/3654/3450 1454/3655/3451
f 1816/3653/3449 1454/3655/3451 1781/3656/3452
f 1781/3656/3452 1454/3655/3451 1453/3657/3453
f 1781/3656/3452 1453/3657/3453 1782/3658/3454
f 1782/3658/3454 1453/3657/3453 1452/3659/3455
f 1782/3658/3454 1452/3659/3455 1783/3660/3456
f 1783/3660/3456 1452/3659/3455 1451/3661/3457
f 1783/3660/3456 1451/3661/3457 1784/3662/3458
f 1784/3662/3458 1451/3661/3457 1450/3663/3459
f 1784/3662/3458 1450/3663/3459 1785/3664/3460
f 1785/3664/3460 1450/3663/3459 1449/3665/3461
f 1785/3664/3460 1449/3665/3461 1786/3666/3462
f 1786/3666/3462 1449/3665/3461 1448/3667/3463
f 1786/3666/3462 1448/3667/3463 1787/3668/3464
f 1787/3668/3464 1448/3667/3463 1447/3669/3465
f 1787/3668/3464 1447/3669/3465 1788/3670/3466
f 1788/3670/3466 1447/3669/3465 1789/3671/3467
f 1789/3671/3467 1447/3669/3465 1446/3672/3468
f 1789/3671/3467 1446/3672/3468 1790/3673/3469
f 1790/3673/3469 1446/3672/3468 1445/3674/3470
f 1790/3673/3469 1445/3674/3470 1444/3675/3471
f 1444/3675/3471 1443/3676/3472 1790/3673/3469
f 1790/3673/3469 1443/3676/3472 1442/3677/3473
f 1790/3673/3469 1442/3677/3473 1441/3678/3474
f 1441/3678/3474 1440/3679/3475 1790/3673/3469
f 1790/3673/3469 1440/3679/3475 1439/3680/3476
f 1790/3673/3469 1439/3680/3476 1438/3681/3477
f 1438/3681/3477 1437/3682/3478 1790/3673/3469
f 1790/3673/3469 1437/3682/3478 1436/3683/3479
f 1790/3673/3469 1436/3683/3479 1791/3684/3480
f 1791/3684/3480 1436/3683/3479 1435/3685/3481
f 1791/3684/3480 1435/3685/3481 1434/3686/3482
f 1434/3686/3482 1433/3687/3483 1791/3684/3480
f 1791/3684/3480 1433/3687/3483 1792/3688/3484
f 1792/3688/3484 1433/3687/3483 1793/3689/3485
f 1793/3689/3485 1433/3687/3483 1794/3690/3486
f 1794/3690/3486 1433/3687/3483 1795/3691/3487
f 1795/3691/3487 1433/3687/3483 1796/3692/3488
f 1796/3692/3488 1433/3687/3483 1797/3693/3489
f 1797/3693/3489 1433/3687/3483 1798/3694/3490
f 1798/3694/3490 1433/3687/3483 1799/3695/3491
f 1799/3695/3491 1433/3687/3483 1800/3696/3492
f 1800/3696/3492 1433/3687/3483 1801/3697/3493
f 1801/3697/3493 1433/3687/3483 2760/3698/3494
f 1801/3697/3493 2760/3698/3494 2761/3699/3495
f 2760/3698/3494 1433/3687/3483 2759/3700/3496
f 2759/3700/3496 1433/3687/3483 1432/3701/3497
f 2759/3700/3496 1432/3701/3497 1431/3702/3498
f 2759/3700/3496 1431/3702/3498 2758/3703/3499
f 2758/3703/3499 1431/3702/3498 1430/3704/3500
f 2758/3703/3499 1430/3704/3500 1429/3705/3501
f 2758/3703/3499 1429/3705/3501 2757/3706/3502
f 2757/3706/3502 1429/3705/3501 1428/3707/3503
f 2757/3706/3502 1428/3707/3503 2756/3708/3504
f 2756/3708/3504 1428/3707/3503 1427/3709/3505
f 2756/3708/3504 1427/3709/3505 1426/3710/3506
f 2756/3708/3504 1426/3710/3506 2755/3711/3507
f 2755/3711/3507 1426/3710/3506 1425/3712/3508
f 2755/3711/3507 1425/3712/3508 2754/3713/3509
f 2754/3713/3509 1425/3712/3508 1424/3714/3510
f 2754/3713/3509 1424/3714/3510 1423/3715/3511
f 2754/3713/3509 1423/3715/3511 2753/3716/3512
f 2753/3716/3512 1423/3715/3511 1422/3717/3513
f 2753/3716/3512 1422/3717/3513 1421/3718/3514
f 2753/3716/3512 1421/3718/3514 2752/3719/3515
f 2752/3719/3515 1421/3718/3514 1420/3720/3516
f 2752/3719/3515 1420/3720/3516 2751/3721/3517
f 2751/3721/3517 1420/3720/3516 1419/3722/3518
f 2751/3721/3517 1419/3722/3518 1418/3723/3519
f 2751/3721/3517 1418/3723/3519 2750/3724/3520
f 2750/3724/3520 1418/3723/3519 1417/3725/3521
f 2750/3724/3520 1417/3725/3521 2749/3726/3522
f 2749/3726/3522 1417/3725/3521 1416/3727/3523
f 2749/3726/3522 1416/3727/3523 1647/3728/3524
f 1647/3728/3524 1416/3727/3523 1415/3729/3525
f 1647/3728/3524 1415/3729/3525 1648/3730/3526
f 1648/3730/3526 1415/3729/3525 1414/3731/3527
f 1648/3730/3526 1414/3731/3527 1649/3732/3528
f 1649/3732/3528 1414/3731/3527 1413/3733/3529
f 1649/3732/3528 1413/3733/3529 1412/3734/3530
f 1649/3732/3528 1412/3734/3530 1650/3735/3531
f 1650/3735/3531 1412/3734/3530 1411/3736/3532
f 1650/3735/3531 1411/3736/3532 1651/3737/3533
f 1651/3737/3533 1411/3736/3532 1410/3738/3534
f 1651/3737/3533 1410/3738/3534 1652/3739/3535
f 1652/3739/3535 1410/3738/3534 1653/3740/3536
f 1653/3740/3536 1410/3738/3534 1409/3741/3537
f 1653/3740/3536 1409/3741/3537 1654/3742/3538
f 1654/3742/3538 1409/3741/3537 1408/3743/3539
f 1654/3742/3538 1408/3743/3539 1655/3744/3540
f 1655/3744/3540 1408/3743/3539 1407/3745/3541
f 1655/3744/3540 1407/3745/3541 1656/3746/3542
f 1656/3746/3542 1407/3745/3541 1657/3747/3543
f 1657/3747/3543 1407/3745/3541 1406/3748/3544
f 1657/3747/3543 1406/3748/3544 1658/3749/3545
f 1658/3749/3545 1406/3748/3544 1405/3750/3546
f 1658/3749/3545 1405/3750/3546 1659/3751/3547
f 1659/3751/3547 1405/3750/3546 1660/3752/3548
f 1660/3752/3548 1405/3750/3546 1404/3753/3549
f 1660/3752/3548 1404/3753/3549 1661/3754/3550
f 1661/3754/3550 1404/3753/3549 1403/3755/3551
f 1661/3754/3550 1403/3755/3551 1662/3756/3552
f 1662/3756/3552 1403/3755/3551 1402/3757/3553
f 1662/3756/3552 1402/3757/3553 1663/3758/3554
f 1663/3758/3554 1402/3757/3553 1664/3759/3555
f 1664/3759/3555 1402/3757/3553 1401/3760/3556
f 1664/3759/3555 1401/3760/3556 1665/3761/3557
f 1665/3761/3557 1401/3760/3556 1400/3762/3558
f 1665/3761/3557 1400/3762/3558 1399/3763/3559
f 1665/3761/3557 1399/3763/3559 1666/3764/3560
f 1666/3764/3560 1399/3763/3559 1398/3765/3561
f 1666/3764/3560 1398/3765/3561 1667/3766/3562
f 1667/3766/3562 1398/3765/3561 1397/3767/3563
f 1667/3766/3562 1397/3767/3563 1668/3768/3564
f 1668/3768/3564 1397/3767/3563 1396/3769/3565
f 1668/3768/3564 1396/3769/3565 1395/3770/3566
f 1394/3558/3354 2735/3771/3567 1395/3770/3566
f 1395/3770/3566 2735/3771/3567 2736/3772/3568
f 1395/3770/3566 2736/3772/3568 1669/3773/3569
f 1669/3773/3569 2736/3772/3568 2737/3774/3570
f 1669/3773/3569 2737/3774/3570 1670/3775/3571
f 1670/3775/3571 2737/3774/3570 2738/3776/3572
f 1670/3775/3571 2738/3776/3572 1671/3777/3573
f 1671/3777/3573 2738/3776/3572 1672/3778/3574
f 1672/3778/3574 2738/3776/3572 2739/3779/3575
f 1672/3778/3574 2739/3779/3575 1637/3780/3576
f 1637/3780/3576 2739/3779/3575 2740/3781/3577
f 1637/3780/3576 2740/3781/3577 1638/3782/3578
f 1638/3782/3578 2740/3781/3577 2741/3783/3579
f 1638/3782/3578 2741/3783/3579 1639/3784/3580
f 1639/3784/3580 2741/3783/3579 2742/3785/3581
f 1639/3784/3580 2742/3785/3581 1640/3786/3582
f 1640/3786/3582 2742/3785/3581 2743/3787/3583
f 1640/3786/3582 2743/3787/3583 1641/3788/3584
f 1641/3788/3584 2743/3787/3583 1642/3789/3585
f 1642/3789/3585 2743/3787/3583 2744/3790/3586
f 1642/3789/3585 2744/3790/3586 1643/3791/3587
f 1643/3791/3587 2744/3790/3586 2745/3792/3588
f 1643/3791/3587 2745/3792/3588 1644/3793/3589
f 1644/3793/3589 2745/3792/3588 2746/3794/3590
f 1644/3793/3589 2746/3794/3590 1645/3795/3591
f 1645/3795/3591 2746/3794/3590 2747/3796/3592
f 1645/3795/3591 2747/3796/3592 1646/3797/3593
f 1646/3797/3593 2747/3796/3592 2748/3798/3594
f 1646/3797/3593 2748/3798/3594 1647/3728/3524
f 1647/3728/3524 2748/3798/3594 2749/3726/3522
f 2712/3620/3416 2713/3799/3595 1717/3618/3414
f 1717/3618/3414 2713/3799/3595 1718/3800/3596
f 1718/3800/3596 2713/3799/3595 2714/3801/3597
f 1718/3800/3596 2714/3801/3597 1719/3802/3598
f 1719/3802/3598 2714/3801/3597 2715/3803/3599
f 1719/3802/3598 2715/3803/3599 1720/3804/3600
f 1720/3804/3600 2715/3803/3599 1721/3805/3601
f 1721/3805/3601 2715/3803/3599 2716/3806/3602
f 1721/3805/3601 2716/3806/3602 1722/3807/3603
f 1722/3807/3603 2716/3806/3602 2717/3808/3604
f 1722/3807/3603 2717/3808/3604 1723/3809/3605
f 1723/3809/3605 2717/3808/3604 2718/3810/3606
f 1723/3809/3605 2718/3810/3606 1724/3811/3607
f 1724/3811/3607 2718/3810/3606 2719/3812/3608
f 1724/3811/3607 2719/3812/3608 1725/3578/3374
f 1725/3578/3374 2719/3812/3608 2720/3576/3372
f 2727/3564/3360 2728/3813/3609 1497/3556/3352
f 1497/3556/3352 2728/3813/3609 2729/3814/3610
f 1497/3556/3352 2729/3814/3610 2730/3557/3353
f 2732/3560/3356 2733/3815/3611 1394/3558/3354
f 1394/3558/3354 2733/3815/3611 2734/3816/3612
f 1394/3558/3354 2734/3816/3612 2735/3771/3567
f 1801/3697/3493 2761/3699/3495 1802/3817/3613
f 1802/3817/3613 2761/3699/3495 2762/3818/3614
f 1802/3817/3613 2762/3818/3614 1803/3819/3615
f 1803/3819/3615 2762/3818/3614 2763/3820/3616
f 1803/3819/3615 2763/3820/3616 1804/3821/3617
f 1804/3821/3617 2763/3820/3616 2764/3822/3618
f 1804/3821/3617 2764/3822/3618 1805/3823/3619
f 1805/3823/3619 2764/3822/3618 2765/3824/3620
f 1805/3823/3619 2765/3824/3620 1806/3825/3621
f 1806/3825/3621 2765/3824/3620 1807/3826/3622
f 1807/3826/3622 2765/3824/3620 2766/3827/3623
f 1807/3826/3622 2766/3827/3623 1808/3828/3624
f 1808/3828/3624 2766/3827/3623 2767/3829/3625
f 1808/3828/3624 2767/3829/3625 1809/3830/3626
f 1809/3830/3626 2767/3829/3625 2768/3831/3627
f 1809/3830/3626 2768/3831/3627 1810/3832/3628
f 1810/3832/3628 2768/3831/3627 2769/3833/3629
f 1810/3832/3628 2769/3833/3629 1811/3834/3630
f 1811/3834/3630 2769/3833/3629 2770/3835/3631
f 1811/3834/3630 2770/3835/3631 1812/3836/3632
f 1812/3836/3632 2770/3835/3631 2771/3837/3633
f 1812/3836/3632 2771/3837/3633 1813/3838/3634
f 1813/3838/3634 2771/3837/3633 2772/3839/3635
f 1813/3838/3634 2772/3839/3635 1814/3840/3636
f 1814/3840/3636 2772/3839/3635 2773/3652/3448
f 1814/3840/3636 2773/3652/3448 1815/3651/3447
f 1669/3773/3569 1668/3768/3564 1395/3770/3566
f 1497/3841/3637 1394/3842/3638 1498/3843/3639
f 1498/3843/3639 1394/3842/3638 1393/3844/3640
f 179/3845/3641 2794/3846/3642 107/3847/3643
f 107/3847/3643 2794/3846/3642 2785/3848/3644
f 107/3849/3643 2785/3850/3644 108/3851/3645
f 108/3851/3645 2785/3850/3644 3433/3852/3646
f 108/3851/3645 3433/3852/3646 109/3853/3647
f 109/3853/3647 3433/3852/3646 3424/3854/3648
f 109/3853/3647 3424/3854/3648 110/3855/3649
f 110/3855/3649 3424/3854/3648 3415/3856/3650
f 110/3855/3649 3415/3856/3650 111/3857/3651
f 111/3857/3651 3415/3856/3650 3406/3858/3652
f 111/3857/3651 3406/3858/3652 112/3859/3653
f 112/3859/3653 3406/3858/3652 3397/3860/3654
f 112/3859/3653 3397/3860/3654 113/3861/3655
f 113/3861/3655 3397/3860/3654 3388/3862/3656
f 113/3861/3655 3388/3862/3656 114/3863/3657
f 114/3863/3657 3388/3862/3656 3379/3864/3658
f 114/3863/3657 3379/3864/3658 115/3865/3659
f 115/3865/3659 3379/3864/3658 3370/3866/3660
f 115/3865/3659 3370/3866/3660 116/3867/3661
f 116/3867/3661 3370/3866/3660 3361/3868/3662
f 116/3867/3661 3361/3868/3662 117/3869/3663
f 117/3869/3663 3361/3868/3662 3352/3870/3664
f 117/3869/3663 3352/3870/3664 118/3871/3665
f 118/3871/3665 3352/3870/3664 3343/3872/3666
f 118/3871/3665 3343/3872/3666 119/3873/3667
f 119/3873/3667 3343/3872/3666 3334/3874/3668
f 119/3873/3667 3334/3874/3668 120/3875/3669
f 120/3875/3669 3334/3874/3668 3325/3876/3670
f 120/3875/3669 3325/3876/3670 121/3877/3671
f 121/3877/3671 3325/3876/3670 3316/3878/3672
f 121/3877/3671 3316/3878/3672 122/3879/3673
f 122/3879/3673 3316/3878/3672 3307/3880/3674
f 122/3879/3673 3307/3880/3674 123/3881/3675
f 123/3881/3675 3307/3880/3674 3298/3882/3676
f 123/3881/3675 3298/3882/3676 124/3883/3677
f 124/3883/3677 3298/3882/3676 3289/3884/3678
f 124/3883/3677 3289/3884/3678 125/3885/3679
f 125/3885/3679 3289/3884/3678 3280/3886/3680
f 125/3885/3679 3280/3886/3680 126/3887/3681
f 126/3887/3681 3280/3886/3680 3271/3888/3682
f 126/3887/3681 3271/3888/3682 127/3889/3683
f 127/3889/3683 3271/3888/3682 3262/3890/3684
f 127/3889/3683 3262/3890/3684 128/3891/3685
f 128/3891/3685 3262/3890/3684 3253/3892/3686
f 128/3891/3685 3253/3892/3686 129/3893/3687
f 129/3893/3687 3253/3892/3686 3244/3894/3688
f 129/3893/3687 3244/3894/3688 130/3895/3689
f 130/3895/3689 3244/3894/3688 3235/3896/3690
f 130/3895/3689 3235/3896/3690 131/3897/3691
f 131/3897/3691 3235/3896/3690 3226/3898/3692
f 131/3897/3691 3226/3898/3692 132/3899/3693
f 132/3899/3693 3226/3898/3692 3217/3900/3694
f 132/3899/3693 3217/3900/3694 133/3901/3695
f 133/3901/3695 3217/3900/3694 3208/3902/3696
f 133/3901/3695 3208/3902/3696 134/3903/3697
f 134/3903/3697 3208/3902/3696 3199/3904/3698
f 134/3903/3697 3199/3904/3698 135/3905/3699
f 135/3905/3699 3199/3904/3698 3190/3906/3700
f 135/3905/3699 3190/3906/3700 136/3907/3701
f 136/3907/3701 3190/3906/3700 3181/3908/3702
f 136/3907/3701 3181/3908/3702 137/3909/3703
f 137/3909/3703 3181/3908/3702 3172/3910/3704
f 137/3909/3703 3172/3910/3704 138/3911/3705
f 138/3911/3705 3172/3910/3704 3163/3912/3706
f 138/3911/3705 3163/3912/3706 139/3913/3707
f 139/3913/3707 3163/3912/3706 3154/3914/3708
f 139/3913/3707 3154/3914/3708 140/3915/3709
f 140/3915/3709 3154/3914/3708 3145/3916/3710
f 140/3915/3709 3145/3916/3710 141/3917/3711
f 141/3917/3711 3145/3916/3710 3136/3918/3712
f 141/3917/3711 3136/3918/3712 142/3919/3713
f 142/3919/3713 3136/3918/3712 3127/3920/3714
f 142/3919/3713 3127/3920/3714 143/3921/3715
f 143/3921/3715 3127/3920/3714 3118/3922/3716
f 143/3921/3715 3118/3922/3716 144/3923/3717
f 144/3923/3717 3118/3922/3716 3109/3924/3718
f 144/3923/3717 3109/3924/3718 145/3925/3719
f 145/3925/3719 3109/3924/3718 3100/3926/3720
f 145/3925/3719 3100/3926/3720 146/3927/3721
f 146/3927/3721 3100/3926/3720 3091/3928/3722
f 146/3927/3721 3091/3928/3722 147/3929/3723
f 147/3929/3723 3091/3928/3722 3082/3930/3724
f 147/3929/3723 3082/3930/3724 148/3931/3725
f 148/3931/3725 3082/3930/3724 3073/3932/3726
f 148/3931/3725 3073/3932/3726 149/3933/3727
f 149/3933/3727 3073/3932/3726 3064/3934/3728
f 149/3933/3727 3064/3934/3728 150/3935/3729
f 150/3935/3729 3064/3934/3728 3055/3936/3730
f 150/3935/3729 3055/3936/3730 151/3937/3731
f 151/3937/3731 3055/3936/3730 3046/3938/3732
f 151/3937/3731 3046/3938/3732 152/3939/3733
f 152/3939/3733 3046/3938/3732 3037/3940/3734
f 152/3939/3733 3037/3940/3734 153/3941/3735
f 153/3941/3735 3037/3940/3734 3028/3942/3736
f 153/3941/3735 3028/3942/3736 154/3943/3737
f 154/3943/3737 3028/3942/3736 3019/3944/3738
f 154/3943/3737 3019/3944/3738 155/3945/3739
f 155/3945/3739 3019/3944/3738 3010/3946/3740
f 155/3945/3739 3010/3946/3740 156/3947/3741
f 156/3947/3741 3010/3946/3740 3001/3948/3742
f 156/3947/3741 3001/3948/3742 157/3949/3743
f 157/3949/3743 3001/3948/3742 2992/3950/3744
f 157/3949/3743 2992/3950/3744 158/3951/3745
f 158/3951/3745 2992/3950/3744 2983/3952/3746
f 158/3951/3745 2983/3952/3746 159/3953/3747
f 159/3953/3747 2983/3952/3746 2974/3954/3748
f 159/3953/3747 2974/3954/3748 160/3955/3749
f 160/3955/3749 2974/3954/3748 2965/3956/3750
f 160/3955/3749 2965/3956/3750 161/3957/3751
f 161/3957/3751 2965/3956/3750 2956/3958/3752
f 161/3957/3751 2956/3958/3752 162/3959/3753
f 162/3959/3753 2956/3958/3752 2947/3960/3754
f 162/3959/3753 2947/3960/3754 163/3961/3755
f 163/3961/3755 2947/3960/3754 2938/3962/3756
f 163/3961/3755 2938/3962/3756 164/3963/3757
f 164/3963/3757 2938/3962/3756 2929/3964/3758
f 164/3963/3757 2929/3964/3758 165/3965/3759
f 165/3965/3759 2929/3964/3758 2920/3966/3760
f 165/3965/3759 2920/3966/3760 166/3967/3761
f 166/3967/3761 2920/3966/3760 2911/3968/3762
f 166/3967/3761 2911/3968/3762 167/3969/3763
f 167/3969/3763 2911/3968/3762 2902/3970/3764
f 167/3969/3763 2902/3970/3764 168/3971/3765
f 168/3971/3765 2902/3970/3764 2893/3972/3766
f 168/3971/3765 2893/3972/3766 169/3973/3767
f 169/3973/3767 2893/3972/3766 2884/3974/3768
f 169/3973/3767 2884/3974/3768 170/3975/3769
f 170/3975/3769 2884/3974/3768 2875/3976/3770
f 170/3975/3769 2875/3976/3770 171/3977/3771
f 171/3977/3771 2875/3976/3770 2866/3978/3772
f 171/3977/3771 2866/3978/3772 172/3979/3773
f 172/3979/3773 2866/3978/3772 2857/3980/3774
f 172/3979/3773 2857/3980/3774 173/3981/3775
f 173/3981/3775 2857/3980/3774 2848/3982/3776
f 173/3981/3775 2848/3982/3776 174/3983/3777
f 174/3983/3777 2848/3982/3776 2839/3984/3778
f 174/3983/3777 2839/3984/3778 175/3985/3779
f 175/3985/3779 2839/3984/3778 2830/3986/3780
f 175/3985/3779 2830/3986/3780 176/3987/3781
f 176/3987/3781 2830/3986/3780 2821/3988/3782
f 176/3987/3781 2821/3988/3782 177/3989/3783
f 177/3989/3783 2821/3988/3782 2812/3990/3784
f 177/3989/3783 2812/3990/3784 178/3991/3785
f 178/3991/3785 2812/3990/3784 2803/3992/3786
f 178/3991/3785 2803/3992/3786 179/3845/3641
f 179/3845/3641 2803/3992/3786 2794/3846/3642
f 2784/3993/3787 3441/3994/3788 2712/3995/3789
f 2712/3995/3789 3441/3994/3788 2793/3996/3790
f 2712/3997/3789 2793/3998/3790 2713/3999/3791
f 2713/3999/3791 2793/3998/3790 2802/4000/3792
f 2713/3999/3791 2802/4000/3792 2714/4001/3793
f 2714/4001/3793 2802/4000/3792 2811/4002/3794
f 2714/4001/3793 2811/4002/3794 2715/4003/3795
f 2715/4003/3795 2811/4002/3794 2820/4004/3796
f 2715/4003/3795 2820/4004/3796 2716/4005/3797
f 2716/4005/3797 2820/4004/3796 2829/4006/3798
f 2716/4005/3797 2829/4006/3798 2717/4007/3799
f 2717/4007/3799 2829/4006/3798 2838/4008/3800
f 2717/4007/3799 2838/4008/3800 2718/4009/3801
f 2718/4009/3801 2838/4008/3800 2847/4010/3802
f 2718/4009/3801 2847/4010/3802 2719/4011/3803
f 2719/4011/3803 2847/4010/3802 2856/4012/3804
f 2719/4011/3803 2856/4012/3804 2720/4013/3805
f 2720/4013/3805 2856/4012/3804 2865/4014/3806
f 2720/4013/3805 2865/4014/3806 2721/4015/3807
f 2721/4015/3807 2865/4014/3806 2874/4016/3808
f 2721/4015/3807 2874/4016/3808 2722/4017/3809
f 2722/4017/3809 2874/4016/3808 2883/4018/3810
f 2722/4017/3809 2883/4018/3810 2723/4019/3811
f 2723/4019/3811 2883/4018/3810 2892/4020/3812
f 2723/4019/3811 2892/4020/3812 2724/4021/3813
f 2724/4021/3813 2892/4020/3812 2901/4022/3814
f 2724/4021/3813 2901/4022/3814 2725/4023/3815
f 2725/4023/3815 2901/4022/3814 2910/4024/3816
f 2725/4023/3815 2910/4024/3816 2726/4025/3817
f 2726/4025/3817 2910/4024/3816 2919/4026/3818
f 2726/4025/3817 2919/4026/3818 2727/4027/3819
f 2727/4027/3819 2919/4026/3818 2928/4028/3820
f 2727/4027/3819 2928/4028/3820 2728/4029/3821
f 2728/4029/3821 2928/4028/3820 2937/4030/3822
f 2728/4029/3821 2937/4030/3822 2729/4031/3823
f 2729/4031/3823 2937/4030/3822 2946/4032/3824
f 2729/4031/3823 2946/4032/3824 2730/4033/3825
f 2730/4033/3825 2946/4032/3824 2955/4034/3826
f 2730/4033/3825 2955/4034/3826 2731/4035/3827
f 2731/4035/3827 2955/4034/3826 2964/4036/3828
f 2731/4035/3827 2964/4036/3828 2732/4037/3829
f 2732/4037/3829 2964/4036/3828 2973/4038/3830
f 2732/4037/3829 2973/4038/3830 2733/4039/3831
f 2733/4039/3831 2973/4038/3830 2982/4040/3832
f 2733/4039/3831 2982/4040/3832 2734/4041/3833
f 2734/4041/3833 2982/4040/3832 2991/4042/3834
f 2734/4041/3833 2991/4042/3834 2735/4043/3835
f 2735/4043/3835 2991/4042/3834 3000/4044/3836
f 2735/4043/3835 3000/4044/3836 2736/4045/3837
f 2736/4045/3837 3000/4044/3836 3009/4046/3838
f 2736/4045/3837 3009/4046/3838 2737/4047/3839
f 2737/4047/3839 3009/4046/3838 3018/4048/3840
f 2737/4047/3839 3018/4048/3840 2738/4049/3841
f 2738/4049/3841 3018/4048/3840 3027/4050/3842
f 2738/4049/3841 3027/4050/3842 2739/4051/3843
f 2739/4051/3843 3027/4050/3842 3036/4052/3844
f 2739/4051/3843 3036/4052/3844 2740/4053/3845
f 2740/4053/3845 3036/4052/3844 3045/4054/3846
f 2740/4053/3845 3045/4054/3846 2741/4055/3847
f 2741/4055/3847 3045/4054/3846 3054/4056/3848
f 2741/4055/3847 3054/4056/3848 2742/4057/3849
f 2742/4057/3849 3054/4056/3848 3063/4058/3850
f 2742/4057/3849 3063/4058/3850 2743/4059/3851
f 2743/4059/3851 3063/4058/3850 3072/4060/3852
f 2743/4059/3851 3072/4060/3852 2744/4061/3853
f 2744/4061/3853 3072/4060/3852 3081/4062/3854
f 2744/4061/3853 3081/4062/3854 2745/4063/3855
f 2745/4063/3855 3081/4062/3854 3090/4064/3856
f 2745/4063/3855 3090/4064/3856 2746/4065/3857
f 2746/4065/3857 3090/4064/3856 3099/4066/3858
f 2746/4065/3857 3099/4066/3858 2747/4067/3859
f 2747/4067/3859 3099/4066/3858 3108/4068/3860
f 2747/4067/3859 3108/4068/3860 2748/4069/3861
f 2748/4069/3861 3108/4068/3860 3117/4070/3862
f 2748/4069/3861 3117/4070/3862 2749/4071/3863
f 2749/4071/3863 3117/4070/3862 3126/4072/3864
f 2749/4071/3863 3126/4072/3864 2750/4073/3865
f 2750/4073/3865 3126/4072/3864 3135/4074/3866
f 2750/4073/3865 3135/4074/3866 2751/4075/3867
f 2751/4075/3867 3135/4074/3866 3144/4076/3868
f 2751/4075/3867 3144/4076/3868 2752/4077/3869
f 2752/4077/3869 3144/4076/3868 3153/4078/3870
f 2752/4077/3869 3153/4078/3870 2753/4079/3871
f 2753/4079/3871 3153/4078/3870 3162/4080/3872
f 2753/4079/3871 3162/4080/3872 2754/4081/3873
f 2754/4081/3873 3162/4080/3872 3171/4082/3874
f 2754/4081/3873 3171/4082/3874 2755/4083/3875
f 2755/4083/3875 3171/4082/3874 3180/4084/3876
f 2755/4083/3875 3180/4084/3876 2756/4085/3877
f 2756/4085/3877 3180/4084/3876 3189/4086/3878
f 2756/4085/3877 3189/4086/3878 2757/4087/3879
f 2757/4087/3879 3189/4086/3878 3198/4088/3880
f 2757/4087/3879 3198/4088/3880 2758/4089/3881
f 2758/4089/3881 3198/4088/3880 3207/4090/3882
f 2758/4089/3881 3207/4090/3882 2759/4091/3883
f 2759/4091/3883 3207/4090/3882 3216/4092/3884
f 2759/4091/3883 3216/4092/3884 2760/4093/3885
f 2760/4093/3885 3216/4092/3884 3225/4094/3886
f 2760/4093/3885 3225/4094/3886 2761/4095/3887
f 2761/4095/3887 3225/4094/3886 3234/4096/3888
f 2761/4095/3887 3234/4096/3888 2762/4097/3889
f 2762/4097/3889 3234/4096/3888 3243/4098/3890
f 2762/4097/3889 3243/4098/3890 2763/4099/3891
f 2763/4099/3891 3243/4098/3890 3252/4100/3892
f 2763/4099/3891 3252/4100/3892 2764/4101/3893
f 2764/4101/3893 3252/4100/3892 3261/4102/3894
f 2764/4101/3893 3261/4102/3894 2765/4103/3895
f 2765/4103/3895 3261/4102/3894 3270/4104/3896
f 2765/4103/3895 3270/4104/3896 2766/4105/3897
f 2766/4105/3897 3270/4104/3896 3279/4106/3898
f 2766/4105/3897 3279/4106/3898 2767/4107/3899
f 2767/4107/3899 3279/4106/3898 3288/4108/3900
f 2767/4107/3899 3288/4108/3900 2768/4109/3901
f 2768/4109/3901 3288/4108/3900 3297/4110/3902
f 2768/4109/3901 3297/4110/3902 2769/4111/3903
f 2769/4111/3903 3297/4110/3902 3306/4112/3904
f 2769/4111/3903 3306/4112/3904 2770/4113/3905
f 2770/4113/3905 3306/4112/3904 3315/4114/3906
f 2770/4113/3905 3315/4114/3906 2771/4115/3907
f 2771/4115/3907 3315/4114/3906 3324/4116/3908
f 2771/4115/3907 3324/4116/3908 2772/4117/3909
f 2772/4117/3909 3324/4116/3908 3333/4118/3910
f 2772/4117/3909 3333/4118/3910 2773/4119/3911
f 2773/4119/3911 3333/4118/3910 3342/4120/3912
f 2773/4119/3911 3342/4120/3912 2774/4121/3913
f 2774/4121/3913 3342/4120/3912 3351/4122/3914
f 2774/4121/3913 3351/4122/3914 2775/4123/3915
f 2775/4123/3915 3351/4122/3914 3360/4124/3916
f 2775/4123/3915 3360/4124/3916 2776/4125/3917
f 2776/4125/3917 3360/4124/3916 3369/4126/3918
f 2776/4125/3917 3369/4126/3918 2777/4127/3919
f 2777/4127/3919 3369/4126/3918 3378/4128/3920
f 2777/4127/3919 3378/4128/3920 2778/4129/3921
f 2778/4129/3921 3378/4128/3920 3387/4130/3922
f 2778/4129/3921 3387/4130/3922 2779/4131/3923
f 2779/4131/3923 3387/4130/3922 3396/4132/3924
f 2779/4131/3923 3396/4132/3924 2780/4133/3925
f 2780/4133/3925 3396/4132/3924 3405/4134/3926
f 2780/4133/3925 3405/4134/3926 2781/4135/3927
f 2781/4135/3927 3405/4134/3926 3414/4136/3928
f 2781/4135/3927 3414/4136/3928 2782/4137/3929
f 2782/4137/3929 3414/4136/3928 3423/4138/3930
f 2782/4137/3929 3423/4138/3930 2783/4139/3931
f 2783/4139/3931 3423/4138/3930 3432/4140/3932
f 2783/4139/3931 3432/4140/3932 2784/3993/3787
f 2784/3993/3787 3432/4140/3932 3441/3994/3788
f 2785/3850/3644 2786/4141/3933 3433/3852/3646
f 3433/3852/3646 2786/4141/3933 3434/4142/3934
f 3433/3852/3646 3434/4142/3934 3424/3854/3648
f 3424/3854/3648 3434/4142/3934 3425/4143/3935
f 3424/3854/3648 3425/4143/3935 3415/3856/3650
f 3415/3856/3650 3425/4143/3935 3416/4144/3936
f 3415/3856/3650 3416/4144/3936 3406/3858/3652
f 3406/3858/3652 3416/4144/3936 3407/4145/3937
f 3406/3858/3652 3407/4145/3937 3397/3860/3654
f 3397/3860/3654 3407/4145/3937 3398/4146/3938
f 3397/3860/3654 3398/4146/3938 3388/3862/3656
f 3388/3862/3656 3398/4146/3938 3389/4147/3939
f 3388/3862/3656 3389/4147/3939 3379/3864/3658
f 3379/3864/3658 3389/4147/3939 3380/4148/3940
f 3379/3864/3658 3380/4148/3940 3370/3866/3660
f 3370/3866/3660 3380/4148/3940 3371/4149/3941
f 3370/3866/3660 3371/4149/3941 3361/3868/3662
f 3361/3868/3662 3371/4149/3941 3362/4150/3942
f 3361/3868/3662 3362/4150/3942 3352/3870/3664
f 3352/3870/3664 3362/4150/3942 3353/4151/3943
f 3352/3870/3664 3353/4151/3943 3343/3872/3666
f 3343/3872/3666 3353/4151/3943 3344/4152/3944
f 3343/3872/3666 3344/4152/3944 3334/3874/3668
f 3334/3874/3668 3344/4152/3944 3335/4153/3945
f 3334/3874/3668 3335/4153/3945 3325/3876/3670
f 3325/3876/3670 3335/4153/3945 3326/4154/3946
f 3325/3876/3670 3326/4154/3946 3316/3878/3672
f 3316/3878/3672 3326/4154/3946 3317/4155/3947
f 3316/3878/3672 3317/4155/3947 3307/3880/3674
f 3307/3880/3674 3317/4155/3947 3308/4156/3948
f 3307/3880/3674 3308/4156/3948 3298/3882/3676
f 3298/3882/3676 3308/4156/3948 3299/4157/3949
f 3298/3882/3676 3299/4157/3949 3289/3884/3678
f 3289/3884/3678 3299/4157/3949 3290/4158/3950
f 3289/3884/3678 3290/4158/3950 3280/3886/3680
f 3280/3886/3680 3290/4158/3950 3281/4159/3951
f 3280/3886/3680 3281/4159/3951 3271/3888/3682
f 3271/3888/3682 3281/4159/3951 3272/4160/3952
f 3271/3888/3682 3272/4160/3952 3262/3890/3684
f 3262/3890/3684 3272/4160/3952 3263/4161/3953
f 3262/3890/3684 3263/4161/3953 3253/3892/3686
f 3253/3892/3686 3263/4161/3953 3254/4162/3954
f 3253/3892/3686 3254/4162/3954 3244/3894/3688
f 3244/3894/3688 3254/4162/3954 3245/4163/3955
f 3244/3894/3688 3245/4163/3955 3235/3896/3690
f 3235/3896/3690 3245/4163/3955 3236/4164/3956
f 3235/3896/3690 3236/4164/3956 3226/3898/3692
f 3226/3898/3692 3236/4164/3956 3227/4165/3957
f 3226/3898/3692 3227/4165/3957 3217/3900/3694
f 3217/3900/3694 3227/4165/3957 3218/4166/3958
f 3217/3900/3694 3218/4166/3958 3208/3902/3696
f 3208/3902/3696 3218/4166/3958 3209/4167/3959
f 3208/3902/3696 3209/4167/3959 3199/3904/3698
f 3199/3904/3698 3209/4167/3959 3200/4168/3960
f 3199/3904/3698 3200/4168/3960 3190/3906/3700
f 3190/3906/3700 3200/4168/3960 3191/4169/3961
f 3190/3906/3700 3191/4169/3961 3181/3908/3702
f 3181/3908/3702 3191/4169/3961 3182/4170/3962
f 3181/3908/3702 3182/4170/3962 3172/3910/3704
f 3172/3910/3704 3182/4170/3962 3173/4171/3963
f 3172/3910/3704 3173/4171/3963 3163/3912/3706
f 3163/3912/3706 3173/4171/3963 3164/4172/3964
f 3163/3912/3706 3164/4172/3964 3154/3914/3708
f 3154/3914/3708 3164/4172/3964 3155/4173/3965
f 3154/3914/3708 3155/4173/3965 3145/3916/3710
f 3145/3916/3710 3155/4173/3965 3146/4174/3966
f 3145/3916/3710 3146/4174/3966 3136/3918/3712
f 3136/3918/3712 3146/4174/3966 3137/4175/3967
f 3136/3918/3712 3137/4175/3967 3127/3920/3714
f 3127/3920/3714 3137/4175/3967 3128/4176/3968
f 3127/3920/3714 3128/4176/3968 3118/3922/3716
f 3118/3922/3716 3128/4176/3968 3119/4177/3969
f 3118/3922/3716 3119/4177/3969 3109/3924/3718
f 3109/3924/3718 3119/4177/3969 3110/4178/3970
f 3109/3924/3718 3110/4178/3970 3100/3926/3720
f 3100/3926/3720 3110/4178/3970 3101/4179/3971
f 3100/3926/3720 3101/4179/3971 3091/3928/3722
f 3091/3928/3722 3101/4179/3971 3092/4180/3972
f 3091/3928/3722 3092/4180/3972 3082/3930/3724
f 3082/3930/3724 3092/4180/3972 3083/4181/3973
f 3082/3930/3724 3083/4181/3973 3073/3932/3726
f 3073/3932/3726 3083/4181/3973 3074/4182/3974
f 3073/3932/3726 3074/4182/3974 3064/3934/3728
f 3064/3934/3728 3074/4182/3974 3065/4183/3975
f 3064/3934/3728 3065/4183/3975 3055/3936/3730
f 3055/3936/3730 3065/4183/3975 3056/4184/3976
f 3055/3936/3730 3056/4184/3976 3046/3938/3732
f 3046/3938/3732 3056/4184/3976 3047/4185/3977
f 3046/3938/3732 3047/4185/3977 3037/3940/3734
f 3037/3940/3734 3047/4185/3977 3038/4186/3978
f 3037/3940/3734 3038/4186/3978 3028/3942/3736
f 3028/3942/3736 3038/4186/3978 3029/4187/3979
f 3028/3942/3736 3029/4187/3979 3019/3944/3738
f 3019/3944/3738 3029/4187/3979 3020/4188/3980
f 3019/3944/3738 3020/4188/3980 3010/3946/3740
f 3010/3946/3740 3020/4188/3980 3011/4189/3981
f 3010/3946/3740 3011/4189/3981 3001/3948/3742
f 3001/3948/3742 3011/4189/3981 3002/4190/3982
f 3001/3948/3742 3002/4190/3982 2992/3950/3744
f 2992/3950/3744 3002/4190/3982 2993/4191/3983
f 2992/3950/3744 2993/4191/3983 2983/3952/3746
f 2983/3952/3746 2993/4191/3983 2984/4192/3984
f 2983/3952/3746 2984/4192/3984 2974/3954/3748
f 2974/3954/3748 2984/4192/3984 2975/4193/3985
f 2974/3954/3748 2975/4193/3985 2965/3956/3750
f 2965/3956/3750 2975/4193/3985 2966/4194/3986
f 2965/3956/3750 2966/4194/3986 2956/3958/3752
f 2956/3958/3752 2966/4194/3986 2957/4195/3987
f 2956/3958/3752 2957/4195/3987 2947/3960/3754
f 2947/3960/3754 2957/4195/3987 2948/4196/3988
f 2947/3960/3754 2948/4196/3988 2938/3962/3756
f 2938/3962/3756 2948/4196/3988 2939/4197/3989
f 2938/3962/3756 2939/4197/3989 2929/3964/3758
f 2929/3964/3758 2939/4197/3989 2930/4198/3990
f 2929/3964/3758 2930/4198/3990 2920/3966/3760
f 2920/3966/3760 2930/4198/3990 2921/4199/3991
f 2920/3966/3760 2921/4199/3991 2911/3968/3762
f 2911/3968/3762 2921/4199/3991 2912/4200/3992
f 2911/3968/3762 2912/4200/3992 2902/3970/3764
f 2902/3970/3764 2912/4200/3992 2903/4201/3993
f 2902/3970/3764 2903/4201/3993 2893/3972/3766
f 2893/3972/3766 2903/4201/3993 2894/4202/3994
f 2893/3972/3766 2894/4202/3994 2884/3974/3768
f 2884/3974/3768 2894/4202/3994 2885/4203/3995
f 2884/3974/3768 2885/4203/3995 2875/3976/3770
f 2875/3976/3770 2885/4203/3995 2876/4204/3996
f 2875/3976/3770 2876/4204/3996 2866/3978/3772
f 2866/3978/3772 2876/4204/3996 2867/4205/3997
f 2866/3978/3772 2867/4205/3997 2857/3980/3774
f 2857/3980/3774 2867/4205/3997 2858/4206/3998
f 2857/3980/3774 2858/4206/3998 2848/3982/3776
f 2848/3982/3776 2858/4206/3998 2849/4207/3999
f 2848/3982/3776 2849/4207/3999 2839/3984/3778
f 2839/3984/3778 2849/4207/3999 2840/4208/4000
f 2839/3984/3778 2840/4208/4000 2830/3986/3780
f 2830/3986/3780 2840/4208/4000 2831/4209/4001
f 2830/3986/3780 2831/4209/4001 2821/3988/3782
f 2821/3988/3782 2831/4209/4001 2822/4210/4002
f 2821/3988/3782 2822/4210/4002 2812/3990/3784
f 2812/3990/3784 2822/4210/4002 2813/4211/4003
f 2812/3990/3784 2813/4211/4003 2803/3992/3786
f 2803/3992/3786 2813/4211/4003 2804/4212/4004
f 2803/3992/3786 2804/4212/4004 2794/3846/3642
f 2794/3846/3642 2804/4212/4004 2795/4213/4005
f 2794/3846/3642 2795/4213/4005 2785/3848/3644
f 2785/3848/3644 2795/4213/4005 2786/4214/3933
f 2786/4141/3933 2787/4215/4006 3434/4142/3934
f 3434/4142/3934 2787/4215/4006 3435/4216/4007
f 3434/4142/3934 3435/4216/4007 3425/4143/3935
f 3425/4143/3935 3435/4216/4007 3426/4217/4008
f 3425/4143/3935 3426/4217/4008 3416/4144/3936
f 3416/4144/3936 3426/4217/4008 3417/4218/4009
f 3416/4144/3936 3417/4218/4009 3407/4145/3937
f 3407/4145/3937 3417/4218/4009 3408/4219/4010
f 3407/4145/3937 3408/4219/4010 3398/4146/3938
f 3398/4146/3938 3408/4219/4010 3399/4220/4011
f 3398/4146/3938 3399/4220/4011 3389/4147/3939
f 3389/4147/3939 3399/4220/4011 3390/4221/4012
f 3389/4147/3939 3390/4221/4012 3380/4148/3940
f 3380/4148/3940 3390/4221/4012 3381/4222/4013
f 3380/4148/3940 3381/4222/4013 3371/4149/3941
f 3371/4149/3941 3381/4222/4013 3372/4223/4014
f 3371/4149/3941 3372/4223/4014 3362/4150/3942
f 3362/4150/3942 3372/4223/4014 3363/4224/4015
f 3362/4150/3942 3363/4224/4015 3353/4151/3943
f 3353/4151/3943 3363/4224/4015 3354/4225/4016
f 3353/4151/3943 3354/4225/4016 3344/4152/3944
f 3344/4152/3944 3354/4225/4016 3345/4226/4017
f 3344/4152/3944 3345/4226/4017 3335/4153/3945
f 3335/4153/3945 3345/4226/4017 3336/4227/4018
f 3335/4153/3945 3336/4227/4018 3326/4154/3946
f 3326/4154/3946 3336/4227/4018 3327/4228/4019
f 3326/4154/3946 3327/4228/4019 3317/4155/3947
f 3317/4155/3947 3327/4228/4019 3318/4229/4020
f 3317/4155/3947 3318/4229/4020 3308/4156/3948
f 3308/4156/3948 3318/4229/4020 3309/4230/4021
f 3308/4156/3948 3309/4230/4021 3299/4157/3949
f 3299/4157/3949 3309/4230/4021 3300/4231/4022
f 3299/4157/3949 3300/4231/4022 3290/4158/3950
f 3290/4158/3950 3300/4231/4022 3291/4232/4023
f 3290/4158/3950 3291/4232/4023 3281/4159/3951
f 3281/4159/3951 3291/4232/4023 3282/4233/4024
f 3281/4159/3951 3282/4233/4024 3272/4160/3952
f 3272/4160/3952 3282/4233/4024 3273/4234/4025
f 3272/4160/3952 3273/4234/4025 3263/4161/3953
f 3263/4161/3953 3273/4234/4025 3264/4235/4026
f 3263/4161/3953 3264/4235/4026 3254/4162/3954
f 3254/4162/3954 3264/4235/4026 3255/4236/4027
f 3254/4162/3954 3255/4236/4027 3245/4163/3955
f 3245/4163/3955 3255/4236/4027 3246/4237/4028
f 3245/4163/3955 3246/4237/4028 3236/4164/3956
f 3236/4164/3956 3246/4237/4028 3237/4238/4029
f 3236/4164/3956 3237/4238/4029 3227/4165/3957
f 3227/4165/3957 3237/4238/4029 3228/4239/4030
f 3227/4165/3957 3228/4239/4030 3218/4166/3958
f 3218/4166/3958 3228/4239/4030 3219/4240/4031
f 3218/4166/3958 3219/4240/4031 3209/4167/3959
f 3209/4167/3959 3219/4240/4031 3210/4241/4032
f 3209/4167/3959 3210/4241/4032 3200/4168/3960
f 3200/4168/3960 3210/4241/4032 3201/4242/4033
f 3200/4168/3960 3201/4242/4033 3191/4169/3961
f 3191/4169/3961 3201/4242/4033 3192/4243/4034
f 3191/4169/3961 3192/4243/4034 3182/4170/3962
f 3182/4170/3962 3192/4243/4034 3183/4244/4035
f 3182/4170/3962 3183/4244/4035 3173/4171/3963
f 3173/4171/3963 3183/4244/4035 3174/4245/4036
f 3173/4171/3963 3174/4245/4036 3164/4172/3964
f 3164/4172/3964 3174/4245/4036 3165/4246/4037
f 3164/4172/3964 3165/4246/4037 3155/4173/3965
f 3155/4173/3965 3165/4246/4037 3156/4247/4038
f 3155/4173/3965 3156/4247/4038 3146/4174/3966
f 3146/4174/3966 3156/4247/4038 3147/4248/4039
f 3146/4174/3966 3147/4248/4039 3137/4175/3967
f 3137/4175/3967 3147/4248/4039 3138/4249/4040
f 3137/4175/3967 3138/4249/4040 3128/4176/3968
f 3128/4176/3968 3138/4249/4040 3129/4250/4041
f 3128/4176/3968 3129/4250/4041 3119/4177/3969
f 3119/4177/3969 3129/4250/4041 3120/4251/4042
f 3119/4177/3969 3120/4251/4042 3110/4178/3970
f 3110/4178/3970 3120/4251/4042 3111/4252/4043
f 3110/4178/3970 3111/4252/4043 3101/4179/3971
f 3101/4179/3971 3111/4252/4043 3102/4253/4044
f 3101/4179/3971 3102/4253/4044 3092/4180/3972
f 3092/4180/3972 3102/4253/4044 3093/4254/4045
f 3092/4180/3972 3093/4254/4045 3083/4181/3973
f 3083/4181/3973 3093/4254/4045 3084/4255/4046
f 3083/4181/3973 3084/4255/4046 3074/4182/3974
f 3074/4182/3974 3084/4255/4046 3075/4256/4047
f 3074/4182/3974 3075/4256/4047 3065/4183/3975
f 3065/4183/3975 3075/4256/4047 3066/4257/4048
f 3065/4183/3975 3066/4257/4048 3056/4184/3976
f 3056/4184/3976 3066/4257/4048 3057/4258/4049
f 3056/4184/3976 3057/4258/4049 3047/4185/3977
f 3047/4185/3977 3057/4258/4049 3048/4259/4050
f 3047/4185/3977 3048/4259/4050 3038/4186/3978
f 3038/4186/3978 3048/4259/4050 3039/4260/4051
f 3038/4186/3978 3039/4260/4051 3029/4187/3979
f 3029/4187/3979 3039/4260/4051 3030/4261/4052
f 3029/4187/3979 3030/4261/4052 3020/4188/3980
f 3020/4188/3980 3030/4261/4052 3021/4262/4053
f 3020/4188/3980 3021/4262/4053 3011/4189/3981
f 3011/4189/3981 3021/4262/4053 3012/4263/4054
f 3011/4189/3981 3012/4263/4054 3002/4190/3982
f 3002/4190/3982 3012/4263/4054 3003/4264/4055
f 3002/4190/3982 3003/4264/4055 2993/4191/3983
f 2993/4191/3983 3003/4264/4055 2994/4265/4056
f 2993/4191/3983 2994/4265/4056 2984/4192/3984
f 2984/4192/3984 2994/4265/4056 2985/4266/4057
f 2984/4192/3984 2985/4266/4057 2975/4193/3985
f 2975/4193/3985 2985/4266/4057 2976/4267/4058
f 2975/4193/3985 2976/4267/4058 2966/4194/3986
f 2966/4194/3986 2976/4267/4058 2967/4268/4059
f 2966/4194/3986 2967/4268/4059 2957/4195/3987
f 2957/4195/3987 2967/4268/4059 2958/4269/4060
f 2957/4195/3987 2958/4269/4060 2948/4196/3988
f 2948/4196/3988 2958/4269/4060 2949/4270/4061
f 2948/4196/3988 2949/4270/4061 2939/4197/3989
f 2939/4197/3989 2949/4270/4061 2940/4271/4062
f 2939/4197/3989 2940/4271/4062 2930/4198/3990
f 2930/4198/3990 2940/4271/4062 2931/4272/4063
f 2930/4198/3990 2931/4272/4063 2921/4199/3991
f 2921/4199/3991 2931/4272/4063 2922/4273/4064
f 2921/4199/3991 2922/4273/4064 2912/4200/3992
f 2912/4200/3992 2922/4273/4064 2913/4274/4065
f 2912/4200/3992 2913/4274/4065 2903/4201/3993
f 2903/4201/3993 2913/4274/4065 2904/4275/4066
f 2903/4201/3993 2904/4275/4066 2894/4202/3994
f 2894/4202/3994 2904/4275/4066 2895/4276/4067
f 2894/4202/3994 2895/4276/4067 2885/4203/3995
f 2885/4203/3995 2895/4276/4067 2886/4277/4068
f 2885/4203/3995 2886/4277/4068 2876/4204/3996
f 2876/4204/3996 2886/4277/4068 2877/4278/4069
f 2876/4204/3996 2877/4278/4069 2867/4205/3997
f 2867/4205/3997 2877/4278/4069 2868/4279/4070
f 2867/4205/3997 2868/4279/4070 2858/4206/3998
f 2858/4206/3998 2868/4279/4070 2859/4280/4071
f 2858/4206/3998 2859/4280/4071 2849/4207/3999
f 2849/4207/3999 2859/4280/4071 2850/4281/4072
f 2849/4207/3999 2850/4281/4072 2840/4208/4000
f 2840/4208/4000 2850/4281/4072 2841/4282/4073
f 2840/4208/4000 2841/4282/4073 2831/4209/4001
f 2831/4209/4001 2841/4282/4073 2832/4283/4074
f 2831/4209/4001 2832/4283/4074 2822/4210/4002
f 2822/4210/4002 2832/4283/4074 2823/4284/4075
f 2822/4210/4002 2823/4284/4075 2813/4211/4003
f 2813/4211/4003 2823/4284/4075 2814/4285/4076
f 2813/4211/4003 2814/4285/4076 2804/4212/4004
f 2804/4212/4004 2814/4285/4076 2805/4286/4077
f 2804/4212/4004 2805/4286/4077 2795/4213/4005
f 2795/4213/4005 2805/4286/4077 2796/4287/4078
f 2795/4213/4005 2796/4287/4078 2786/4214/3933
f 2786/4214/3933 2796/4287/4078 2787/4288/4006
f 2787/4215/4006 2788/4289/4079 3435/4216/4007
f 3435/4216/4007 2788/4289/4079 3436/4290/4080
f 3435/4216/4007 3436/4290/4080 3426/4217/4008
f 3426/4217/4008 3436/4290/4080 3427/4291/4081
f 3426/4217/4008 3427/4291/4081 3417/4218/4009
f 3417/4218/4009 3427/4291/4081 3418/4292/4082
f 3417/4218/4009 3418/4292/4082 3408/4219/4010
f 3408/4219/4010 3418/4292/4082 3409/4293/4083
f 3408/4219/4010 3409/4293/4083 3399/4220/4011
f 3399/4220/4011 3409/4293/4083 3400/4294/4084
f 3399/4220/4011 3400/4294/4084 3390/4221/4012
f 3390/4221/4012 3400/4294/4084 3391/4295/4085
f 3390/4221/4012 3391/4295/4085 3381/4222/4013
f 3381/4222/4013 3391/4295/4085 3382/4296/4086
f 3381/4222/4013 3382/4296/4086 3372/4223/4014
f 3372/4223/4014 3382/4296/4086 3373/4297/4087
f 3372/4223/4014 3373/4297/4087 3363/4224/4015
f 3363/4224/4015 3373/4297/4087 3364/4298/4088
f 3363/4224/4015 3364/4298/4088 3354/4225/4016
f 3354/4225/4016 3364/4298/4088 3355/4299/4089
f 3354/4225/4016 3355/4299/4089 3345/4226/4017
f 3345/4226/4017 3355/4299/4089 3346/4300/4090
f 3345/4226/4017 3346/4300/4090 3336/4227/4018
f 3336/4227/4018 3346/4300/4090 3337/4301/4091
f 3336/4227/4018 3337/4301/4091 3327/4228/4019
f 3327/4228/4019 3337/4301/4091 3328/4302/4092
f 3327/4228/4019 3328/4302/4092 3318/4229/4020
f 3318/4229/4020 3328/4302/4092 3319/4303/4093
f 3318/4229/4020 3319/4303/4093 3309/4230/4021
f 3309/4230/4021 3319/4303/4093 3310/4304/4094
f 3309/4230/4021 3310/4304/4094 3300/4231/4022
f 3300/4231/4022 3310/4304/4094 3301/4305/4095
f 3300/4231/4022 3301/4305/4095 3291/4232/4023
f 3291/4232/4023 3301/4305/4095 3292/4306/4096
f 3291/4232/4023 3292/4306/4096 3282/4233/4024
f 3282/4233/4024 3292/4306/4096 3283/4307/4097
f 3282/4233/4024 3283/4307/4097 3273/4234/4025
f 3273/4234/4025 3283/4307/4097 3274/4308/4098
f 3273/4234/4025 3274/4308/4098 3264/4235/4026
f 3264/4235/4026 3274/4308/4098 3265/4309/4099
f 3264/4235/4026 3265/4309/4099 3255/4236/4027
f 3255/4236/4027 3265/4309/4099 3256/4310/4100
f 3255/4236/4027 3256/4310/4100 3246/4237/4028
f 3246/4237/4028 3256/4310/4100 3247/4311/4101
f 3246/4237/4028 3247/4311/4101 3237/4238/4029
f 3237/4238/4029 3247/4311/4101 3238/4312/4102
f 3237/4238/4029 3238/4312/4102 3228/4239/4030
f 3228/4239/4030 3238/4312/4102 3229/4313/4103
f 3228/4239/4030 3229/4313/4103 3219/4240/4031
f 3219/4240/4031 3229/4313/4103 3220/4314/4104
f 3219/4240/4031 3220/4314/4104 3210/4241/4032
f 3210/4241/4032 3220/4314/4104 3211/4315/4105
f 3210/4241/4032 3211/4315/4105 3201/4242/4033
f 3201/4242/4033 3211/4315/4105 3202/4316/4106
f 3201/4242/4033 3202/4316/4106 3192/4243/4034
f 3192/4243/4034 3202/4316/4106 3193/4317/4107
f 3192/4243/4034 3193/4317/4107 3183/4244/4035
f 3183/4244/4035 3193/4317/4107 3184/4318/4108
f 3183/4244/4035 3184/4318/4108 3174/4245/4036
f 3174/4245/4036 3184/4318/4108 3175/4319/4109
f 3174/4245/4036 3175/4319/4109 3165/4246/4037
f 3165/4246/4037 3175/4319/4109 3166/4320/4110
f 3165/4246/4037 3166/4320/4110 3156/4247/4038
f 3156/4247/4038 3166/4320/4110 3157/4321/4111
f 3156/4247/4038 3157/4321/4111 3147/4248/4039
f 3147/4248/4039 3157/4321/4111 3148/4322/4112
f 3147/4248/4039 3148/4322/4112 3138/4249/4040
f 3138/4249/4040 3148/4322/4112 3139/4323/4113
f 3138/4249/4040 3139/4323/4113 3129/4250/4041
f 3129/4250/4041 3139/4323/4113 3130/4324/4114
f 3129/4250/4041 3130/4324/4114 3120/4251/4042
f 3120/4251/4042 3130/4324/4114 3121/4325/4115
f 3120/4251/4042 3121/4325/4115 3111/4252/4043
f 3111/4252/4043 3121/4325/4115 3112/4326/4116
f 3111/4252/4043 3112/4326/4116 3102/4253/4044
f 3102/4253/4044 3112/4326/4116 3103/4327/4117
f 3102/4253/4044 3103/4327/4117 3093/4254/4045
f 3093/4254/4045 3103/4327/4117 3094/4328/4118
f 3093/4254/4045 3094/4328/4118 3084/4255/4046
f 3084/4255/4046 3094/4328/4118 3085/4329/4119
f 3084/4255/4046 3085/4329/4119 3075/4256/4047
f 3075/4256/4047 3085/4329/4119 3076/4330/4120
f 3075/4256/4047 3076/4330/4120 3066/4257/4048
f 3066/4257/4048 3076/4330/4120 3067/4331/4121
f 3066/4257/4048 3067/4331/4121 3057/4258/4049
f 3057/4258/4049 3067/4331/4121 3058/4332/4122
f 3057/4258/4049 3058/4332/4122 3048/4259/4050
f 3048/4259/4050 3058/4332/4122 3049/4333/4123
f 3048/4259/4050 3049/4333/4123 3039/4260/4051
f 3039/4260/4051 3049/4333/4123 3040/4334/4124
f 3039/4260/4051 3040/4334/4124 3030/4261/4052
f 3030/4261/4052 3040/4334/4124 3031/4335/4125
f 3030/4261/4052 3031/4335/4125 3021/4262/4053
f 3021/4262/4053 3031/4335/4125 3022/4336/4126
f 3021/4262/4053 3022/4336/4126 3012/4263/4054
f 3012/4263/4054 3022/4336/4126 3013/4337/4127
f 3012/4263/4054 3013/4337/4127 3003/4264/4055
f 3003/4264/4055 3013/4337/4127 3004/4338/4128
f 3003/4264/4055 3004/4338/4128 2994/4265/4056
f 2994/4265/4056 3004/4338/4128 2995/4339/4129
f 2994/4265/4056 2995/4339/4129 2985/4266/4057
f 2985/4266/4057 2995/4339/4129 2986/4340/4130
f 2985/4266/4057 2986/4340/4130 2976/4267/4058
f 2976/4267/4058 2986/4340/4130 2977/4341/4131
f 2976/4267/4058 2977/4341/4131 2967/4268/4059
f 2967/4268/4059 2977/4341/4131 2968/4342/4132
f 2967/4268/4059 2968/4342/4132 2958/4269/4060
f 2958/4269/4060 2968/4342/4132 2959/4343/4133
f 2958/4269/4060 2959/4343/4133 2949/4270/4061
f 2949/4270/4061 2959/4343/4133 2950/4344/4134
f 2949/4270/4061 2950/4344/4134 2940/4271/4062
f 2940/4271/4062 2950/4344/4134 2941/4345/4135
f 2940/4271/4062 2941/4345/4135 2931/4272/4063
f 2931/4272/4063 2941/4345/4135 2932/4346/4136
f 2931/4272/4063 2932/4346/4136 2922/4273/4064
f 2922/4273/4064 2932/4346/4136 2923/4347/4137
f 2922/4273/4064 2923/4347/4137 2913/4274/4065
f 2913/4274/4065 2923/4347/4137 2914/4348/4138
f 2913/4274/4065 2914/4348/4138 2904/4275/4066
f 2904/4275/4066 2914/4348/4138 2905/4349/4139
f 2904/4275/4066 2905/4349/4139 2895/4276/4067
f 2895/4276/4067 2905/4349/4139 2896/4350/4140
f 2895/4276/4067 2896/4350/4140 2886/4277/4068
f 2886/4277/4068 2896/4350/4140 2887/4351/4141
f 2886/4277/4068 2887/4351/4141 2877/4278/4069
f 2877/4278/4069 2887/4351/4141 2878/4352/4142
f 2877/4278/4069 2878/4352/4142 2868/4279/4070
f 2868/4279/4070 2878/4352/4142 2869/4353/4143
f 2868/4279/4070 2869/4353/4143 2859/4280/4071
f 2859/4280/4071 2869/4353/4143 2860/4354/4144
f 2859/4280/4071 2860/4354/4144 2850/4281/4072
f 2850/4281/4072 2860/4354/4144 2851/4355/4145
f 2850/4281/4072 2851/4355/4145 2841/4282/4073
f 2841/4282/4073 2851/4355/4145 2842/4356/4146
f 2841/4282/4073 2842/4356/4146 2832/4283/4074
f 2832/4283/4074 2842/4356/4146 2833/4357/4147
f 2832/4283/4074 2833/4357/4147 2823/4284/4075
f 2823/4284/4075 2833/4357/4147 2824/4358/4148
f 2823/4284/4075 2824/4358/4148 2814/4285/4076
f 2814/4285/4076 2824/4358/4148 2815/4359/4149
f 2814/4285/4076 2815/4359/4149 2805/4286/4077
f 2805/4286/4077 2815/4359/4149 2806/4360/4150
f 2805/4286/4077 2806/4360/4150 2796/4287/4078
f 2796/4287/4078 2806/4360/4150 2797/4361/4151
f 2796/4287/4078 2797/4361/4151 2787/4288/4006
f 2787/4288/4006 2797/4361/4151 2788/4362/4079
f 2788/4289/4079 2789/4363/4152 3436/4290/4080
f 3436/4290/4080 2789/4363/4152 3437/4364/4153
f 3436/4290/4080 3437/4364/4153 3427/4291/4081
f 3427/4291/4081 3437/4364/4153 3428/4365/4154
f 3427/4291/4081 3428/4365/4154 3418/4292/4082
f 3418/4292/4082 3428/4365/4154 3419/4366/4155
f 3418/4292/4082 3419/4366/4155 3409/4293/4083
f 3409/4293/4083 3419/4366/4155 3410/4367/4156
f 3409/4293/4083 3410/4367/4156 3400/4294/4084
f 3400/4294/4084 3410/4367/4156 3401/4368/4157
f 3400/4294/4084 3401/4368/4157 3391/4295/4085
f 3391/4295/4085 3401/4368/4157 3392/4369/4158
f 3391/4295/4085 3392/4369/4158 3382/4296/4086
f 3382/4296/4086 3392/4369/4158 3383/4370/4159
f 3382/4296/4086 3383/4370/4159 3373/4297/4087
f 3373/4297/4087 3383/4370/4159 3374/4371/4160
f 3373/4297/4087 3374/4371/4160 3364/4298/4088
f 3364/4298/4088 3374/4371/4160 3365/4372/4161
f 3364/4298/4088 3365/4372/4161 3355/4299/4089
f 3355/4299/4089 3365/4372/4161 3356/4373/4162
f 3355/4299/4089 3356/4373/4162 3346/4300/4090
f 3346/4300/4090 3356/4373/4162 3347/4374/4163
f 3346/4300/4090 3347/4374/4163 3337/4301/4091
f 3337/4301/4091 3347/4374/4163 3338/4375/4164
f 3337/4301/4091 3338/4375/4164 3328/4302/4092
f 3328/4302/4092 3338/4375/4164 3329/4376/4165
f 3328/4302/4092 3329/4376/4165 3319/4303/4093
f 3319/4303/4093 3329/4376/4165 3320/4377/4166
f 3319/4303/4093 3320/4377/4166 3310/4304/4094
f 3310/4304/4094 3320/4377/4166 3311/4378/4167
f 3310/4304/4094 3311/4378/4167 3301/4305/4095
f 3301/4305/4095 3311/4378/4167 3302/4379/4168
f 3301/4305/4095 3302/4379/4168 3292/4306/4096
f 3292/4306/4096 3302/4379/4168 3293/4380/4169
f 3292/4306/4096 3293/4380/4169 3283/4307/4097
f 3283/4307/4097 3293/4380/4169 3284/4381/4170
f 3283/4307/4097 3284/4381/4170 3274/4308/4098
f 3274/4308/4098 3284/4381/4170 3275/4382/4171
f 3274/4308/4098 3275/4382/4171 3265/4309/4099
f 3265/4309/4099 3275/4382/4171 3266/4383/4172
f 3265/4309/4099 3266/4383/4172 3256/4310/4100
f 3256/4310/4100 3266/4383/4172 3257/4384/4173
f 3256/4310/4100 3257/4384/4173 3247/4311/4101
f 3247/4311/4101 3257/4384/4173 3248/4385/4174
f 3247/4311/4101 3248/4385/4174 3238/4312/4102
f 3238/4312/4102 3248/4385/4174 3239/4386/4175
f 3238/4312/4102 3239/4386/4175 3229/4313/4103
f 3229/4313/4103 3239/4386/4175 3230/4387/4176
f 3229/4313/4103 3230/4387/4176 3220/4314/4104
f 3220/4314/4104 3230/4387/4176 3221/4388/4177
f 3220/4314/4104 3221/4388/4177 3211/4315/4105
f 3211/4315/4105 3221/4388/4177 3212/4389/4178
f 3211/4315/4105 3212/4389/4178 3202/4316/4106
f 3202/4316/4106 3212/4389/4178 3203/4390/4179
f 3202/4316/4106 3203/4390/4179 3193/4317/4107
f 3193/4317/4107 3203/4390/4179 3194/4391/4180
f 3193/4317/4107 3194/4391/4180 3184/4318/4108
f 3184/4318/4108 3194/4391/4180 3185/4392/4181
f 3184/4318/4108 3185/4392/4181 3175/4319/4109
f 3175/4319/4109 3185/4392/4181 3176/4393/4182
f 3175/4319/4109 3176/4393/4182 3166/4320/4110
f 3166/4320/4110 3176/4393/4182 3167/4394/4183
f 3166/4320/4110 3167/4394/4183 3157/4321/4111
f 3157/4321/4111 3167/4394/4183 3158/4395/4184
f 3157/4321/4111 3158/4395/4184 3148/4322/4112
f 3148/4322/4112 3158/4395/4184 3149/4396/4185
f 3148/4322/4112 3149/4396/4185 3139/4323/4113
f 3139/4323/4113 3149/4396/4185 3140/4397/4186
f 3139/4323/4113 3140/4397/4186 3130/4324/4114
f 3130/4324/4114 3140/4397/4186 3131/4398/4187
f 3130/4324/4114 3131/4398/4187 3121/4325/4115
f 3121/4325/4115 3131/4398/4187 3122/4399/4188
f 3121/4325/4115 3122/4399/4188 3112/4326/4116
f 3112/4326/4116 3122/4399/4188 3113/4400/4189
f 3112/4326/4116 3113/4400/4189 3103/4327/4117
f 3103/4327/4117 3113/4400/4189 3104/4401/4190
f 3103/4327/4117 3104/4401/4190 3094/4328/4118
f 3094/4328/4118 3104/4401/4190 3095/4402/4191
f 3094/4328/4118 3095/4402/4191 3085/4329/4119
f 3085/4329/4119 3095/4402/4191 3086/4403/4192
f 3085/4329/4119 3086/4403/4192 3076/4330/4120
f 3076/4330/4120 3086/4403/4192 3077/4404/4193
f 3076/4330/4120 3077/4404/4193 3067/4331/4121
f 3067/4331/4121 3077/4404/4193 3068/4405/4194
f 3067/4331/4121 3068/4405/4194 3058/4332/4122
f 3058/4332/4122 3068/4405/4194 3059/4406/4195
f 3058/4332/4122 3059/4406/4195 3049/4333/4123
f 3049/4333/4123 3059/4406/4195 3050/4407/4196
f 3049/4333/4123 3050/4407/4196 3040/4334/4124
f 3040/4334/4124 3050/4407/4196 3041/4408/4197
f 3040/4334/4124 3041/4408/4197 3031/4335/4125
f 3031/4335/4125 3041/4408/4197 3032/4409/4198
f 3031/4335/4125 3032/4409/4198 3022/4336/4126
f 3022/4336/4126 3032/4409/4198 3023/4410/4199
f 3022/4336/4126 3023/4410/4199 3013/4337/4127
f 3013/4337/4127 3023/4410/4199 3014/4411/4200
f 3013/4337/4127 3014/4411/4200 3004/4338/4128
f 3004/4338/4128 3014/4411/4200 3005/4412/4201
f 3004/4338/4128 3005/4412/4201 2995/4339/4129
f 2995/4339/4129 3005/4412/4201 2996/4413/4202
f 2995/4339/4129 2996/4413/4202 2986/4340/4130
f 2986/4340/4130 2996/4413/4202 2987/4414/4203
f 2986/4340/4130 2987/4414/4203 2977/4341/4131
f 2977/4341/4131 2987/4414/4203 2978/4415/4204
f 2977/4341/4131 2978/4415/4204 2968/4342/4132
f 2968/4342/4132 2978/4415/4204 2969/4416/4205
f 2968/4342/4132 2969/4416/4205 2959/4343/4133
f 2959/4343/4133 2969/4416/4205 2960/4417/4206
f 2959/4343/4133 2960/4417/4206 2950/4344/4134
f 2950/4344/4134 2960/4417/4206 2951/4418/4207
f 2950/4344/4134 2951/4418/4207 2941/4345/4135
f 2941/4345/4135 2951/4418/4207 2942/4419/4208
f 2941/4345/4135 2942/4419/4208 2932/4346/4136
f 2932/4346/4136 2942/4419/4208 2933/4420/4209
f 2932/4346/4136 2933/4420/4209 2923/4347/4137
f 2923/4347/4137 2933/4420/4209 2924/4421/4210
f 2923/4347/4137 2924/4421/4210 2914/4348/4138
f 2914/4348/4138 2924/4421/4210 2915/4422/4211
f 2914/4348/4138 2915/4422/4211 2905/4349/4139
f 2905/4349/4139 2915/4422/4211 2906/4423/4212
f 2905/4349/4139 2906/4423/4212 2896/4350/4140
f 2896/4350/4140 2906/4423/4212 2897/4424/4213
f 2896/4350/4140 2897/4424/4213 2887/4351/4141
f 2887/4351/4141 2897/4424/4213 2888/4425/4214
f 2887/4351/4141 2888/4425/4214 2878/4352/4142
f 2878/4352/4142 2888/4425/4214 2879/4426/4215
f 2878/4352/4142 2879/4426/4215 2869/4353/4143
f 2869/4353/4143 2879/4426/4215 2870/4427/4216
f 2869/4353/4143 2870/4427/4216 2860/4354/4144
f 2860/4354/4144 2870/4427/4216 2861/4428/4217
f 2860/4354/4144 2861/4428/4217 2851/4355/4145
f 2851/4355/4145 2861/4428/4217 2852/4429/4218
f 2851/4355/4145 2852/4429/4218 2842/4356/4146
f 2842/4356/4146 2852/4429/4218 2843/4430/4219
f 2842/4356/4146 2843/4430/4219 2833/4357/4147
f 2833/4357/4147 2843/4430/4219 2834/4431/4220
f 2833/4357/4147 2834/4431/4220 2824/4358/4148
f 2824/4358/4148 2834/4431/4220 2825/4432/4221
f 2824/4358/4148 2825/4432/4221 2815/4359/4149
f 2815/4359/4149 2825/4432/4221 2816/4433/4222
f 2815/4359/4149 2816/4433/4222 2806/4360/4150
f 2806/4360/4150 2816/4433/4222 2807/4434/4223
f 2806/4360/4150 2807/4434/4223 2797/4361/4151
f 2797/4361/4151 2807/4434/4223 2798/4435/4224
f 2797/4361/4151 2798/4435/4224 2788/4362/4079
f 2788/4362/4079 2798/4435/4224 2789/4436/4152
f 2789/4363/4152 2790/4437/4225 3437/4364/4153
f 3437/4364/4153 2790/4437/4225 3438/4438/4226
f 3437/4364/4153 3438/4438/4226 3428/4365/4154
f 3428/4365/4154 3438/4438/4226 3429/4439/4227
f 3428/4365/4154 3429/4439/4227 3419/4366/4155
f 3419/4366/4155 3429/4439/4227 3420/4440/4228
f 3419/4366/4155 3420/4440/4228 3410/4367/4156
f 3410/4367/4156 3420/4440/4228 3411/4441/4229
f 3410/4367/4156 3411/4441/4229 3401/4368/4157
f 3401/4368/4157 3411/4441/4229 3402/4442/4230
f 3401/4368/4157 3402/4442/4230 3392/4369/4158
f 3392/4369/4158 3402/4442/4230 3393/4443/4231
f 3392/4369/4158 3393/4443/4231 3383/4370/4159
f 3383/4370/4159 3393/4443/4231 3384/4444/4232
f 3383/4370/4159 3384/4444/4232 3374/4371/4160
f 3374/4371/4160 3384/4444/4232 3375/4445/4233
f 3374/4371/4160 3375/4445/4233 3365/4372/4161
f 3365/4372/4161 3375/4445/4233 3366/4446/4234
f 3365/4372/4161 3366/4446/4234 3356/4373/4162
f 3356/4373/4162 3366/4446/4234 3357/4447/4235
f 3356/4373/4162 3357/4447/4235 3347/4374/4163
f 3347/4374/4163 3357/4447/4235 3348/4448/4236
f 3347/4374/4163 3348/4448/4236 3338/4375/4164
f 3338/4375/4164 3348/4448/4236 3339/4449/4237
f 3338/4375/4164 3339/4449/4237 3329/4376/4165
f 3329/4376/4165 3339/4449/4237 3330/4450/4238
f 3329/4376/4165 3330/4450/4238 3320/4377/4166
f 3320/4377/4166 3330/4450/4238 3321/4451/4239
f 3320/4377/4166 3321/4451/4239 3311/4378/4167
f 3311/4378/4167 3321/4451/4239 3312/4452/4240
f 3311/4378/4167 3312/4452/4240 3302/4379/4168
f 3302/4379/4168 3312/4452/4240 3303/4453/4241
f 3302/4379/4168 3303/4453/4241 3293/4380/4169
f 3293/4380/4169 3303/4453/4241 3294/4454/4242
f 3293/4380/4169 3294/4454/4242 3284/4381/4170
f 3284/4381/4170 3294/4454/4242 3285/4455/4243
f 3284/4381/4170 3285/4455/4243 3275/4382/4171
f 3275/4382/4171 3285/4455/4243 3276/4456/4244
f 3275/4382/4171 3276/4456/4244 3266/4383/4172
f 3266/4383/4172 3276/4456/4244 3267/4457/4245
f 3266/4383/4172 3267/4457/4245 3257/4384/4173
f 3257/4384/4173 3267/4457/4245 3258/4458/4246
f 3257/4384/4173 3258/4458/4246 3248/4385/4174
f 3248/4385/4174 3258/4458/4246 3249/4459/4247
f 3248/4385/4174 3249/4459/4247 3239/4386/4175
f 3239/4386/4175 3249/4459/4247 3240/4460/4248
f 3239/4386/4175 3240/4460/4248 3230/4387/4176
f 3230/4387/4176 3240/4460/4248 3231/4461/4249
f 3230/4387/4176 3231/4461/4249 3221/4388/4177
f 3221/4388/4177 3231/4461/4249 3222/4462/4250
f 3221/4388/4177 3222/4462/4250 3212/4389/4178
f 3212/4389/4178 3222/4462/4250 3213/4463/4251
f 3212/4389/4178 3213/4463/4251 3203/4390/4179
f 3203/4390/4179 3213/4463/4251 3204/4464/4252
f 3203/4390/4179 3204/4464/4252 3194/4391/4180
f 3194/4391/4180 3204/4464/4252 3195/4465/4253
f 3194/4391/4180 3195/4465/4253 3185/4392/4181
f 3185/4392/4181 3195/4465/4253 3186/4466/4254
f 3185/4392/4181 3186/4466/4254 3176/4393/4182
f 3176/4393/4182 3186/4466/4254 3177/4467/4255
f 3176/4393/4182 3177/4467/4255 3167/4394/4183
f 3167/4394/4183 3177/4467/4255 3168/4468/4256
f 3167/4394/4183 3168/4468/4256 3158/4395/4184
f 3158/4395/4184 3168/4468/4256 3159/4469/4257
f 3158/4395/4184 3159/4469/4257 3149/4396/4185
f 3149/4396/4185 3159/4469/4257 3150/4470/4258
f 3149/4396/4185 3150/4470/4258 3140/4397/4186
f 3140/4397/4186 3150/4470/4258 3141/4471/4259
f 3140/4397/4186 3141/4471/4259 3131/4398/4187
f 3131/4398/4187 3141/4471/4259 3132/4472/4260
f 3131/4398/4187 3132/4472/4260 3122/4399/4188
f 3122/4399/4188 3132/4472/4260 3123/4473/4261
f 3122/4399/4188 3123/4473/4261 3113/4400/4189
f 3113/4400/4189 3123/4473/4261 3114/4474/4262
f 3113/4400/4189 3114/4474/4262 3104/4401/4190
f 3104/4401/4190 3114/4474/4262 3105/4475/4263
f 3104/4401/4190 3105/4475/4263 3095/4402/4191
f 3095/4402/4191 3105/4475/4263 3096/4476/4264
f 3095/4402/4191 3096/4476/4264 3086/4403/4192
f 3086/4403/4192 3096/4476/4264 3087/4477/4265
f 3086/4403/4192 3087/4477/4265 3077/4404/4193
f 3077/4404/4193 3087/4477/4265 3078/4478/4266
f 3077/4404/4193 3078/4478/4266 3068/4405/4194
f 3068/4405/4194 3078/4478/4266 3069/4479/4267
f 3068/4405/4194 3069/4479/4267 3059/4406/4195
f 3059/4406/4195 3069/4479/4267 3060/4480/4268
f 3059/4406/4195 3060/4480/4268 3050/4407/4196
f 3050/4407/4196 3060/4480/4268 3051/4481/4269
f 3050/4407/4196 3051/4481/4269 3041/4408/4197
f 3041/4408/4197 3051/4481/4269 3042/4482/4270
f 3041/4408/4197 3042/4482/4270 3032/4409/4198
f 3032/4409/4198 3042/4482/4270 3033/4483/4271
f 3032/4409/4198 3033/4483/4271 3023/4410/4199
f 3023/4410/4199 3033/4483/4271 3024/4484/4272
f 3023/4410/4199 3024/4484/4272 3014/4411/4200
f 3014/4411/4200 3024/4484/4272 3015/4485/4273
f 3014/4411/4200 3015/4485/4273 3005/4412/4201
f 3005/4412/4201 3015/4485/4273 3006/4486/4274
f 3005/4412/4201 3006/4486/4274 2996/4413/4202
f 2996/4413/4202 3006/4486/4274 2997/4487/4275
f 2996/4413/4202 2997/4487/4275 2987/4414/4203
f 2987/4414/4203 2997/4487/4275 2988/4488/4276
f 2987/4414/4203 2988/4488/4276 2978/4415/4204
f 2978/4415/4204 2988/4488/4276 2979/4489/4277
f 2978/4415/4204 2979/4489/4277 2969/4416/4205
f 2969/4416/4205 2979/4489/4277 2970/4490/4278
f 2969/4416/4205 2970/4490/4278 2960/4417/4206
f 2960/4417/4206 2970/4490/4278 2961/4491/4279
f 2960/4417/4206 2961/4491/4279 2951/4418/4207
f 2951/4418/4207 2961/4491/4279 2952/4492/4280
f 2951/4418/4207 2952/4492/4280 2942/4419/4208
f 2942/4419/4208 2952/4492/4280 2943/4493/4281
f 2942/4419/4208 2943/4493/4281 2933/4420/4209
f 2933/4420/4209 2943/4493/4281 2934/4494/4282
f 2933/4420/4209 2934/4494/4282 2924/4421/4210
f 2924/4421/4210 2934/4494/4282 2925/4495/4283
f 2924/4421/4210 2925/4495/4283 2915/4422/4211
f 2915/4422/4211 2925/4495/4283 2916/4496/4284
f 2915/4422/4211 2916/4496/4284 2906/4423/4212
f 2906/4423/4212 2916/4496/4284 2907/4497/4285
f 2906/4423/4212 2907/4497/4285 2897/4424/4213
f 2897/4424/4213 2907/4497/4285 2898/4498/4286
f 2897/4424/4213 2898/4498/4286 2888/4425/4214
f 2888/4425/4214 2898/4498/4286 2889/4499/4287
f 2888/4425/4214 2889/4499/4287 2879/4426/4215
f 2879/4426/4215 2889/4499/4287 2880/4500/4288
f 2879/4426/4215 2880/4500/4288 2870/4427/4216
f 2870/4427/4216 2880/4500/4288 2871/4501/4289
f 2870/4427/4216 2871/4501/4289 2861/4428/4217
f 2861/4428/4217 2871/4501/4289 2862/4502/4290
f 2861/4428/4217 2862/4502/4290 2852/4429/4218
f 2852/4429/4218 2862/4502/4290 2853/4503/4291
f 2852/4429/4218 2853/4503/4291 2843/4430/4219
f 2843/4430/4219 2853/4503/4291 2844/4504/4292
f 2843/4430/4219 2844/4504/4292 2834/4431/4220
f 2834/4431/4220 2844/4504/4292 2835/4505/4293
f 2834/4431/4220 2835/4505/4293 2825/4432/4221
f 2825/4432/4221 2835/4505/4293 2826/4506/4294
f 2825/4432/4221 2826/4506/4294 2816/4433/4222
f 2816/4433/4222 2826/4506/4294 2817/4507/4295
f 2816/4433/4222 2817/4507/4295 2807/4434/4223
f 2807/4434/4223 2817/4507/4295 2808/4508/4296
f 2807/4434/4223 2808/4508/4296 2798/4435/4224
f 2798/4435/4224 2808/4508/4296 2799/4509/4297
f 2798/4435/4224 2799/4509/4297 2789/4436/4152
f 2789/4436/4152 2799/4509/4297 2790/4510/4225
f 2790/4437/4225 2791/4511/4298 3438/4438/4226
f 3438/4438/4226 2791/4511/4298 3439/4512/4299
f 3438/4438/4226 3439/4512/4299 3429/4439/4227
f 3429/4439/4227 3439/4512/4299 3430/4513/4300
f 3429/4439/4227 3430/4513/4300 3420/4440/4228
f 3420/4440/4228 3430/4513/4300 3421/4514/4301
f 3420/4440/4228 3421/4514/4301 3411/4441/4229
f 3411/4441/4229 3421/4514/4301 3412/4515/4302
f 3411/4441/4229 3412/4515/4302 3402/4442/4230
f 3402/4442/4230 3412/4515/4302 3403/4516/4303
f 3402/4442/4230 3403/4516/4303 3393/4443/4231
f 3393/4443/4231 3403/4516/4303 3394/4517/4304
f 3393/4443/4231 3394/4517/4304 3384/4444/4232
f 3384/4444/4232 3394/4517/4304 3385/4518/4305
f 3384/4444/4232 3385/4518/4305 3375/4445/4233
f 3375/4445/4233 3385/4518/4305 3376/4519/4306
f 3375/4445/4233 3376/4519/4306 3366/4446/4234
f 3366/4446/4234 3376/4519/4306 3367/4520/4307
f 3366/4446/4234 3367/4520/4307 3357/4447/4235
f 3357/4447/4235 3367/4520/4307 3358/4521/4308
f 3357/4447/4235 3358/4521/4308 3348/4448/4236
f 3348/4448/4236 3358/4521/4308 3349/4522/4309
f 3348/4448/4236 3349/4522/4309 3339/4449/4237
f 3339/4449/4237 3349/4522/4309 3340/4523/4310
f 3339/4449/4237 3340/4523/4310 3330/4450/4238
f 3330/4450/4238 3340/4523/4310 3331/4524/4311
f 3330/4450/4238 3331/4524/4311 3321/4451/4239
f 3321/4451/4239 3331/4524/4311 3322/4525/4312
f 3321/4451/4239 3322/4525/4312 3312/4452/4240
f 3312/4452/4240 3322/4525/4312 3313/4526/4313
f 3312/4452/4240 3313/4526/4313 3303/4453/4241
f 3303/4453/4241 3313/4526/4313 3304/4527/4314
f 3303/4453/4241 3304/4527/4314 3294/4454/4242
f 3294/4454/4242 3304/4527/4314 3295/4528/4315
f 3294/4454/4242 3295/4528/4315 3285/4455/4243
f 3285/4455/4243 3295/4528/4315 3286/4529/4316
f 3285/4455/4243 3286/4529/4316 3276/4456/4244
f 3276/4456/4244 3286/4529/4316 3277/4530/4317
f 3276/4456/4244 3277/4530/4317 3267/4457/4245
f 3267/4457/4245 3277/4530/4317 3268/4531/4318
f 3267/4457/4245 3268/4531/4318 3258/4458/4246
f 3258/4458/4246 3268/4531/4318 3259/4532/4319
f 3258/4458/4246 3259/4532/4319 3249/4459/4247
f 3249/4459/4247 3259/4532/4319 3250/4533/4320
f 3249/4459/4247 3250/4533/4320 3240/4460/4248
f 3240/4460/4248 3250/4533/4320 3241/4534/4321
f 3240/4460/4248 3241/4534/4321 3231/4461/4249
f 3231/4461/4249 3241/4534/4321 3232/4535/4322
f 3231/4461/4249 3232/4535/4322 3222/4462/4250
f 3222/4462/4250 3232/4535/4322 3223/4536/4323
f 3222/4462/4250 3223/4536/4323 3213/4463/4251
f 3213/4463/4251 3223/4536/4323 3214/4537/4324
f 3213/4463/4251 3214/4537/4324 3204/4464/4252
f 3204/4464/4252 3214/4537/4324 3205/4538/4325
f 3204/4464/4252 3205/4538/4325 3195/4465/4253
f 3195/4465/4253 3205/4538/4325 3196/4539/4326
f 3195/4465/4253 3196/4539/4326 3186/4466/4254
f 3186/4466/4254 3196/4539/4326 3187/4540/4327
f 3186/4466/4254 3187/4540/4327 3177/4467/4255
f 3177/4467/4255 3187/4540/4327 3178/4541/4328
f 3177/4467/4255 3178/4541/4328 3168/4468/4256
f 3168/4468/4256 3178/4541/4328 3169/4542/4329
f 3168/4468/4256 3169/4542/4329 3159/4469/4257
f 3159/4469/4257 3169/4542/4329 3160/4543/4330
f 3159/4469/4257 3160/4543/4330 3150/4470/4258
f 3150/4470/4258 3160/4543/4330 3151/4544/4331
f 3150/4470/4258 3151/4544/4331 3141/4471/4259
f 3141/4471/4259 3151/4544/4331 3142/4545/4332
f 3141/4471/4259 3142/4545/4332 3132/4472/4260
f 3132/4472/4260 3142/4545/4332 3133/4546/4333
f 3132/4472/4260 3133/4546/4333 3123/4473/4261
f 3123/4473/4261 3133/4546/4333 3124/4547/4334
f 3123/4473/4261 3124/4547/4334 3114/4474/4262
f 3114/4474/4262 3124/4547/4334 3115/4548/4335
f 3114/4474/4262 3115/4548/4335 3105/4475/4263
f 3105/4475/4263 3115/4548/4335 3106/4549/4336
f 3105/4475/4263 3106/4549/4336 3096/4476/4264
f 3096/4476/4264 3106/4549/4336 3097/4550/4337
f 3096/4476/4264 3097/4550/4337 3087/4477/4265
f 3087/4477/4265 3097/4550/4337 3088/4551/4338
f 3087/4477/4265 3088/4551/4338 3078/4478/4266
f 3078/4478/4266 3088/4551/4338 3079/4552/4339
f 3078/4478/4266 3079/4552/4339 3069/4479/4267
f 3069/4479/4267 3079/4552/4339 3070/4553/4340
f 3069/4479/4267 3070/4553/4340 3060/4480/4268
f 3060/4480/4268 3070/4553/4340 3061/4554/4341
f 3060/4480/4268 3061/4554/4341 3051/4481/4269
f 3051/4481/4269 3061/4554/4341 3052/4555/4342
f 3051/4481/4269 3052/4555/4342 3042/4482/4270
f 3042/4482/4270 3052/4555/4342 3043/4556/4343
f 3042/4482/4270 3043/4556/4343 3033/4483/4271
f 3033/4483/4271 3043/4556/4343 3034/4557/4344
f 3033/4483/4271 3034/4557/4344 3024/4484/4272
f 3024/4484/4272 3034/4557/4344 3025/4558/4345
f 3024/4484/4272 3025/4558/4345 3015/4485/4273
f 3015/4485/4273 3025/4558/4345 3016/4559/4346
f 3015/4485/4273 3016/4559/4346 3006/4486/4274
f 3006/4486/4274 3016/4559/4346 3007/4560/4347
f 3006/4486/4274 3007/4560/4347 2997/4487/4275
f 2997/4487/4275 3007/4560/4347 2998/4561/4348
f 2997/4487/4275 2998/4561/4348 2988/4488/4276
f 2988/4488/4276 2998/4561/4348 2989/4562/4349
f 2988/4488/4276 2989/4562/4349 2979/4489/4277
f 2979/4489/4277 2989/4562/4349 2980/4563/4350
f 2979/4489/4277 2980/4563/4350 2970/4490/4278
f 2970/4490/4278 2980/4563/4350 2971/4564/4351
f 2970/4490/4278 2971/4564/4351 2961/4491/4279
f 2961/4491/4279 2971/4564/4351 2962/4565/4352
f 2961/4491/4279 2962/4565/4352 2952/4492/4280
f 2952/4492/4280 2962/4565/4352 2953/4566/4353
f 2952/4492/4280 2953/4566/4353 2943/4493/4281
f 2943/4493/4281 2953/4566/4353 2944/4567/4354
f 2943/4493/4281 2944/4567/4354 2934/4494/4282
f 2934/4494/4282 2944/4567/4354 2935/4568/4355
f 2934/4494/4282 2935/4568/4355 2925/4495/4283
f 2925/4495/4283 2935/4568/4355 2926/4569/4356
f 2925/4495/4283 2926/4569/4356 2916/4496/4284
f 2916/4496/4284 2926/4569/4356 2917/4570/4357
f 2916/4496/4284 2917/4570/4357 2907/4497/4285
f 2907/4497/4285 2917/4570/4357 2908/4571/4358
f 2907/4497/4285 2908/4571/4358 2898/4498/4286
f 2898/4498/4286 2908/4571/4358 2899/4572/4359
f 2898/4498/4286 2899/4572/4359 2889/4499/4287
f 2889/4499/4287 2899/4572/4359 2890/4573/4360
f 2889/4499/4287 2890/4573/4360 2880/4500/4288
f 2880/4500/4288 2890/4573/4360 2881/4574/4361
f 2880/4500/4288 2881/4574/4361 2871/4501/4289
f 2871/4501/4289 2881/4574/4361 2872/4575/4362
f 2871/4501/4289 2872/4575/4362 2862/4502/4290
f 2862/4502/4290 2872/4575/4362 2863/4576/4363
f 2862/4502/4290 2863/4576/4363 2853/4503/4291
f 2853/4503/4291 2863/4576/4363 2854/4577/4364
f 2853/4503/4291 2854/4577/4364 2844/4504/4292
f 2844/4504/4292 2854/4577/4364 2845/4578/4365
f 2844/4504/4292 2845/4578/4365 2835/4505/4293
f 2835/4505/4293 2845/4578/4365 2836/4579/4366
f 2835/4505/4293 2836/4579/4366 2826/4506/4294
f 2826/4506/4294 2836/4579/4366 2827/4580/4367
f 2826/4506/4294 2827/4580/4367 2817/4507/4295
f 2817/4507/4295 2827/4580/4367 2818/4581/4368
f 2817/4507/4295 2818/4581/4368 2808/4508/4296
f 2808/4508/4296 2818/4581/4368 2809/4582/4369
f 2808/4508/4296 2809/4582/4369 2799/4509/4297
f 2799/4509/4297 2809/4582/4369 2800/4583/4370
f 2799/4509/4297 2800/4583/4370 2790/4510/4225
f 2790/4510/4225 2800/4583/4370 2791/4584/4298
f 2791/4511/4298 2792/4585/4371 3439/4512/4299
f 3439/4512/4299 2792/4585/4371 3440/4586/4372
f 3439/4512/4299 3440/4586/4372 3430/4513/4300
f 3430/4513/4300 3440/4586/4372 3431/4587/4373
f 3430/4513/4300 3431/4587/4373 3421/4514/4301
f 3421/4514/4301 3431/4587/4373 3422/4588/4374
f 3421/4514/4301 3422/4588/4374 3412/4515/4302
f 3412/4515/4302 3422/4588/4374 3413/4589/4375
f 3412/4515/4302 3413/4589/4375 3403/4516/4303
f 3403/4516/4303 3413/4589/4375 3404/4590/4376
f 3403/4516/4303 3404/4590/4376 3394/4517/4304
f 3394/4517/4304 3404/4590/4376 3395/4591/4377
f 3394/4517/4304 3395/4591/4377 3385/4518/4305
f 3385/4518/4305 3395/4591/4377 3386/4592/4378
f 3385/4518/4305 3386/4592/4378 3376/4519/4306
f 3376/4519/4306 3386/4592/4378 3377/4593/4379
f 3376/4519/4306 3377/4593/4379 3367/4520/4307
f 3367/4520/4307 3377/4593/4379 3368/4594/4380
f 3367/4520/4307 3368/4594/4380 3358/4521/4308
f 3358/4521/4308 3368/4594/4380 3359/4595/4381
f 3358/4521/4308 3359/4595/4381 3349/4522/4309
f 3349/4522/4309 3359/4595/4381 3350/4596/4382
f 3349/4522/4309 3350/4596/4382 3340/4523/4310
f 3340/4523/4310 3350/4596/4382 3341/4597/4383
f 3340/4523/4310 3341/4597/4383 3331/4524/4311
f 3331/4524/4311 3341/4597/4383 3332/4598/4384
f 3331/4524/4311 3332/4598/4384 3322/4525/4312
f 3322/4525/4312 3332/4598/4384 3323/4599/4385
f 3322/4525/4312 3323/4599/4385 3313/4526/4313
f 3313/4526/4313 3323/4599/4385 3314/4600/4386
f 3313/4526/4313 3314/4600/4386 3304/4527/4314
f 3304/4527/4314 3314/4600/4386 3305/4601/4387
f 3304/4527/4314 3305/4601/4387 3295/4528/4315
f 3295/4528/4315 3305/4601/4387 3296/4602/4388
f 3295/4528/4315 3296/4602/4388 3286/4529/4316
f 3286/4529/4316 3296/4602/4388 3287/4603/4389
f 3286/4529/4316 3287/4603/4389 3277/4530/4317
f 3277/4530/4317 3287/4603/4389 3278/4604/4390
f 3277/4530/4317 3278/4604/4390 3268/4531/4318
f 3268/4531/4318 3278/4604/4390 3269/4605/4391
f 3268/4531/4318 3269/4605/4391 3259/4532/4319
f 3259/4532/4319 3269/4605/4391 3260/4606/4392
f 3259/4532/4319 3260/4606/4392 3250/4533/4320
f 3250/4533/4320 3260/4606/4392 3251/4607/4393
f 3250/4533/4320 3251/4607/4393 3241/4534/4321
f 3241/4534/4321 3251/4607/4393 3242/4608/4394
f 3241/4534/4321 3242/4608/4394 3232/4535/4322
f 3232/4535/4322 3242/4608/4394 3233/4609/4395
f 3232/4535/4322 3233/4609/4395 3223/4536/4323
f 3223/4536/4323 3233/4609/4395 3224/4610/4396
f 3223/4536/4323 3224/4610/4396 3214/4537/4324
f 3214/4537/4324 3224/4610/4396 3215/4611/4397
f 3214/4537/4324 3215/4611/4397 3205/4538/4325
f 3205/4538/4325 3215/4611/4397 3206/4612/4398
f 3205/4538/4325 3206/4612/4398 3196/4539/4326
f 3196/4539/4326 3206/4612/4398 3197/4613/4399
f 3196/4539/4326 3197/4613/4399 3187/4540/4327
f 3187/4540/4327 3197/4613/4399 3188/4614/4400
f 3187/4540/4327 3188/4614/4400 3178/4541/4328
f 3178/4541/4328 3188/4614/4400 3179/4615/4401
f 3178/4541/4328 3179/4615/4401 3169/4542/4329
f 3169/4542/4329 3179/4615/4401 3170/4616/4402
f 3169/4542/4329 3170/4616/4402 3160/4543/4330
f 3160/4543/4330 3170/4616/4402 3161/4617/4403
f 3160/4543/4330 3161/4617/4403 3151/4544/4331
f 3151/4544/4331 3161/4617/4403 3152/4618/4404
f 3151/4544/4331 3152/4618/4404 3142/4545/4332
f 3142/4545/4332 3152/4618/4404 3143/4619/4405
f 3142/4545/4332 3143/4619/4405 3133/4546/4333
f 3133/4546/4333 3143/4619/4405 3134/4620/4406
f 3133/4546/4333 3134/4620/4406 3124/4547/4334
f 3124/4547/4334 3134/4620/4406 3125/4621/4407
f 3124/4547/4334 3125/4621/4407 3115/4548/4335
f 3115/4548/4335 3125/4621/4407 3116/4622/4408
f 3115/4548/4335 3116/4622/4408 3106/4549/4336
f 3106/4549/4336 3116/4622/4408 3107/4623/4409
f 3106/4549/4336 3107/4623/4409 3097/4550/4337
f 3097/4550/4337 3107/4623/4409 3098/4624/4410
f 3097/4550/4337 3098/4624/4410 3088/4551/4338
f 3088/4551/4338 3098/4624/4410 3089/4625/4411
f 3088/4551/4338 3089/4625/4411 3079/4552/4339
f 3079/4552/4339 3089/4625/4411 3080/4626/4412
f 3079/4552/4339 3080/4626/4412 3070/4553/4340
f 3070/4553/4340 3080/4626/4412 3071/4627/4413
f 3070/4553/4340 3071/4627/4413 3061/4554/4341
f 3061/4554/4341 3071/4627/4413 3062/4628/4414
f 3061/4554/4341 3062/4628/4414 3052/4555/4342
f 3052/4555/4342 3062/4628/4414 3053/4629/4415
f 3052/4555/4342 3053/4629/4415 3043/4556/4343
f 3043/4556/4343 3053/4629/4415 3044/4630/4416
f 3043/4556/4343 3044/4630/4416 3034/4557/4344
f 3034/4557/4344 3044/4630/4416 3035/4631/4417
f 3034/4557/4344 3035/4631/4417 3025/4558/4345
f 3025/4558/4345 3035/4631/4417 3026/4632/4418
f 3025/4558/4345 3026/4632/4418 3016/4559/4346
f 3016/4559/4346 3026/4632/4418 3017/4633/4419
f 3016/4559/4346 3017/4633/4419 3007/4560/4347
f 3007/4560/4347 3017/4633/4419 3008/4634/4420
f 3007/4560/4347 3008/4634/4420 2998/4561/4348
f 2998/4561/4348 3008/4634/4420 2999/4635/4421
f 2998/4561/4348 2999/4635/4421 2989/4562/4349
f 2989/4562/4349 2999/4635/4421 2990/4636/4422
f 2989/4562/4349 2990/4636/4422 2980/4563/4350
f 2980/4563/4350 2990/4636/4422 2981/4637/4423
f 2980/4563/4350 2981/4637/4423 2971/4564/4351
f 2971/4564/4351 2981/4637/4423 2972/4638/4424
f 2971/4564/4351 2972/4638/4424 2962/4565/4352
f 2962/4565/4352 2972/4638/4424 2963/4639/4425
f 2962/4565/4352 2963/4639/4425 2953/4566/4353
f 2953/4566/4353 2963/4639/4425 2954/4640/4426
f 2953/4566/4353 2954/4640/4426 2944/4567/4354
f 2944/4567/4354 2954/4640/4426 2945/4641/4427
f 2944/4567/4354 2945/4641/4427 2935/4568/4355
f 2935/4568/4355 2945/4641/4427 2936/4642/4428
f 2935/4568/4355 2936/4642/4428 2926/4569/4356
f 2926/4569/4356 2936/4642/4428 2927/4643/4429
f 2926/4569/4356 2927/4643/4429 2917/4570/4357
f 2917/4570/4357 2927/4643/4429 2918/4644/4430
f 2917/4570/4357 2918/4644/4430 2908/4571/4358
f 2908/4571/4358 2918/4644/4430 2909/4645/4431
f 2908/4571/4358 2909/4645/4431 2899/4572/4359
f 2899/4572/4359 2909/4645/4431 2900/4646/4432
f 2899/4572/4359 2900/4646/4432 2890/4573/4360
f 2890/4573/4360 2900/4646/4432 2891/4647/4433
f 2890/4573/4360 2891/4647/4433 2881/4574/4361
f 2881/4574/4361 2891/4647/4433 2882/4648/4434
f 2881/4574/4361 2882/4648/4434 2872/4575/4362
f 2872/4575/4362 2882/4648/4434 2873/4649/4435
f 2872/4575/4362 2873/4649/4435 2863/4576/4363
f 2863/4576/4363 2873/4649/4435 2864/4650/4436
f 2863/4576/4363 2864/4650/4436 2854/4577/4364
f 2854/4577/4364 2864/4650/4436 2855/4651/4437
f 2854/4577/4364 2855/4651/4437 2845/4578/4365
f 2845/4578/4365 2855/4651/4437 2846/4652/4438
f 2845/4578/4365 2846/4652/4438 2836/4579/4366
f 2836/4579/4366 2846/4652/4438 2837/4653/4439
f 2836/4579/4366 2837/4653/4439 2827/4580/4367
f 2827/4580/4367 2837/4653/4439 2828/4654/4440
f 2827/4580/4367 2828/4654/4440 2818/4581/4368
f 2818/4581/4368 2828/4654/4440 2819/4655/4441
f 2818/4581/4368 2819/4655/4441 2809/4582/4369
f 2809/4582/4369 2819/4655/4441 2810/4656/4442
f 2809/4582/4369 2810/4656/4442 2800/4583/4370
f 2800/4583/4370 2810/4656/4442 2801/4657/4443
f 2800/4583/4370 2801/4657/4443 2791/4584/4298
f 2791/4584/4298 2801/4657/4443 2792/4658/4371
f 2792/4585/4371 2793/3996/3790 3440/4586/4372
f 3440/4586/4372 2793/3996/3790 3441/3994/3788
f 3440/4586/4372 3441/3994/3788 3431/4587/4373
f 3431/4587/4373 3441/3994/3788 3432/4140/3932
f 3431/4587/4373 3432/4140/3932 3422/4588/4374
f 3422/4588/4374 3432/4140/3932 3423/4138/3930
f 3422/4588/4374 3423/4138/3930 3413/4589/4375
f 3413/4589/4375 3423/4138/3930 3414/4136/3928
f 3413/4589/4375 3414/4136/3928 3404/4590/4376
f 3404/4590/4376 3414/4136/3928 3405/4134/3926
f 3404/4590/4376 3405/4134/3926 3395/4591/4377
f 3395/4591/4377 3405/4134/3926 3396/4132/3924
f 3395/4591/4377 3396/4132/3924 3386/4592/4378
f 3386/4592/4378 3396/4132/3924 3387/4130/3922
f 3386/4592/4378 3387/4130/3922 3377/4593/4379
f 3377/4593/4379 3387/4130/3922 3378/4128/3920
f 3377/4593/4379 3378/4128/3920 3368/4594/4380
f 3368/4594/4380 3378/4128/3920 3369/4126/3918
f 3368/4594/4380 3369/4126/3918 3359/4595/4381
f 3359/4595/4381 3369/4126/3918 3360/4124/3916
f 3359/4595/4381 3360/4124/3916 3350/4596/4382
f 3350/4596/4382 3360/4124/3916 3351/4122/3914
f 3350/4596/4382 3351/4122/3914 3341/4597/4383
f 3341/4597/4383 3351/4122/3914 3342/4120/3912
f 3341/4597/4383 3342/4120/3912 3332/4598/4384
f 3332/4598/4384 3342/4120/3912 3333/4118/3910
f 3332/4598/4384 3333/4118/3910 3323/4599/4385
f 3323/4599/4385 3333/4118/3910 3324/4116/3908
f 3323/4599/4385 3324/4116/3908 3314/4600/4386
f 3314/4600/4386 3324/4116/3908 3315/4114/3906
f 3314/4600/4386 3315/4114/3906 3305/4601/4387
f 3305/4601/4387 3315/4114/3906 3306/4112/3904
f 3305/4601/4387 3306/4112/3904 3296/4602/4388
f 3296/4602/4388 3306/4112/3904 3297/4110/3902
f 3296/4602/4388 3297/4110/3902 3287/4603/4389
f 3287/4603/4389 3297/4110/3902 3288/4108/3900
f 3287/4603/4389 3288/4108/3900 3278/4604/4390
f 3278/4604/4390 3288/4108/3900 3279/4106/3898
f 3278/4604/4390 3279/4106/3898 3269/4605/4391
f 3269/4605/4391 3279/4106/3898 3270/4104/3896
f 3269/4605/4391 3270/4104/3896 3260/4606/4392
f 3260/4606/4392 3270/4104/3896 3261/4102/3894
f 3260/4606/4392 3261/4102/3894 3251/4607/4393
f 3251/4607/4393 3261/4102/3894 3252/4100/3892
f 3251/4607/4393 3252/4100/3892 3242/4608/4394
f 3242/4608/4394 3252/4100/3892 3243/4098/3890
f 3242/4608/4394 3243/4098/3890 3233/4609/4395
f 3233/4609/4395 3243/4098/3890 3234/4096/3888
f 3233/4609/4395 3234/4096/3888 3224/4610/4396
f 3224/4610/4396 3234/4096/3888 3225/4094/3886
f 3224/4610/4396 3225/4094/3886 3215/4611/4397
f 3215/4611/4397 3225/4094/3886 3216/4092/3884
f 3215/4611/4397 3216/4092/3884 3206/4612/4398
f 3206/4612/4398 3216/4092/3884 3207/4090/3882
f 3206/4612/4398 3207/4090/3882 3197/4613/4399
f 3197/4613/4399 3207/4090/3882 3198/4088/3880
f 3197/4613/4399 3198/4088/3880 3188/4614/4400
f 3188/4614/4400 3198/4088/3880 3189/4086/3878
f 3188/4614/4400 3189/4086/3878 3179/4615/4401
f 3179/4615/4401 3189/4086/3878 3180/4084/3876
f 3179/4615/4401 3180/4084/3876 3170/4616/4402
f 3170/4616/4402 3180/4084/3876 3171/4082/3874
f 3170/4616/4402 3171/4082/3874 3161/4617/4403
f 3161/4617/4403 3171/4082/3874 3162/4080/3872
f 3161/4617/4403 3162/4080/3872 3152/4618/4404
f 3152/4618/4404 3162/4080/3872 3153/4078/3870
f 3152/4618/4404 3153/4078/3870 3143/4619/4405
f 3143/4619/4405 3153/4078/3870 3144/4076/3868
f 3143/4619/4405 3144/4076/3868 3134/4620/4406
f 3134/4620/4406 3144/4076/3868 3135/4074/3866
f 3134/4620/4406 3135/4074/3866 3125/4621/4407
f 3125/4621/4407 3135/4074/3866 3126/4072/3864
f 3125/4621/4407 3126/4072/3864 3116/4622/4408
f 3116/4622/4408 3126/4072/3864 3117/4070/3862
f 3116/4622/4408 3117/4070/3862 3107/4623/4409
f 3107/4623/4409 3117/4070/3862 3108/4068/3860
f 3107/4623/4409 3108/4068/3860 3098/4624/4410
f 3098/4624/4410 3108/4068/3860 3099/4066/3858
f 3098/4624/4410 3099/4066/3858 3089/4625/4411
f 3089/4625/4411 3099/4066/3858 3090/4064/3856
f 3089/4625/4411 3090/4064/3856 3080/4626/4412
f 3080/4626/4412 3090/4064/3856 3081/4062/3854
f 3080/4626/4412 3081/4062/3854 3071/4627/4413
f 3071/4627/4413 3081/4062/3854 3072/4060/3852
f 3071/4627/4413 3072/4060/3852 3062/4628/4414
f 3062/4628/4414 3072/4060/3852 3063/4058/3850
f 3062/4628/4414 3063/4058/3850 3053/4629/4415
f 3053/4629/4415 3063/4058/3850 3054/4056/3848
f 3053/4629/4415 3054/4056/3848 3044/4630/4416
f 3044/4630/4416 3054/4056/3848 3045/4054/3846
f 3044/4630/4416 3045/4054/3846 3035/4631/4417
f 3035/4631/4417 3045/4054/3846 3036/4052/3844
f 3035/4631/4417 3036/4052/3844 3026/4632/4418
f 3026/4632/4418 3036/4052/3844 3027/4050/3842
f 3026/4632/4418 3027/4050/3842 3017/4633/4419
f 3017/4633/4419 3027/4050/3842 3018/4048/3840
f 3017/4633/4419 3018/4048/3840 3008/4634/4420
f 3008/4634/4420 3018/4048/3840 3009/4046/3838
f 3008/4634/4420 3009/4046/3838 2999/4635/4421
f 2999/4635/4421 3009/4046/3838 3000/4044/3836
f 2999/4635/4421 3000/4044/3836 2990/4636/4422
f 2990/4636/4422 3000/4044/3836 2991/4042/3834
f 2990/4636/4422 2991/4042/3834 2981/4637/4423
f 2981/4637/4423 2991/4042/3834 2982/4040/3832
f 2981/4637/4423 2982/4040/3832 2972/4638/4424
f 2972/4638/4424 2982/4040/3832 2973/4038/3830
f 2972/4638/4424 2973/4038/3830 2963/4639/4425
f 2963/4639/4425 2973/4038/3830 2964/4036/3828
f 2963/4639/4425 2964/4036/3828 2954/4640/4426
f 2954/4640/4426 2964/4036/3828 2955/4034/3826
f 2954/4640/4426 2955/4034/3826 2945/4641/4427
f 2945/4641/4427 2955/4034/3826 2946/4032/3824
f 2945/4641/4427 2946/4032/3824 2936/4642/4428
f 2936/4642/4428 2946/4032/3824 2937/4030/3822
f 2936/4642/4428 2937/4030/3822 2927/4643/4429
f 2927/4643/4429 2937/4030/3822 2928/4028/3820
f 2927/4643/4429 2928/4028/3820 2918/4644/4430
f 2918/4644/4430 2928/4028/3820 2919/4026/3818
f 2918/4644/4430 2919/4026/3818 2909/4645/4431
f 2909/4645/4431 2919/4026/3818 2910/4024/3816
f 2909/4645/4431 2910/4024/3816 2900/4646/4432
f 2900/4646/4432 2910/4024/3816 2901/4022/3814
f 2900/4646/4432 2901/4022/3814 2891/4647/4433
f 2891/4647/4433 2901/4022/3814 2892/4020/3812
f 2891/4647/4433 2892/4020/3812 2882/4648/4434
f 2882/4648/4434 2892/4020/3812 2883/4018/3810
f 2882/4648/4434 2883/4018/3810 2873/4649/4435
f 2873/4649/4435 2883/4018/3810 2874/4016/3808
f 2873/4649/4435 2874/4016/3808 2864/4650/4436
f 2864/4650/4436 2874/4016/3808 2865/4014/3806
f 2864/4650/4436 2865/4014/3806 2855/4651/4437
f 2855/4651/4437 2865/4014/3806 2856/4012/3804
f 2855/4651/4437 2856/4012/3804 2846/4652/4438
f 2846/4652/4438 2856/4012/3804 2847/4010/3802
f 2846/4652/4438 2847/4010/3802 2837/4653/4439
f 2837/4653/4439 2847/4010/3802 2838/4008/3800
f 2837/4653/4439 2838/4008/3800 2828/4654/4440
f 2828/4654/4440 2838/4008/3800 2829/4006/3798
f 2828/4654/4440 2829/4006/3798 2819/4655/4441
f 2819/4655/4441 2829/4006/3798 2820/4004/3796
f 2819/4655/4441 2820/4004/3796 2810/4656/4442
f 2810/4656/4442 2820/4004/3796 2811/4002/3794
f 2810/4656/4442 2811/4002/3794 2801/4657/4443
f 2801/4657/4443 2811/4002/3794 2802/4000/3792
f 2801/4657/4443 2802/4000/3792 2792/4658/4371
f 2792/4658/4371 2802/4000/3792 2793/3998/3790
f 368/4659/709 3449/4660/4444 288/4661/292
f 288/4661/292 3449/4660/4444 3442/4662/4445
f 288/4663/292 3442/4664/4445 289/4665/290
f 289/4665/290 3442/4664/4445 4002/4666/4446
f 289/4665/290 4002/4666/4446 290/4667/312
f 290/4667/312 4002/4666/4446 3995/4668/4447
f 290/4667/312 3995/4668/4447 291/4669/314
f 291/4669/314 3995/4668/4447 3988/4670/4448
f 291/4669/314 3988/4670/4448 292/4671/316
f 292/4671/316 3988/4670/4448 3981/4672/4449
f 292/4671/316 3981/4672/4449 293/4673/318
f 293/4673/318 3981/4672/4449 3974/4674/4450
f 293/4673/318 3974/4674/4450 294/4675/320
f 294/4675/320 3974/4674/4450 3967/4676/4451
f 294/4675/320 3967/4676/4451 295/4677/322
f 295/4677/322 3967/4676/4451 3960/4678/4452
f 295/4677/322 3960/4678/4452 296/4679/324
f 296/4679/324 3960/4678/4452 3953/4680/4453
f 296/4679/324 3953/4680/4453 297/4681/361
f 297/4681/361 3953/4680/4453 3946/4682/4454
f 297/4681/361 3946/4682/4454 298/4683/369
f 298/4683/369 3946/4682/4454 3939/4684/4455
f 298/4683/369 3939/4684/4455 299/4685/376
f 299/4685/376 3939/4684/4455 3932/4686/4456
f 299/4685/376 3932/4686/4456 300/4687/382
f 300/4687/382 3932/4686/4456 3925/4688/4457
f 300/4687/382 3925/4688/4457 301/4689/387
f 301/4689/387 3925/4688/4457 3918/4690/4458
f 301/4689/387 3918/4690/4458 302/4691/391
f 302/4691/391 3918/4690/4458 3911/4692/4459
f 302/4691/391 3911/4692/4459 303/4693/394
f 303/4693/394 3911/4692/4459 3904/4694/4460
f 303/4693/394 3904/4694/4460 304/4695/359
f 304/4695/359 3904/4694/4460 3897/4696/4461
f 304/4695/359 3897/4696/4461 305/4697/360
f 305/4697/360 3897/4696/4461 3890/4698/4462
f 305/4697/360 3890/4698/4462 306/4699/397
f 306/4699/397 3890/4698/4462 3883/4700/4463
f 306/4699/397 3883/4700/4463 307/4701/399
f 307/4701/399 3883/4700/4463 3876/4702/4464
f 307/4701/399 3876/4702/4464 308/4703/401
f 308/4703/401 3876/4702/4464 3869/4704/4465
f 308/4703/401 3869/4704/4465 309/4705/403
f 309/4705/403 3869/4704/4465 3862/4706/4466
f 309/4705/403 3862/4706/4466 310/4707/405
f 310/4707/405 3862/4706/4466 3855/4708/4467
f 310/4707/405 3855/4708/4467 311/4709/407
f 311/4709/407 3855/4708/4467 3848/4710/4468
f 311/4709/407 3848/4710/4468 312/4711/409
f 312/4711/409 3848/4710/4468 3841/4712/4469
f 312/4711/409 3841/4712/4469 313/4713/446
f 313/4713/446 3841/4712/4469 3834/4714/4470
f 313/4713/446 3834/4714/4470 314/4715/454
f 314/4715/454 3834/4714/4470 3827/4716/4471
f 314/4715/454 3827/4716/4471 315/4717/461
f 315/4717/461 3827/4716/4471 3820/4718/4472
f 315/4717/461 3820/4718/4472 316/4719/467
f 316/4719/467 3820/4718/4472 3813/4720/4473
f 316/4719/467 3813/4720/4473 317/4721/472
f 317/4721/472 3813/4720/4473 3806/4722/4474
f 317/4721/472 3806/4722/4474 318/4723/476
f 318/4723/476 3806/4722/4474 3799/4724/4475
f 318/4723/476 3799/4724/4475 319/4725/479
f 319/4725/479 3799/4724/4475 3792/4726/4476
f 319/4725/479 3792/4726/4476 320/4727/444
f 320/4727/444 3792/4726/4476 3785/4728/4477
f 320/4727/444 3785/4728/4477 321/4729/445
f 321/4729/445 3785/4728/4477 3778/4730/4478
f 321/4729/445 3778/4730/4478 322/4731/482
f 322/4731/482 3778/4730/4478 3771/4732/4479
f 322/4731/482 3771/4732/4479 323/4733/484
f 323/4733/484 3771/4732/4479 3764/4734/4480
f 323/4733/484 3764/4734/4480 324/4735/486
f 324/4735/486 3764/4734/4480 3757/4736/4481
f 324/4735/486 3757/4736/4481 325/4737/488
f 325/4737/488 3757/4736/4481 3750/4738/4482
f 325/4737/488 3750/4738/4482 326/4739/490
f 326/4739/490 3750/4738/4482 3743/4740/4483
f 326/4739/490 3743/4740/4483 327/4741/492
f 327/4741/492 3743/4740/4483 3736/4742/4484
f 327/4741/492 3736/4742/4484 328/4743/494
f 328/4743/494 3736/4742/4484 3729/4744/4485
f 328/4743/494 3729/4744/4485 329/4745/496
f 329/4745/496 3729/4744/4485 3722/4746/4486
f 329/4745/496 3722/4746/4486 330/4747/533
f 330/4747/533 3722/4746/4486 3715/4748/4487
f 330/4747/533 3715/4748/4487 331/4749/541
f 331/4749/541 3715/4748/4487 3708/4750/4488
f 331/4749/541 3708/4750/4488 332/4751/548
f 332/4751/548 3708/4750/4488 3701/4752/4489
f 332/4751/548 3701/4752/4489 333/4753/554
f 333/4753/554 3701/4752/4489 3694/4754/4490
f 333/4753/554 3694/4754/4490 334/4755/559
f 334/4755/559 3694/4754/4490 3687/4756/4491
f 334/4755/559 3687/4756/4491 335/4757/563
f 335/4757/563 3687/4756/4491 3680/4758/4492
f 335/4757/563 3680/4758/4492 336/4759/566
f 336/4759/566 3680/4758/4492 3673/4760/4493
f 336/4759/566 3673/4760/4493 337/4761/531
f 337/4761/531 3673/4760/4493 3666/4762/4494
f 337/4761/531 3666/4762/4494 338/4763/532
f 338/4763/532 3666/4762/4494 3659/4764/4495
f 338/4763/532 3659/4764/4495 339/4765/569
f 339/4765/569 3659/4764/4495 3652/4766/4496
f 339/4765/569 3652/4766/4496 340/4767/571
f 340/4767/571 3652/4766/4496 3645/4768/4497
f 340/4767/571 3645/4768/4497 341/4769/573
f 341/4769/573 3645/4768/4497 3638/4770/4498
f 341/4769/573 3638/4770/4498 342/4771/575
f 342/4771/575 3638/4770/4498 3631/4772/4499
f 342/4771/575 3631/4772/4499 343/4773/577
f 343/4773/577 3631/4772/4499 3624/4774/4500
f 343/4773/577 3624/4774/4500 344/4775/579
f 344/4775/579 3624/4774/4500 3617/4776/4501
f 344/4775/579 3617/4776/4501 345/4777/581
f 345/4777/581 3617/4776/4501 3610/4778/4502
f 345/4777/581 3610/4778/4502 346/4779/618
f 346/4779/618 3610/4778/4502 3603/4780/4503
f 346/4779/618 3603/4780/4503 347/4781/626
f 347/4781/626 3603/4780/4503 3596/4782/4504
f 347/4781/626 3596/4782/4504 348/4783/633
f 348/4783/633 3596/4782/4504 3589/4784/4505
f 348/4783/633 3589/4784/4505 349/4785/639
f 349/4785/639 3589/4784/4505 3582/4786/4506
f 349/4785/639 3582/4786/4506 350/4787/644
f 350/4787/644 3582/4786/4506 3575/4788/4507
f 350/4787/644 3575/4788/4507 351/4789/648
f 351/4789/648 3575/4788/4507 3568/4790/4508
f 351/4789/648 3568/4790/4508 352/4791/651
f 352/4791/651 3568/4790/4508 3561/4792/4509
f 352/4791/651 3561/4792/4509 353/4793/616
f 353/4793/616 3561/4792/4509 3554/4794/4510
f 353/4793/616 3554/4794/4510 354/4795/617
f 354/4795/617 3554/4794/4510 3547/4796/4511
f 354/4795/617 3547/4796/4511 355/4797/654
f 355/4797/654 3547/4796/4511 3540/4798/4512
f 355/4797/654 3540/4798/4512 356/4799/656
f 356/4799/656 3540/4798/4512 3533/4800/4513
f 356/4799/656 3533/4800/4513 357/4801/658
f 357/4801/658 3533/4800/4513 3526/4802/4514
f 357/4801/658 3526/4802/4514 358/4803/660
f 358/4803/660 3526/4802/4514 3519/4804/4515
f 358/4803/660 3519/4804/4515 359/4805/662
f 359/4805/662 3519/4804/4515 3512/4806/4516
f 359/4805/662 3512/4806/4516 360/4807/664
f 360/4807/664 3512/4806/4516 3505/4808/4517
f 360/4807/664 3505/4808/4517 361/4809/666
f 361/4809/666 3505/4808/4517 3498/4810/4518
f 361/4809/666 3498/4810/4518 362/4811/682
f 362/4811/682 3498/4810/4518 3491/4812/4519
f 362/4811/682 3491/4812/4519 363/4813/689
f 363/4813/689 3491/4812/4519 3484/4814/4520
f 363/4813/689 3484/4814/4520 364/4815/695
f 364/4815/695 3484/4814/4520 3477/4816/4521
f 364/4815/695 3477/4816/4521 365/4817/700
f 365/4817/700 3477/4816/4521 3470/4818/4522
f 365/4817/700 3470/4818/4522 366/4819/704
f 366/4819/704 3470/4818/4522 3463/4820/4523
f 366/4819/704 3463/4820/4523 367/4821/707
f 367/4821/707 3463/4820/4523 3456/4822/4524
f 367/4821/707 3456/4822/4524 368/4659/709
f 368/4659/709 3456/4822/4524 3449/4660/4444
f 1983/4823/2547 4008/4824/4525 1903/4825/2545
f 1903/4825/2545 4008/4824/4525 3448/4826/4526
f 1903/4827/2545 3448/4828/4526 1904/4829/2543
f 1904/4829/2543 3448/4828/4526 3455/4830/4527
f 1904/4829/2543 3455/4830/4527 1905/4831/2571
f 1905/4831/2571 3455/4830/4527 3462/4832/4528
f 1905/4831/2571 3462/4832/4528 1906/4833/2573
f 1906/4833/2573 3462/4832/4528 3469/4834/4529
f 1906/4833/2573 3469/4834/4529 1907/4835/2575
f 1907/4835/2575 3469/4834/4529 3476/4836/4530
f 1907/4835/2575 3476/4836/4530 1908/4837/2626
f 1908/4837/2626 3476/4836/4530 3483/4838/4531
f 1908/4837/2626 3483/4838/4531 1909/4839/2640
f 1909/4839/2640 3483/4838/4531 3490/4840/4532
f 1909/4839/2640 3490/4840/4532 1910/4841/2648
f 1910/4841/2648 3490/4840/4532 3497/4842/4533
f 1910/4841/2648 3497/4842/4533 1911/4843/2656
f 1911/4843/2656 3497/4842/4533 3504/4844/4534
f 1911/4843/2656 3504/4844/4534 1912/4845/2664
f 1912/4845/2664 3504/4844/4534 3511/4846/4535
f 1912/4845/2664 3511/4846/4535 1913/4847/2672
f 1913/4847/2672 3511/4846/4535 3518/4848/4536
f 1913/4847/2672 3518/4848/4536 1914/4849/2680
f 1914/4849/2680 3518/4848/4536 3525/4850/4537
f 1914/4849/2680 3525/4850/4537 1915/4851/2688
f 1915/4851/2688 3525/4850/4537 3532/4852/4538
f 1915/4851/2688 3532/4852/4538 1916/4853/2697
f 1916/4853/2697 3532/4852/4538 3539/4854/4539
f 1916/4853/2697 3539/4854/4539 1917/4855/2699
f 1917/4855/2699 3539/4854/4539 3546/4856/4540
f 1917/4855/2699 3546/4856/4540 1918/4857/2701
f 1918/4857/2701 3546/4856/4540 3553/4858/4541
f 1918/4857/2701 3553/4858/4541 1919/4859/2703
f 1919/4859/2703 3553/4858/4541 3560/4860/4542
f 1919/4859/2703 3560/4860/4542 1920/4861/2705
f 1920/4861/2705 3560/4860/4542 3567/4862/4543
f 1920/4861/2705 3567/4862/4543 1921/4863/2707
f 1921/4863/2707 3567/4862/4543 3574/4864/4544
f 1921/4863/2707 3574/4864/4544 1922/4865/2709
f 1922/4865/2709 3574/4864/4544 3581/4866/4545
f 1922/4865/2709 3581/4866/4545 1923/4867/2711
f 1923/4867/2711 3581/4866/4545 3588/4868/4546
f 1923/4867/2711 3588/4868/4546 1924/4869/2721
f 1924/4869/2721 3588/4868/4546 3595/4870/4547
f 1924/4869/2721 3595/4870/4547 1925/4871/2725
f 1925/4871/2725 3595/4870/4547 3602/4872/4548
f 1925/4871/2725 3602/4872/4548 1926/4873/2728
f 1926/4873/2728 3602/4872/4548 3609/4874/4549
f 1926/4873/2728 3609/4874/4549 1927/4875/2730
f 1927/4875/2730 3609/4874/4549 3616/4876/4550
f 1927/4875/2730 3616/4876/4550 1928/4877/2624
f 1928/4877/2624 3616/4876/4550 3623/4878/4551
f 1928/4877/2624 3623/4878/4551 1929/4879/2625
f 1929/4879/2625 3623/4878/4551 3630/4880/4552
f 1929/4879/2625 3630/4880/4552 1930/4881/2732
f 1930/4881/2732 3630/4880/4552 3637/4882/4553
f 1930/4881/2732 3637/4882/4553 1931/4883/2734
f 1931/4883/2734 3637/4882/4553 3644/4884/4554
f 1931/4883/2734 3644/4884/4554 1932/4885/2774
f 1932/4885/2774 3644/4884/4554 3651/4886/4555
f 1932/4885/2774 3651/4886/4555 1933/4887/2782
f 1933/4887/2782 3651/4886/4555 3658/4888/4556
f 1933/4887/2782 3658/4888/4556 1934/4889/2790
f 1934/4889/2790 3658/4888/4556 3665/4890/4557
f 1934/4889/2790 3665/4890/4557 1935/4891/2798
f 1935/4891/2798 3665/4890/4557 3672/4892/4558
f 1935/4891/2798 3672/4892/4558 1936/4893/2806
f 1936/4893/2806 3672/4892/4558 3679/4894/4559
f 1936/4893/2806 3679/4894/4559 1937/4895/2814
f 1937/4895/2814 3679/4894/4559 3686/4896/4560
f 1937/4895/2814 3686/4896/4560 1938/4897/2822
f 1938/4897/2822 3686/4896/4560 3693/4898/4561
f 1938/4897/2822 3693/4898/4561 1939/4899/2829
f 1939/4899/2829 3693/4898/4561 3700/4900/4562
f 1939/4899/2829 3700/4900/4562 1940/4901/2836
f 1940/4901/2836 3700/4900/4562 3707/4902/4563
f 1940/4901/2836 3707/4902/4563 1941/4903/2838
f 1941/4903/2838 3707/4902/4563 3714/4904/4564
f 1941/4903/2838 3714/4904/4564 1942/4905/2840
f 1942/4905/2840 3714/4904/4564 3721/4906/4565
f 1942/4905/2840 3721/4906/4565 1943/4907/2842
f 1943/4907/2842 3721/4906/4565 3728/4908/4566
f 1943/4907/2842 3728/4908/4566 1944/4909/2772
f 1944/4909/2772 3728/4908/4566 3735/4910/4567
f 1944/4909/2772 3735/4910/4567 1945/4911/2773
f 1945/4911/2773 3735/4910/4567 3742/4912/4568
f 1945/4911/2773 3742/4912/4568 1946/4913/2844
f 1946/4913/2844 3742/4912/4568 3749/4914/4569
f 1946/4913/2844 3749/4914/4569 1947/4915/2846
f 1947/4915/2846 3749/4914/4569 3756/4916/4570
f 1947/4915/2846 3756/4916/4570 1948/4917/2848
f 1948/4917/2848 3756/4916/4570 3763/4918/4571
f 1948/4917/2848 3763/4918/4571 1949/4919/2887
f 1949/4919/2887 3763/4918/4571 3770/4920/4572
f 1949/4919/2887 3770/4920/4572 1950/4921/2895
f 1950/4921/2895 3770/4920/4572 3777/4922/4573
f 1950/4921/2895 3777/4922/4573 1951/4923/2903
f 1951/4923/2903 3777/4922/4573 3784/4924/4574
f 1951/4923/2903 3784/4924/4574 1952/4925/2911
f 1952/4925/2911 3784/4924/4574 3791/4926/4575
f 1952/4925/2911 3791/4926/4575 1953/4927/2919
f 1953/4927/2919 3791/4926/4575 3798/4928/4576
f 1953/4927/2919 3798/4928/4576 1954/4929/2927
f 1954/4929/2927 3798/4928/4576 3805/4930/4577
f 1954/4929/2927 3805/4930/4577 1955/4931/2934
f 1955/4931/2934 3805/4930/4577 3812/4932/4578
f 1955/4931/2934 3812/4932/4578 1956/4933/2940
f 1956/4933/2940 3812/4932/4578 3819/4934/4579
f 1956/4933/2940 3819/4934/4579 1957/4935/2946
f 1957/4935/2946 3819/4934/4579 3826/4936/4580
f 1957/4935/2946 3826/4936/4580 1958/4937/2948
f 1958/4937/2948 3826/4936/4580 3833/4938/4581
f 1958/4937/2948 3833/4938/4581 1959/4939/2950
f 1959/4939/2950 3833/4938/4581 3840/4940/4582
f 1959/4939/2950 3840/4940/4582 1960/4941/2885
f 1960/4941/2885 3840/4940/4582 3847/4942/4583
f 1960/4941/2885 3847/4942/4583 1961/4943/2886
f 1961/4943/2886 3847/4942/4583 3854/4944/4584
f 1961/4943/2886 3854/4944/4584 1962/4945/2952
f 1962/4945/2952 3854/4944/4584 3861/4946/4585
f 1962/4945/2952 3861/4946/4585 1963/4947/2954
f 1963/4947/2954 3861/4946/4585 3868/4948/4586
f 1963/4947/2954 3868/4948/4586 1964/4949/2956
f 1964/4949/2956 3868/4948/4586 3875/4950/4587
f 1964/4949/2956 3875/4950/4587 1965/4951/2995
f 1965/4951/2995 3875/4950/4587 3882/4952/4588
f 1965/4951/2995 3882/4952/4588 1966/4953/3003
f 1966/4953/3003 3882/4952/4588 3889/4954/4589
f 1966/4953/3003 3889/4954/4589 1967/4955/3011
f 1967/4955/3011 3889/4954/4589 3896/4956/4590
f 1967/4955/3011 3896/4956/4590 1968/4957/3019
f 1968/4957/3019 3896/4956/4590 3903/4958/4591
f 1968/4957/3019 3903/4958/4591 1969/4959/3027
f 1969/4959/3027 3903/4958/4591 3910/4960/4592
f 1969/4959/3027 3910/4960/4592 1970/4961/3035
f 1970/4961/3035 3910/4960/4592 3917/4962/4593
f 1970/4961/3035 3917/4962/4593 1971/4963/3042
f 1971/4963/3042 3917/4962/4593 3924/4964/4594
f 1971/4963/3042 3924/4964/4594 1972/4965/3048
f 1972/4965/3048 3924/4964/4594 3931/4966/4595
f 1972/4965/3048 3931/4966/4595 1973/4967/3054
f 1973/4967/3054 3931/4966/4595 3938/4968/4596
f 1973/4967/3054 3938/4968/4596 1974/4969/3056
f 1974/4969/3056 3938/4968/4596 3945/4970/4597
f 1974/4969/3056 3945/4970/4597 1975/4971/3058
f 1975/4971/3058 3945/4970/4597 3952/4972/4598
f 1975/4971/3058 3952/4972/4598 1976/4973/2993
f 1976/4973/2993 3952/4972/4598 3959/4974/4599
f 1976/4973/2993 3959/4974/4599 1977/4975/2994
f 1977/4975/2994 3959/4974/4599 3966/4976/4600
f 1977/4975/2994 3966/4976/4600 1978/4977/3060
f 1978/4977/3060 3966/4976/4600 3973/4978/4601
f 1978/4977/3060 3973/4978/4601 1979/4979/3062
f 1979/4979/3062 3973/4978/4601 3980/4980/4602
f 1979/4979/3062 3980/4980/4602 1980/4981/2553
f 1980/4981/2553 3980/4980/4602 3987/4982/4603
f 1980/4981/2553 3987/4982/4603 1981/4983/2551
f 1981/4983/2551 3987/4982/4603 3994/4984/4604
f 1981/4983/2551 3994/4984/4604 1982/4985/2549
f 1982/4985/2549 3994/4984/4604 4001/4986/4605
f 1982/4985/2549 4001/4986/4605 1983/4823/2547
f 1983/4823/2547 4001/4986/4605 4008/4824/4525
f 3442/4664/4445 3443/4987/4606 4002/4666/4446
f 4002/4666/4446 3443/4987/4606 4003/4988/4607
f 4002/4666/4446 4003/4988/4607 3995/4668/4447
f 3995/4668/4447 4003/4988/4607 3996/4989/4608
f 3995/4668/4447 3996/4989/4608 3988/4670/4448
f 3988/4670/4448 3996/4989/4608 3989/4990/4609
f 3988/4670/4448 3989/4990/4609 3981/4672/4449
f 3981/4672/4449 3989/4990/4609 3982/4991/4610
f 3981/4672/4449 3982/4991/4610 3974/4674/4450
f 3974/4674/4450 3982/4991/4610 3975/4992/4611
f 3974/4674/4450 3975/4992/4611 3967/4676/4451
f 3967/4676/4451 3975/4992/4611 3968/4993/4612
f 3967/4676/4451 3968/4993/4612 3960/4678/4452
f 3960/4678/4452 3968/4993/4612 3961/4994/4613
f 3960/4678/4452 3961/4994/4613 3953/4680/4453
f 3953/4680/4453 3961/4994/4613 3954/4995/4614
f 3953/4680/4453 3954/4995/4614 3946/4682/4454
f 3946/4682/4454 3954/4995/4614 3947/4996/4615
f 3946/4682/4454 3947/4996/4615 3939/4684/4455
f 3939/4684/4455 3947/4996/4615 3940/4997/4616
f 3939/4684/4455 3940/4997/4616 3932/4686/4456
f 3932/4686/4456 3940/4997/4616 3933/4998/4617
f 3932/4686/4456 3933/4998/4617 3925/4688/4457
f 3925/4688/4457 3933/4998/4617 3926/4999/4618
f 3925/4688/4457 3926/4999/4618 3918/4690/4458
f 3918/4690/4458 3926/4999/4618 3919/5000/4619
f 3918/4690/4458 3919/5000/4619 3911/4692/4459
f 3911/4692/4459 3919/5000/4619 3912/5001/4620
f 3911/4692/4459 3912/5001/4620 3904/4694/4460
f 3904/4694/4460 3912/5001/4620 3905/5002/4621
f 3904/4694/4460 3905/5002/4621 3897/4696/4461
f 3897/4696/4461 3905/5002/4621 3898/5003/4622
f 3897/4696/4461 3898/5003/4622 3890/4698/4462
f 3890/4698/4462 3898/5003/4622 3891/5004/4623
f 3890/4698/4462 3891/5004/4623 3883/4700/4463
f 3883/4700/4463 3891/5004/4623 3884/5005/4624
f 3883/4700/4463 3884/5005/4624 3876/4702/4464
f 3876/4702/4464 3884/5005/4624 3877/5006/4625
f 3876/4702/4464 3877/5006/4625 3869/4704/4465
f 3869/4704/4465 3877/5006/4625 3870/5007/4626
f 3869/4704/4465 3870/5007/4626 3862/4706/4466
f 3862/4706/4466 3870/5007/4626 3863/5008/4627
f 3862/4706/4466 3863/5008/4627 3855/4708/4467
f 3855/4708/4467 3863/5008/4627 3856/5009/4628
f 3855/4708/4467 3856/5009/4628 3848/4710/4468
f 3848/4710/4468 3856/5009/4628 3849/5010/4629
f 3848/4710/4468 3849/5010/4629 3841/4712/4469
f 3841/4712/4469 3849/5010/4629 3842/5011/4630
f 3841/4712/4469 3842/5011/4630 3834/4714/4470
f 3834/4714/4470 3842/5011/4630 3835/5012/4631
f 3834/4714/4470 3835/5012/4631 3827/4716/4471
f 3827/4716/4471 3835/5012/4631 3828/5013/4632
f 3827/4716/4471 3828/5013/4632 3820/4718/4472
f 3820/4718/4472 3828/5013/4632 3821/5014/4633
f 3820/4718/4472 3821/5014/4633 3813/4720/4473
f 3813/4720/4473 3821/5014/4633 3814/5015/4634
f 3813/4720/4473 3814/5015/4634 3806/4722/4474
f 3806/4722/4474 3814/5015/4634 3807/5016/4635
f 3806/4722/4474 3807/5016/4635 3799/4724/4475
f 3799/4724/4475 3807/5016/4635 3800/5017/4636
f 3799/4724/4475 3800/5017/4636 3792/4726/4476
f 3792/4726/4476 3800/5017/4636 3793/5018/4637
f 3792/4726/4476 3793/5018/4637 3785/4728/4477
f 3785/4728/4477 3793/5018/4637 3786/5019/4638
f 3785/4728/4477 3786/5019/4638 3778/4730/4478
f 3778/4730/4478 3786/5019/4638 3779/5020/4639
f 3778/4730/4478 3779/5020/4639 3771/4732/4479
f 3771/4732/4479 3779/5020/4639 3772/5021/4640
f 3771/4732/4479 3772/5021/4640 3764/4734/4480
f 3764/4734/4480 3772/5021/4640 3765/5022/4641
f 3764/4734/4480 3765/5022/4641 3757/4736/4481
f 3757/4736/4481 3765/5022/4641 3758/5023/4642
f 3757/4736/4481 3758/5023/4642 3750/4738/4482
f 3750/4738/4482 3758/5023/4642 3751/5024/4643
f 3750/4738/4482 3751/5024/4643 3743/4740/4483
f 3743/4740/4483 3751/5024/4643 3744/5025/4644
f 3743/4740/4483 3744/5025/4644 3736/4742/4484
f 3736/4742/4484 3744/5025/4644 3737/5026/4645
f 3736/4742/4484 3737/5026/4645 3729/4744/4485
f 3729/4744/4485 3737/5026/4645 3730/5027/4646
f 3729/4744/4485 3730/5027/4646 3722/4746/4486
f 3722/4746/4486 3730/5027/4646 3723/5028/4647
f 3722/4746/4486 3723/5028/4647 3715/4748/4487
f 3715/4748/4487 3723/5028/4647 3716/5029/4648
f 3715/4748/4487 3716/5029/4648 3708/4750/4488
f 3708/4750/4488 3716/5029/4648 3709/5030/4649
f 3708/4750/4488 3709/5030/4649 3701/4752/4489
f 3701/4752/4489 3709/5030/4649 3702/5031/4650
f 3701/4752/4489 3702/5031/4650 3694/4754/4490
f 3694/4754/4490 3702/5031/4650 3695/5032/4651
f 3694/4754/4490 3695/5032/4651 3687/4756/4491
f 3687/4756/4491 3695/5032/4651 3688/5033/4652
f 3687/4756/4491 3688/5033/4652 3680/4758/4492
f 3680/4758/4492 3688/5033/4652 3681/5034/4653
f 3680/4758/4492 3681/5034/4653 3673/4760/4493
f 3673/4760/4493 3681/5034/4653 3674/5035/4654
f 3673/4760/4493 3674/5035/4654 3666/4762/4494
f 3666/4762/4494 3674/5035/4654 3667/5036/4655
f 3666/4762/4494 3667/5036/4655 3659/4764/4495
f 3659/4764/4495 3667/5036/4655 3660/5037/4656
f 3659/4764/4495 3660/5037/4656 3652/4766/4496
f 3652/4766/4496 3660/5037/4656 3653/5038/4657
f 3652/4766/4496 3653/5038/4657 3645/4768/4497
f 3645/4768/4497 3653/5038/4657 3646/5039/4658
f 3645/4768/4497 3646/5039/4658 3638/4770/4498
f 3638/4770/4498 3646/5039/4658 3639/5040/4659
f 3638/4770/4498 3639/5040/4659 3631/4772/4499
f 3631/4772/4499 3639/5040/4659 3632/5041/4660
f 3631/4772/4499 3632/5041/4660 3624/4774/4500
f 3624/4774/4500 3632/5041/4660 3625/5042/4661
f 3624/4774/4500 3625/5042/4661 3617/4776/4501
f 3617/4776/4501 3625/5042/4661 3618/5043/4662
f 3617/4776/4501 3618/5043/4662 3610/4778/4502
f 3610/4778/4502 3618/5043/4662 3611/5044/4663
f 3610/4778/4502 3611/5044/4663 3603/4780/4503
f 3603/4780/4503 3611/5044/4663 3604/5045/4664
f 3603/4780/4503 3604/5045/4664 3596/4782/4504
f 3596/4782/4504 3604/5045/4664 3597/5046/4665
f 3596/4782/4504 3597/5046/4665 3589/4784/4505
f 3589/4784/4505 3597/5046/4665 3590/5047/4666
f 3589/4784/4505 3590/5047/4666 3582/4786/4506
f 3582/4786/4506 3590/5047/4666 3583/5048/4667
f 3582/4786/4506 3583/5048/4667 3575/4788/4507
f 3575/4788/4507 3583/5048/4667 3576/5049/4668
f 3575/4788/4507 3576/5049/4668 3568/4790/4508
f 3568/4790/4508 3576/5049/4668 3569/5050/4669
f 3568/4790/4508 3569/5050/4669 3561/4792/4509
f 3561/4792/4509 3569/5050/4669 3562/5051/4670
f 3561/4792/4509 3562/5051/4670 3554/4794/4510
f 3554/4794/4510 3562/5051/4670 3555/5052/4671
f 3554/4794/4510 3555/5052/4671 3547/4796/4511
f 3547/4796/4511 3555/5052/4671 3548/5053/4672
f 3547/4796/4511 3548/5053/4672 3540/4798/4512
f 3540/4798/4512 3548/5053/4672 3541/5054/4673
f 3540/4798/4512 3541/5054/4673 3533/4800/4513
f 3533/4800/4513 3541/5054/4673 3534/5055/4674
f 3533/4800/4513 3534/5055/4674 3526/4802/4514
f 3526/4802/4514 3534/5055/4674 3527/5056/4675
f 3526/4802/4514 3527/5056/4675 3519/4804/4515
f 3519/4804/4515 3527/5056/4675 3520/5057/4676
f 3519/4804/4515 3520/5057/4676 3512/4806/4516
f 3512/4806/4516 3520/5057/4676 3513/5058/4677
f 3512/4806/4516 3513/5058/4677 3505/4808/4517
f 3505/4808/4517 3513/5058/4677 3506/5059/4678
f 3505/4808/4517 3506/5059/4678 3498/4810/4518
f 3498/4810/4518 3506/5059/4678 3499/5060/4679
f 3498/4810/4518 3499/5060/4679 3491/4812/4519
f 3491/4812/4519 3499/5060/4679 3492/5061/4680
f 3491/4812/4519 3492/5061/4680 3484/4814/4520
f 3484/4814/4520 3492/5061/4680 3485/5062/4681
f 3484/4814/4520 3485/5062/4681 3477/4816/4521
f 3477/4816/4521 3485/5062/4681 3478/5063/4682
f 3477/4816/4521 3478/5063/4682 3470/4818/4522
f 3470/4818/4522 3478/5063/4682 3471/5064/4683
f 3470/4818/4522 3471/5064/4683 3463/4820/4523
f 3463/4820/4523 3471/5064/4683 3464/5065/4684
f 3463/4820/4523 3464/5065/4684 3456/4822/4524
f 3456/4822/4524 3464/5065/4684 3457/5066/4685
f 3456/4822/4524 3457/5066/4685 3449/4660/4444
f 3449/4660/4444 3457/5066/4685 3450/5067/4686
f 3449/4660/4444 3450/5067/4686 3442/4662/4445
f 3442/4662/4445 3450/5067/4686 3443/5068/4606
f 3443/4987/4606 3444/5069/4687 4003/4988/4607
f 4003/4988/4607 3444/5069/4687 4004/5070/4688
f 4003/4988/4607 4004/5070/4688 3996/4989/4608
f 3996/4989/4608 4004/5070/4688 3997/5071/4689
f 3996/4989/4608 3997/5071/4689 3989/4990/4609
f 3989/4990/4609 3997/5071/4689 3990/5072/4690
f 3989/4990/4609 3990/5072/4690 3982/4991/4610
f 3982/4991/4610 3990/5072/4690 3983/5073/4691
f 3982/4991/4610 3983/5073/4691 3975/4992/4611
f 3975/4992/4611 3983/5073/4691 3976/5074/4692
f 3975/4992/4611 3976/5074/4692 3968/4993/4612
f 3968/4993/4612 3976/5074/4692 3969/5075/4693
f 3968/4993/4612 3969/5075/4693 3961/4994/4613
f 3961/4994/4613 3969/5075/4693 3962/5076/4694
f 3961/4994/4613 3962/5076/4694 3954/4995/4614
f 3954/4995/4614 3962/5076/4694 3955/5077/4695
f 3954/4995/4614 3955/5077/4695 3947/4996/4615
f 3947/4996/4615 3955/5077/4695 3948/5078/4696
f 3947/4996/4615 3948/5078/4696 3940/4997/4616
f 3940/4997/4616 3948/5078/4696 3941/5079/4697
f 3940/4997/4616 3941/5079/4697 3933/4998/4617
f 3933/4998/4617 3941/5079/4697 3934/5080/4698
f 3933/4998/4617 3934/5080/4698 3926/4999/4618
f 3926/4999/4618 3934/5080/4698 3927/5081/4699
f 3926/4999/4618 3927/5081/4699 3919/5000/4619
f 3919/5000/4619 3927/5081/4699 3920/5082/4700
f 3919/5000/4619 3920/5082/4700 3912/5001/4620
f 3912/5001/4620 3920/5082/4700 3913/5083/4701
f 3912/5001/4620 3913/5083/4701 3905/5002/4621
f 3905/5002/4621 3913/5083/4701 3906/5084/4702
f 3905/5002/4621 3906/5084/4702 3898/5003/4622
f 3898/5003/4622 3906/5084/4702 3899/5085/4703
f 3898/5003/4622 3899/5085/4703 3891/5004/4623
f 3891/5004/4623 3899/5085/4703 3892/5086/4704
f 3891/5004/4623 3892/5086/4704 3884/5005/4624
f 3884/5005/4624 3892/5086/4704 3885/5087/4705
f 3884/5005/4624 3885/5087/4705 3877/5006/4625
f 3877/5006/4625 3885/5087/4705 3878/5088/4706
f 3877/5006/4625 3878/5088/4706 3870/5007/4626
f 3870/5007/4626 3878/5088/4706 3871/5089/4707
f 3870/5007/4626 3871/5089/4707 3863/5008/4627
f 3863/5008/4627 3871/5089/4707 3864/5090/4708
f 3863/5008/4627 3864/5090/4708 3856/5009/4628
f 3856/5009/4628 3864/5090/4708 3857/5091/4709
f 3856/5009/4628 3857/5091/4709 3849/5010/4629
f 3849/5010/4629 3857/5091/4709 3850/5092/4710
f 3849/5010/4629 3850/5092/4710 3842/5011/4630
f 3842/5011/4630 3850/5092/4710 3843/5093/4711
f 3842/5011/4630 3843/5093/4711 3835/5012/4631
f 3835/5012/4631 3843/5093/4711 3836/5094/4712
f 3835/5012/4631 3836/5094/4712 3828/5013/4632
f 3828/5013/4632 3836/5094/4712 3829/5095/4713
f 3828/5013/4632 3829/5095/4713 3821/5014/4633
f 3821/5014/4633 3829/5095/4713 3822/5096/4714
f 3821/5014/4633 3822/5096/4714 3814/5015/4634
f 3814/5015/4634 3822/5096/4714 3815/5097/4715
f 3814/5015/4634 3815/5097/4715 3807/5016/4635
f 3807/5016/4635 3815/5097/4715 3808/5098/4716
f 3807/5016/4635 3808/5098/4716 3800/5017/4636
f 3800/5017/4636 3808/5098/4716 3801/5099/4717
f 3800/5017/4636 3801/5099/4717 3793/5018/4637
f 3793/5018/4637 3801/5099/4717 3794/5100/4718
f 3793/5018/4637 3794/5100/4718 3786/5019/4638
f 3786/5019/4638 3794/5100/4718 3787/5101/4719
f 3786/5019/4638 3787/5101/4719 3779/5020/4639
f 3779/5020/4639 3787/5101/4719 3780/5102/4720
f 3779/5020/4639 3780/5102/4720 3772/5021/4640
f 3772/5021/4640 3780/5102/4720 3773/5103/4721
f 3772/5021/4640 3773/5103/4721 3765/5022/4641
f 3765/5022/4641 3773/5103/4721 3766/5104/4722
f 3765/5022/4641 3766/5104/4722 3758/5023/4642
f 3758/5023/4642 3766/5104/4722 3759/5105/4723
f 3758/5023/4642 3759/5105/4723 3751/5024/4643
f 3751/5024/4643 3759/5105/4723 3752/5106/4724
f 3751/5024/4643 3752/5106/4724 3744/5025/4644
f 3744/5025/4644 3752/5106/4724 3745/5107/4725
f 3744/5025/4644 3745/5107/4725 3737/5026/4645
f 3737/5026/4645 3745/5107/4725 3738/5108/4726
f 3737/5026/4645 3738/5108/4726 3730/5027/4646
f 3730/5027/4646 3738/5108/4726 3731/5109/4727
f 3730/5027/4646 3731/5109/4727 3723/5028/4647
f 3723/5028/4647 3731/5109/4727 3724/5110/4728
f 3723/5028/4647 3724/5110/4728 3716/5029/4648
f 3716/5029/4648 3724/5110/4728 3717/5111/4729
f 3716/5029/4648 3717/5111/4729 3709/5030/4649
f 3709/5030/4649 3717/5111/4729 3710/5112/4730
f 3709/5030/4649 3710/5112/4730 3702/5031/4650
f 3702/5031/4650 3710/5112/4730 3703/5113/4731
f 3702/5031/4650 3703/5113/4731 3695/5032/4651
f 3695/5032/4651 3703/5113/4731 3696/5114/4732
f 3695/5032/4651 3696/5114/4732 3688/5033/4652
f 3688/5033/4652 3696/5114/4732 3689/5115/4733
f 3688/5033/4652 3689/5115/4733 3681/5034/4653
f 3681/5034/4653 3689/5115/4733 3682/5116/4734
f 3681/5034/4653 3682/5116/4734 3674/5035/4654
f 3674/5035/4654 3682/5116/4734 3675/5117/4735
f 3674/5035/4654 3675/5117/4735 3667/5036/4655
f 3667/5036/4655 3675/5117/4735 3668/5118/4736
f 3667/5036/4655 3668/5118/4736 3660/5037/4656
f 3660/5037/4656 3668/5118/4736 3661/5119/4737
f 3660/5037/4656 3661/5119/4737 3653/5038/4657
f 3653/5038/4657 3661/5119/4737 3654/5120/4738
f 3653/5038/4657 3654/5120/4738 3646/5039/4658
f 3646/5039/4658 3654/5120/4738 3647/5121/4739
f 3646/5039/4658 3647/5121/4739 3639/5040/4659
f 3639/5040/4659 3647/5121/4739 3640/5122/4740
f 3639/5040/4659 3640/5122/4740 3632/5041/4660
f 3632/5041/4660 3640/5122/4740 3633/5123/4741
f 3632/5041/4660 3633/5123/4741 3625/5042/4661
f 3625/5042/4661 3633/5123/4741 3626/5124/4742
f 3625/5042/4661 3626/5124/4742 3618/5043/4662
f 3618/5043/4662 3626/5124/4742 3619/5125/4743
f 3618/5043/4662 3619/5125/4743 3611/5044/4663
f 3611/5044/4663 3619/5125/4743 3612/5126/4744
f 3611/5044/4663 3612/5126/4744 3604/5045/4664
f 3604/5045/4664 3612/5126/4744 3605/5127/4745
f 3604/5045/4664 3605/5127/4745 3597/5046/4665
f 3597/5046/4665 3605/5127/4745 3598/5128/4746
f 3597/5046/4665 3598/5128/4746 3590/5047/4666
f 3590/5047/4666 3598/5128/4746 3591/5129/4747
f 3590/5047/4666 3591/5129/4747 3583/5048/4667
f 3583/5048/4667 3591/5129/4747 3584/5130/4748
f 3583/5048/4667 3584/5130/4748 3576/5049/4668
f 3576/5049/4668 3584/5130/4748 3577/5131/4749
f 3576/5049/4668 3577/5131/4749 3569/5050/4669
f 3569/5050/4669 3577/5131/4749 3570/5132/4750
f 3569/5050/4669 3570/5132/4750 3562/5051/4670
f 3562/5051/4670 3570/5132/4750 3563/5133/4751
f 3562/5051/4670 3563/5133/4751 3555/5052/4671
f 3555/5052/4671 3563/5133/4751 3556/5134/4752
f 3555/5052/4671 3556/5134/4752 3548/5053/4672
f 3548/5053/4672 3556/5134/4752 3549/5135/4753
f 3548/5053/4672 3549/5135/4753 3541/5054/4673
f 3541/5054/4673 3549/5135/4753 3542/5136/4754
f 3541/5054/4673 3542/5136/4754 3534/5055/4674
f 3534/5055/4674 3542/5136/4754 3535/5137/4755
f 3534/5055/4674 3535/5137/4755 3527/5056/4675
f 3527/5056/4675 3535/5137/4755 3528/5138/4756
f 3527/5056/4675 3528/5138/4756 3520/5057/4676
f 3520/5057/4676 3528/5138/4756 3521/5139/4757
f 3520/5057/4676 3521/5139/4757 3513/5058/4677
f 3513/5058/4677 3521/5139/4757 3514/5140/4758
f 3513/5058/4677 3514/5140/4758 3506/5059/4678
f 3506/5059/4678 3514/5140/4758 3507/5141/4759
f 3506/5059/4678 3507/5141/4759 3499/5060/4679
f 3499/5060/4679 3507/5141/4759 3500/5142/4760
f 3499/5060/4679 3500/5142/4760 3492/5061/4680
f 3492/5061/4680 3500/5142/4760 3493/5143/4761
f 3492/5061/4680 3493/5143/4761 3485/5062/4681
f 3485/5062/4681 3493/5143/4761 3486/5144/4762
f 3485/5062/4681 3486/5144/4762 3478/5063/4682
f 3478/5063/4682 3486/5144/4762 3479/5145/4763
f 3478/5063/4682 3479/5145/4763 3471/5064/4683
f 3471/5064/4683 3479/5145/4763 3472/5146/4764
f 3471/5064/4683 3472/5146/4764 3464/5065/4684
f 3464/5065/4684 3472/5146/4764 3465/5147/4765
f 3464/5065/4684 3465/5147/4765 3457/5066/4685
f 3457/5066/4685 3465/5147/4765 3458/5148/4766
f 3457/5066/4685 3458/5148/4766 3450/5067/4686
f 3450/5067/4686 3458/5148/4766 3451/5149/4767
f 3450/5067/4686 3451/5149/4767 3443/5068/4606
f 3443/5068/4606 3451/5149/4767 3444/5150/4687
f 3444/5069/4687 3445/5151/4768 4004/5070/4688
f 4004/5070/4688 3445/5151/4768 4005/5152/4769
f 4004/5070/4688 4005/5152/4769 3997/5071/4689
f 3997/5071/4689 4005/5152/4769 3998/5153/4770
f 3997/5071/4689 3998/5153/4770 3990/5072/4690
f 3990/5072/4690 3998/5153/4770 3991/5154/4771
f 3990/5072/4690 3991/5154/4771 3983/5073/4691
f 3983/5073/4691 3991/5154/4771 3984/5155/4772
f 3983/5073/4691 3984/5155/4772 3976/5074/4692
f 3976/5074/4692 3984/5155/4772 3977/5156/4773
f 3976/5074/4692 3977/5156/4773 3969/5075/4693
f 3969/5075/4693 3977/5156/4773 3970/5157/4774
f 3969/5075/4693 3970/5157/4774 3962/5076/4694
f 3962/5076/4694 3970/5157/4774 3963/5158/4775
f 3962/5076/4694 3963/5158/4775 3955/5077/4695
f 3955/5077/4695 3963/5158/4775 3956/5159/4776
f 3955/5077/4695 3956/5159/4776 3948/5078/4696
f 3948/5078/4696 3956/5159/4776 3949/5160/4777
f 3948/5078/4696 3949/5160/4777 3941/5079/4697
f 3941/5079/4697 3949/5160/4777 3942/5161/4778
f 3941/5079/4697 3942/5161/4778 3934/5080/4698
f 3934/5080/4698 3942/5161/4778 3935/5162/4779
f 3934/5080/4698 3935/5162/4779 3927/5081/4699
f 3927/5081/4699 3935/5162/4779 3928/5163/4780
f 3927/5081/4699 3928/5163/4780 3920/5082/4700
f 3920/5082/4700 3928/5163/4780 3921/5164/4781
f 3920/5082/4700 3921/5164/4781 3913/5083/4701
f 3913/5083/4701 3921/5164/4781 3914/5165/4782
f 3913/5083/4701 3914/5165/4782 3906/5084/4702
f 3906/5084/4702 3914/5165/4782 3907/5166/4783
f 3906/5084/4702 3907/5166/4783 3899/5085/4703
f 3899/5085/4703 3907/5166/4783 3900/5167/4784
f 3899/5085/4703 3900/5167/4784 3892/5086/4704
f 3892/5086/4704 3900/5167/4784 3893/5168/4785
f 3892/5086/4704 3893/5168/4785 3885/5087/4705
f 3885/5087/4705 3893/5168/4785 3886/5169/4786
f 3885/5087/4705 3886/5169/4786 3878/5088/4706
f 3878/5088/4706 3886/5169/4786 3879/5170/4787
f 3878/5088/4706 3879/5170/4787 3871/5089/4707
f 3871/5089/4707 3879/5170/4787 3872/5171/4788
f 3871/5089/4707 3872/5171/4788 3864/5090/4708
f 3864/5090/4708 3872/5171/4788 3865/5172/4789
f 3864/5090/4708 3865/5172/4789 3857/5091/4709
f 3857/5091/4709 3865/5172/4789 3858/5173/4790
f 3857/5091/4709 3858/5173/4790 3850/5092/4710
f 3850/5092/4710 3858/5173/4790 3851/5174/4791
f 3850/5092/4710 3851/5174/4791 3843/5093/4711
f 3843/5093/4711 3851/5174/4791 3844/5175/4792
f 3843/5093/4711 3844/5175/4792 3836/5094/4712
f 3836/5094/4712 3844/5175/4792 3837/5176/4793
f 3836/5094/4712 3837/5176/4793 3829/5095/4713
f 3829/5095/4713 3837/5176/4793 3830/5177/4794
f 3829/5095/4713 3830/5177/4794 3822/5096/4714
f 3822/5096/4714 3830/5177/4794 3823/5178/4795
f 3822/5096/4714 3823/5178/4795 3815/5097/4715
f 3815/5097/4715 3823/5178/4795 3816/5179/4796
f 3815/5097/4715 3816/5179/4796 3808/5098/4716
f 3808/5098/4716 3816/5179/4796 3809/5180/4797
f 3808/5098/4716 3809/5180/4797 3801/5099/4717
f 3801/5099/4717 3809/5180/4797 3802/5181/4798
f 3801/5099/4717 3802/5181/4798 3794/5100/4718
f 3794/5100/4718 3802/5181/4798 3795/5182/4799
f 3794/5100/4718 3795/5182/4799 3787/5101/4719
f 3787/5101/4719 3795/5182/4799 3788/5183/4800
f 3787/5101/4719 3788/5183/4800 3780/5102/4720
f 3780/5102/4720 3788/5183/4800 3781/5184/4801
f 3780/5102/4720 3781/5184/4801 3773/5103/4721
f 3773/5103/4721 3781/5184/4801 3774/5185/4802
f 3773/5103/4721 3774/5185/4802 3766/5104/4722
f 3766/5104/4722 3774/5185/4802 3767/5186/4803
f 3766/5104/4722 3767/5186/4803 3759/5105/4723
f 3759/5105/4723 3767/5186/4803 3760/5187/4804
f 3759/5105/4723 3760/5187/4804 3752/5106/4724
f 3752/5106/4724 3760/5187/4804 3753/5188/4805
f 3752/5106/4724 3753/5188/4805 3745/5107/4725
f 3745/5107/4725 3753/5188/4805 3746/5189/4806
f 3745/5107/4725 3746/5189/4806 3738/5108/4726
f 3738/5108/4726 3746/5189/4806 3739/5190/4807
f 3738/5108/4726 3739/5190/4807 3731/5109/4727
f 3731/5109/4727 3739/5190/4807 3732/5191/4808
f 3731/5109/4727 3732/5191/4808 3724/5110/4728
f 3724/5110/4728 3732/5191/4808 3725/5192/4809
f 3724/5110/4728 3725/5192/4809 3717/5111/4729
f 3717/5111/4729 3725/5192/4809 3718/5193/4810
f 3717/5111/4729 3718/5193/4810 3710/5112/4730
f 3710/5112/4730 3718/5193/4810 3711/5194/4811
f 3710/5112/4730 3711/5194/4811 3703/5113/4731
f 3703/5113/4731 3711/5194/4811 3704/5195/4812
f 3703/5113/4731 3704/5195/4812 3696/5114/4732
f 3696/5114/4732 3704/5195/4812 3697/5196/4813
f 3696/5114/4732 3697/5196/4813 3689/5115/4733
f 3689/5115/4733 3697/5196/4813 3690/5197/4814
f 3689/5115/4733 3690/5197/4814 3682/5116/4734
f 3682/5116/4734 3690/5197/4814 3683/5198/4815
f 3682/5116/4734 3683/5198/4815 3675/5117/4735
f 3675/5117/4735 3683/5198/4815 3676/5199/4816
f 3675/5117/4735 3676/5199/4816 3668/5118/4736
f 3668/5118/4736 3676/5199/4816 3669/5200/4817
f 3668/5118/4736 3669/5200/4817 3661/5119/4737
f 3661/5119/4737 3669/5200/4817 3662/5201/4818
f 3661/5119/4737 3662/5201/4818 3654/5120/4738
f 3654/5120/4738 3662/5201/4818 3655/5202/4819
f 3654/5120/4738 3655/5202/4819 3647/5121/4739
f 3647/5121/4739 3655/5202/4819 3648/5203/4820
f 3647/5121/4739 3648/5203/4820 3640/5122/4740
f 3640/5122/4740 3648/5203/4820 3641/5204/4821
f 3640/5122/4740 3641/5204/4821 3633/5123/4741
f 3633/5123/4741 3641/5204/4821 3634/5205/4822
f 3633/5123/4741 3634/5205/4822 3626/5124/4742
f 3626/5124/4742 3634/5205/4822 3627/5206/4823
f 3626/5124/4742 3627/5206/4823 3619/5125/4743
f 3619/5125/4743 3627/5206/4823 3620/5207/4824
f 3619/5125/4743 3620/5207/4824 3612/5126/4744
f 3612/5126/4744 3620/5207/4824 3613/5208/4825
f 3612/5126/4744 3613/5208/4825 3605/5127/4745
f 3605/5127/4745 3613/5208/4825 3606/5209/4826
f 3605/5127/4745 3606/5209/4826 3598/5128/4746
f 3598/5128/4746 3606/5209/4826 3599/5210/4827
f 3598/5128/4746 3599/5210/4827 3591/5129/4747
f 3591/5129/4747 3599/5210/4827 3592/5211/4828
f 3591/5129/4747 3592/5211/4828 3584/5130/4748
f 3584/5130/4748 3592/5211/4828 3585/5212/4829
f 3584/5130/4748 3585/5212/4829 3577/5131/4749
f 3577/5131/4749 3585/5212/4829 3578/5213/4830
f 3577/5131/4749 3578/5213/4830 3570/5132/4750
f 3570/5132/4750 3578/5213/4830 3571/5214/4831
f 3570/5132/4750 3571/5214/4831 3563/5133/4751
f 3563/5133/4751 3571/5214/4831 3564/5215/4832
f 3563/5133/4751 3564/5215/4832 3556/5134/4752
f 3556/5134/4752 3564/5215/4832 3557/5216/4833
f 3556/5134/4752 3557/5216/4833 3549/5135/4753
f 3549/5135/4753 3557/5216/4833 3550/5217/4834
f 3549/5135/4753 3550/5217/4834 3542/5136/4754
f 3542/5136/4754 3550/5217/4834 3543/5218/4835
f 3542/5136/4754 3543/5218/4835 3535/5137/4755
f 3535/5137/4755 3543/5218/4835 3536/5219/4836
f 3535/5137/4755 3536/5219/4836 3528/5138/4756
f 3528/5138/4756 3536/5219/4836 3529/5220/4837
f 3528/5138/4756 3529/5220/4837 3521/5139/4757
f 3521/5139/4757 3529/5220/4837 3522/5221/4838
f 3521/5139/4757 3522/5221/4838 3514/5140/4758
f 3514/5140/4758 3522/5221/4838 3515/5222/4839
f 3514/5140/4758 3515/5222/4839 3507/5141/4759
f 3507/5141/4759 3515/5222/4839 3508/5223/4840
f 3507/5141/4759 3508/5223/4840 3500/5142/4760
f 3500/5142/4760 3508/5223/4840 3501/5224/4841
f 3500/5142/4760 3501/5224/4841 3493/5143/4761
f 3493/5143/4761 3501/5224/4841 3494/5225/4842
f 3493/5143/4761 3494/5225/4842 3486/5144/4762
f 3486/5144/4762 3494/5225/4842 3487/5226/4843
f 3486/5144/4762 3487/5226/4843 3479/5145/4763
f 3479/5145/4763 3487/5226/4843 3480/5227/4844
f 3479/5145/4763 3480/5227/4844 3472/5146/4764
f 3472/5146/4764 3480/5227/4844 3473/5228/4845
f 3472/5146/4764 3473/5228/4845 3465/5147/4765
f 3465/5147/4765 3473/5228/4845 3466/5229/4846
f 3465/5147/4765 3466/5229/4846 3458/5148/4766
f 3458/5148/4766 3466/5229/4846 3459/5230/4847
f 3458/5148/4766 3459/5230/4847 3451/5149/4767
f 3451/5149/4767 3459/5230/4847 3452/5231/4848
f 3451/5149/4767 3452/5231/4848 3444/5150/4687
f 3444/5150/4687 3452/5231/4848 3445/5232/4768
f 3445/5151/4768 3446/5233/4849 4005/5152/4769
f 4005/5152/4769 3446/5233/4849 4006/5234/4850
f 4005/5152/4769 4006/5234/4850 3998/5153/4770
f 3998/5153/4770 4006/5234/4850 3999/5235/4851
f 3998/5153/4770 3999/5235/4851 3991/5154/4771
f 3991/5154/4771 3999/5235/4851 3992/5236/4852
f 3991/5154/4771 3992/5236/4852 3984/5155/4772
f 3984/5155/4772 3992/5236/4852 3985/5237/4853
f 3984/5155/4772 3985/5237/4853 3977/5156/4773
f 3977/5156/4773 3985/5237/4853 3978/5238/4854
f 3977/5156/4773 3978/5238/4854 3970/5157/4774
f 3970/5157/4774 3978/5238/4854 3971/5239/4855
f 3970/5157/4774 3971/5239/4855 3963/5158/4775
f 3963/5158/4775 3971/5239/4855 3964/5240/4856
f 3963/5158/4775 3964/5240/4856 3956/5159/4776
f 3956/5159/4776 3964/5240/4856 3957/5241/4857
f 3956/5159/4776 3957/5241/4857 3949/5160/4777
f 3949/5160/4777 3957/5241/4857 3950/5242/4858
f 3949/5160/4777 3950/5242/4858 3942/5161/4778
f 3942/5161/4778 3950/5242/4858 3943/5243/4859
f 3942/5161/4778 3943/5243/4859 3935/5162/4779
f 3935/5162/4779 3943/5243/4859 3936/5244/4860
f 3935/5162/4779 3936/5244/4860 3928/5163/4780
f 3928/5163/4780 3936/5244/4860 3929/5245/4861
f 3928/5163/4780 3929/5245/4861 3921/5164/4781
f 3921/5164/4781 3929/5245/4861 3922/5246/4862
f 3921/5164/4781 3922/5246/4862 3914/5165/4782
f 3914/5165/4782 3922/5246/4862 3915/5247/4863
f 3914/5165/4782 3915/5247/4863 3907/5166/4783
f 3907/5166/4783 3915/5247/4863 3908/5248/4864
f 3907/5166/4783 3908/5248/4864 3900/5167/4784
f 3900/5167/4784 3908/5248/4864 3901/5249/4865
f 3900/5167/4784 3901/5249/4865 3893/5168/4785
f 3893/5168/4785 3901/5249/4865 3894/5250/4866
f 3893/5168/4785 3894/5250/4866 3886/5169/4786
f 3886/5169/4786 3894/5250/4866 3887/5251/4867
f 3886/5169/4786 3887/5251/4867 3879/5170/4787
f 3879/5170/4787 3887/5251/4867 3880/5252/4868
f 3879/5170/4787 3880/5252/4868 3872/5171/4788
f 3872/5171/4788 3880/5252/4868 3873/5253/4869
f 3872/5171/4788 3873/5253/4869 3865/5172/4789
f 3865/5172/4789 3873/5253/4869 3866/5254/4870
f 3865/5172/4789 3866/5254/4870 3858/5173/4790
f 3858/5173/4790 3866/5254/4870 3859/5255/4871
f 3858/5173/4790 3859/5255/4871 3851/5174/4791
f 3851/5174/4791 3859/5255/4871 3852/5256/4872
f 3851/5174/4791 3852/5256/4872 3844/5175/4792
f 3844/5175/4792 3852/5256/4872 3845/5257/4873
f 3844/5175/4792 3845/5257/4873 3837/5176/4793
f 3837/5176/4793 3845/5257/4873 3838/5258/4874
f 3837/5176/4793 3838/5258/4874 3830/5177/4794
f 3830/5177/4794 3838/5258/4874 3831/5259/4875
f 3830/5177/4794 3831/5259/4875 3823/5178/4795
f 3823/5178/4795 3831/5259/4875 3824/5260/4876
f 3823/5178/4795 3824/5260/4876 3816/5179/4796
f 3816/5179/4796 3824/5260/4876 3817/5261/4877
f 3816/5179/4796 3817/5261/4877 3809/5180/4797
f 3809/5180/4797 3817/5261/4877 3810/5262/4878
f 3809/5180/4797 3810/5262/4878 3802/5181/4798
f 3802/5181/4798 3810/5262/4878 3803/5263/4879
f 3802/5181/4798 3803/5263/4879 3795/5182/4799
f 3795/5182/4799 3803/5263/4879 3796/5264/4880
f 3795/5182/4799 3796/5264/4880 3788/5183/4800
f 3788/5183/4800 3796/5264/4880 3789/5265/4881
f 3788/5183/4800 3789/5265/4881 3781/5184/4801
f 3781/5184/4801 3789/5265/4881 3782/5266/4882
f 3781/5184/4801 3782/5266/4882 3774/5185/4802
f 3774/5185/4802 3782/5266/4882 3775/5267/4883
f 3774/5185/4802 3775/5267/4883 3767/5186/4803
f 3767/5186/4803 3775/5267/4883 3768/5268/4884
f 3767/5186/4803 3768/5268/4884 3760/5187/4804
f 3760/5187/4804 3768/5268/4884 3761/5269/4885
f 3760/5187/4804 3761/5269/4885 3753/5188/4805
f 3753/5188/4805 3761/5269/4885 3754/5270/4886
f 3753/5188/4805 3754/5270/4886 3746/5189/4806
f 3746/5189/4806 3754/5270/4886 3747/5271/4887
f 3746/5189/4806 3747/5271/4887 3739/5190/4807
f 3739/5190/4807 3747/5271/4887 3740/5272/4888
f 3739/5190/4807 3740/5272/4888 3732/5191/4808
f 3732/5191/4808 3740/5272/4888 3733/5273/4889
f 3732/5191/4808 3733/5273/4889 3725/5192/4809
f 3725/5192/4809 3733/5273/4889 3726/5274/4890
f 3725/5192/4809 3726/5274/4890 3718/5193/4810
f 3718/5193/4810 3726/5274/4890 3719/5275/4891
f 3718/5193/4810 3719/5275/4891 3711/5194/4811
f 3711/5194/4811 3719/5275/4891 3712/5276/4892
f 3711/5194/4811 3712/5276/4892 3704/5195/4812
f 3704/5195/4812 3712/5276/4892 3705/5277/4893
f 3704/5195/4812 3705/5277/4893 3697/5196/4813
f 3697/5196/4813 3705/5277/4893 3698/5278/4894
f 3697/5196/4813 3698/5278/4894 3690/5197/4814
f 3690/5197/4814 3698/5278/4894 3691/5279/4895
f 3690/5197/4814 3691/5279/4895 3683/5198/4815
f 3683/5198/4815 3691/5279/4895 3684/5280/4896
f 3683/5198/4815 3684/5280/4896 3676/5199/4816
f 3676/5199/4816 3684/5280/4896 3677/5281/4897
f 3676/5199/4816 3677/5281/4897 3669/5200/4817
f 3669/5200/4817 3677/5281/4897 3670/5282/4898
f 3669/5200/4817 3670/5282/4898 3662/5201/4818
f 3662/5201/4818 3670/5282/4898 3663/5283/4899
f 3662/5201/4818 3663/5283/4899 3655/5202/4819
f 3655/5202/4819 3663/5283/4899 3656/5284/4900
f 3655/5202/4819 3656/5284/4900 3648/5203/4820
f 3648/5203/4820 3656/5284/4900 3649/5285/4901
f 3648/5203/4820 3649/5285/4901 3641/5204/4821
f 3641/5204/4821 3649/5285/4901 3642/5286/4902
f 3641/5204/4821 3642/5286/4902 3634/5205/4822
f 3634/5205/4822 3642/5286/4902 3635/5287/4903
f 3634/5205/4822 3635/5287/4903 3627/5206/4823
f 3627/5206/4823 3635/5287/4903 3628/5288/4904
f 3627/5206/4823 3628/5288/4904 3620/5207/4824
f 3620/5207/4824 3628/5288/4904 3621/5289/4905
f 3620/5207/4824 3621/5289/4905 3613/5208/4825
f 3613/5208/4825 3621/5289/4905 3614/5290/4906
f 3613/5208/4825 3614/5290/4906 3606/5209/4826
f 3606/5209/4826 3614/5290/4906 3607/5291/4907
f 3606/5209/4826 3607/5291/4907 3599/5210/4827
f 3599/5210/4827 3607/5291/4907 3600/5292/4908
f 3599/5210/4827 3600/5292/4908 3592/5211/4828
f 3592/5211/4828 3600/5292/4908 3593/5293/4909
f 3592/5211/4828 3593/5293/4909 3585/5212/4829
f 3585/5212/4829 3593/5293/4909 3586/5294/4910
f 3585/5212/4829 3586/5294/4910 3578/5213/4830
f 3578/5213/4830 3586/5294/4910 3579/5295/4911
f 3578/5213/4830 3579/5295/4911 3571/5214/4831
f 3571/5214/4831 3579/5295/4911 3572/5296/4912
f 3571/5214/4831 3572/5296/4912 3564/5215/4832
f 3564/5215/4832 3572/5296/4912 3565/5297/4913
f 3564/5215/4832 3565/5297/4913 3557/5216/4833
f 3557/5216/4833 3565/5297/4913 3558/5298/4914
f 3557/5216/4833 3558/5298/4914 3550/5217/4834
f 3550/5217/4834 3558/5298/4914 3551/5299/4915
f 3550/5217/4834 3551/5299/4915 3543/5218/4835
f 3543/5218/4835 3551/5299/4915 3544/5300/4916
f 3543/5218/4835 3544/5300/4916 3536/5219/4836
f 3536/5219/4836 3544/5300/4916 3537/5301/4917
f 3536/5219/4836 3537/5301/4917 3529/5220/4837
f 3529/5220/4837 3537/5301/4917 3530/5302/4918
f 3529/5220/4837 3530/5302/4918 3522/5221/4838
f 3522/5221/4838 3530/5302/4918 3523/5303/4919
f 3522/5221/4838 3523/5303/4919 3515/5222/4839
f 3515/5222/4839 3523/5303/4919 3516/5304/4920
f 3515/5222/4839 3516/5304/4920 3508/5223/4840
f 3508/5223/4840 3516/5304/4920 3509/5305/4921
f 3508/5223/4840 3509/5305/4921 3501/5224/4841
f 3501/5224/4841 3509/5305/4921 3502/5306/4922
f 3501/5224/4841 3502/5306/4922 3494/5225/4842
f 3494/5225/4842 3502/5306/4922 3495/5307/4923
f 3494/5225/4842 3495/5307/4923 3487/5226/4843
f 3487/5226/4843 3495/5307/4923 3488/5308/4924
f 3487/5226/4843 3488/5308/4924 3480/5227/4844
f 3480/5227/4844 3488/5308/4924 3481/5309/4925
f 3480/5227/4844 3481/5309/4925 3473/5228/4845
f 3473/5228/4845 3481/5309/4925 3474/5310/4926
f 3473/5228/4845 3474/5310/4926 3466/5229/4846
f 3466/5229/4846 3474/5310/4926 3467/5311/4927
f 3466/5229/4846 3467/5311/4927 3459/5230/4847
f 3459/5230/4847 3467/5311/4927 3460/5312/4928
f 3459/5230/4847 3460/5312/4928 3452/5231/4848
f 3452/5231/4848 3460/5312/4928 3453/5313/4929
f 3452/5231/4848 3453/5313/4929 3445/5232/4768
f 3445/5232/4768 3453/5313/4929 3446/5314/4849
f 3446/5233/4849 3447/5315/4930 4006/5234/4850
f 4006/5234/4850 3447/5315/4930 4007/5316/4931
f 4006/5234/4850 4007/5316/4931 3999/5235/4851
f 3999/5235/4851 4007/5316/4931 4000/5317/4932
f 3999/5235/4851 4000/5317/4932 3992/5236/4852
f 3992/5236/4852 4000/5317/4932 3993/5318/4933
f 3992/5236/4852 3993/5318/4933 3985/5237/4853
f 3985/5237/4853 3993/5318/4933 3986/5319/4934
f 3985/5237/4853 3986/5319/4934 3978/5238/4854
f 3978/5238/4854 3986/5319/4934 3979/5320/4935
f 3978/5238/4854 3979/5320/4935 3971/5239/4855
f 3971/5239/4855 3979/5320/4935 3972/5321/4936
f 3971/5239/4855 3972/5321/4936 3964/5240/4856
f 3964/5240/4856 3972/5321/4936 3965/5322/4937
f 3964/5240/4856 3965/5322/4937 3957/5241/4857
f 3957/5241/4857 3965/5322/4937 3958/5323/4938
f 3957/5241/4857 3958/5323/4938 3950/5242/4858
f 3950/5242/4858 3958/5323/4938 3951/5324/4939
f 3950/5242/4858 3951/5324/4939 3943/5243/4859
f 3943/5243/4859 3951/5324/4939 3944/5325/4940
f 3943/5243/4859 3944/5325/4940 3936/5244/4860
f 3936/5244/4860 3944/5325/4940 3937/5326/4941
f 3936/5244/4860 3937/5326/4941 3929/5245/4861
f 3929/5245/4861 3937/5326/4941 3930/5327/4942
f 3929/5245/4861 3930/5327/4942 3922/5246/4862
f 3922/5246/4862 3930/5327/4942 3923/5328/4943
f 3922/5246/4862 3923/5328/4943 3915/5247/4863
f 3915/5247/4863 3923/5328/4943 3916/5329/4944
f 3915/5247/4863 3916/5329/4944 3908/5248/4864
f 3908/5248/4864 3916/5329/4944 3909/5330/4945
f 3908/5248/4864 3909/5330/4945 3901/5249/4865
f 3901/5249/4865 3909/5330/4945 3902/5331/4946
f 3901/5249/4865 3902/5331/4946 3894/5250/4866
f 3894/5250/4866 3902/5331/4946 3895/5332/4947
f 3894/5250/4866 3895/5332/4947 3887/5251/4867
f 3887/5251/4867 3895/5332/4947 3888/5333/4948
f 3887/5251/4867 3888/5333/4948 3880/5252/4868
f 3880/5252/4868 3888/5333/4948 3881/5334/4949
f 3880/5252/4868 3881/5334/4949 3873/5253/4869
f 3873/5253/4869 3881/5334/4949 3874/5335/4950
f 3873/5253/4869 3874/5335/4950 3866/5254/4870
f 3866/5254/4870 3874/5335/4950 3867/5336/4951
f 3866/5254/4870 3867/5336/4951 3859/5255/4871
f 3859/5255/4871 3867/5336/4951 3860/5337/4952
f 3859/5255/4871 3860/5337/4952 3852/5256/4872
f 3852/5256/4872 3860/5337/4952 3853/5338/4953
f 3852/5256/4872 3853/5338/4953 3845/5257/4873
f 3845/5257/4873 3853/5338/4953 3846/5339/4954
f 3845/5257/4873 3846/5339/4954 3838/5258/4874
f 3838/5258/4874 3846/5339/4954 3839/5340/4955
f 3838/5258/4874 3839/5340/4955 3831/5259/4875
f 3831/5259/4875 3839/5340/4955 3832/5341/4956
f 3831/5259/4875 3832/5341/4956 3824/5260/4876
f 3824/5260/4876 3832/5341/4956 3825/5342/4957
f 3824/5260/4876 3825/5342/4957 3817/5261/4877
f 3817/5261/4877 3825/5342/4957 3818/5343/4958
f 3817/5261/4877 3818/5343/4958 3810/5262/4878
f 3810/5262/4878 3818/5343/4958 3811/5344/4959
f 3810/5262/4878 3811/5344/4959 3803/5263/4879
f 3803/5263/4879 3811/5344/4959 3804/5345/4960
f 3803/5263/4879 3804/5345/4960 3796/5264/4880
f 3796/5264/4880 3804/5345/4960 3797/5346/4961
f 3796/5264/4880 3797/5346/4961 3789/5265/4881
f 3789/5265/4881 3797/5346/4961 3790/5347/4962
f 3789/5265/4881 3790/5347/4962 3782/5266/4882
f 3782/5266/4882 3790/5347/4962 3783/5348/4963
f 3782/5266/4882 3783/5348/4963 3775/5267/4883
f 3775/5267/4883 3783/5348/4963 3776/5349/4964
f 3775/5267/4883 3776/5349/4964 3768/5268/4884
f 3768/5268/4884 3776/5349/4964 3769/5350/4965
f 3768/5268/4884 3769/5350/4965 3761/5269/4885
f 3761/5269/4885 3769/5350/4965 3762/5351/4966
f 3761/5269/4885 3762/5351/4966 3754/5270/4886
f 3754/5270/4886 3762/5351/4966 3755/5352/4967
f 3754/5270/4886 3755/5352/4967 3747/5271/4887
f 3747/5271/4887 3755/5352/4967 3748/5353/4968
f 3747/5271/4887 3748/5353/4968 3740/5272/4888
f 3740/5272/4888 3748/5353/4968 3741/5354/4969
f 3740/5272/4888 3741/5354/4969 3733/5273/4889
f 3733/5273/4889 3741/5354/4969 3734/5355/4970
f 3733/5273/4889 3734/5355/4970 3726/5274/4890
f 3726/5274/4890 3734/5355/4970 3727/5356/4971
f 3726/5274/4890 3727/5356/4971 3719/5275/4891
f 3719/5275/4891 3727/5356/4971 3720/5357/4972
f 3719/5275/4891 3720/5357/4972 3712/5276/4892
f 3712/5276/4892 3720/5357/4972 3713/5358/4973
f 3712/5276/4892 3713/5358/4973 3705/5277/4893
f 3705/5277/4893 3713/5358/4973 3706/5359/4974
f 3705/5277/4893 3706/5359/4974 3698/5278/4894
f 3698/5278/4894 3706/5359/4974 3699/5360/4975
f 3698/5278/4894 3699/5360/4975 3691/5279/4895
f 3691/5279/4895 3699/5360/4975 3692/5361/4976
f 3691/5279/4895 3692/5361/4976 3684/5280/4896
f 3684/5280/4896 3692/5361/4976 3685/5362/4977
f 3684/5280/4896 3685/5362/4977 3677/5281/4897
f 3677/5281/4897 3685/5362/4977 3678/5363/4978
f 3677/5281/4897 3678/5363/4978 3670/5282/4898
f 3670/5282/4898 3678/5363/4978 3671/5364/4979
f 3670/5282/4898 3671/5364/4979 3663/5283/4899
f 3663/5283/4899 3671/5364/4979 3664/5365/4980
f 3663/5283/4899 3664/5365/4980 3656/5284/4900
f 3656/5284/4900 3664/5365/4980 3657/5366/4981
f 3656/5284/4900 3657/5366/4981 3649/5285/4901
f 3649/5285/4901 3657/5366/4981 3650/5367/4982
f 3649/5285/4901 3650/5367/4982 3642/5286/4902
f 3642/5286/4902 3650/5367/4982 3643/5368/4983
f 3642/5286/4902 3643/5368/4983 3635/5287/4903
f 3635/5287/4903 3643/5368/4983 3636/5369/4984
f 3635/5287/4903 3636/5369/4984 3628/5288/4904
f 3628/5288/4904 3636/5369/4984 3629/5370/4985
f 3628/5288/4904 3629/5370/4985 3621/5289/4905
f 3621/5289/4905 3629/5370/4985 3622/5371/4986
f 3621/5289/4905 3622/5371/4986 3614/5290/4906
f 3614/5290/4906 3622/5371/4986 3615/5372/4987
f 3614/5290/4906 3615/5372/4987 3607/5291/4907
f 3607/5291/4907 3615/5372/4987 3608/5373/4988
f 3607/5291/4907 3608/5373/4988 3600/5292/4908
f 3600/5292/4908 3608/5373/4988 3601/5374/4989
f 3600/5292/4908 3601/5374/4989 3593/5293/4909
f 3593/5293/4909 3601/5374/4989 3594/5375/4990
f 3593/5293/4909 3594/5375/4990 3586/5294/4910
f 3586/5294/4910 3594/5375/4990 3587/5376/4991
f 3586/5294/4910 3587/5376/4991 3579/5295/4911
f 3579/5295/4911 3587/5376/4991 3580/5377/4992
f 3579/5295/4911 3580/5377/4992 3572/5296/4912
f 3572/5296/4912 3580/5377/4992 3573/5378/4993
f 3572/5296/4912 3573/5378/4993 3565/5297/4913
f 3565/5297/4913 3573/5378/4993 3566/5379/4994
f 3565/5297/4913 3566/5379/4994 3558/5298/4914
f 3558/5298/4914 3566/5379/4994 3559/5380/4995
f 3558/5298/4914 3559/5380/4995 3551/5299/4915
f 3551/5299/4915 3559/5380/4995 3552/5381/4996
f 3551/5299/4915 3552/5381/4996 3544/5300/4916
f 3544/5300/4916 3552/5381/4996 3545/5382/4997
f 3544/5300/4916 3545/5382/4997 3537/5301/4917
f 3537/5301/4917 3545/5382/4997 3538/5383/4998
f 3537/5301/4917 3538/5383/4998 3530/5302/4918
f 3530/5302/4918 3538/5383/4998 3531/5384/4999
f 3530/5302/4918 3531/5384/4999 3523/5303/4919
f 3523/5303/4919 3531/5384/4999 3524/5385/5000
f 3523/5303/4919 3524/5385/5000 3516/5304/4920
f 3516/5304/4920 3524/5385/5000 3517/5386/5001
f 3516/5304/4920 3517/5386/5001 3509/5305/4921
f 3509/5305/4921 3517/5386/5001 3510/5387/5002
f 3509/5305/4921 3510/5387/5002 3502/5306/4922
f 3502/5306/4922 3510/5387/5002 3503/5388/5003
f 3502/5306/4922 3503/5388/5003 3495/5307/4923
f 3495/5307/4923 3503/5388/5003 3496/5389/5004
f 3495/5307/4923 3496/5389/5004 3488/5308/4924
f 3488/5308/4924 3496/5389/5004 3489/5390/5005
f 3488/5308/4924 3489/5390/5005 3481/5309/4925
f 3481/5309/4925 3489/5390/5005 3482/5391/5006
f 3481/5309/4925 3482/5391/5006 3474/5310/4926
f 3474/5310/4926 3482/5391/5006 3475/5392/5007
f 3474/5310/4926 3475/5392/5007 3467/5311/4927
f 3467/5311/4927 3475/5392/5007 3468/5393/5008
f 3467/5311/4927 3468/5393/5008 3460/5312/4928
f 3460/5312/4928 3468/5393/5008 3461/5394/5009
f 3460/5312/4928 3461/5394/5009 3453/5313/4929
f 3453/5313/4929 3461/5394/5009 3454/5395/5010
f 3453/5313/4929 3454/5395/5010 3446/5314/4849
f 3446/5314/4849 3454/5395/5010 3447/5396/4930
f 3447/5315/4930 3448/4826/4526 4007/5316/4931
f 4007/5316/4931 3448/4826/4526 4008/4824/4525
f 4007/5316/4931 4008/4824/4525 4000/5317/4932
f 4000/5317/4932 4008/4824/4525 4001/4986/4605
f 4000/5317/4932 4001/4986/4605 3993/5318/4933
f 3993/5318/4933 4001/4986/4605 3994/4984/4604
f 3993/5318/4933 3994/4984/4604 3986/5319/4934
f 3986/5319/4934 3994/4984/4604 3987/4982/4603
f 3986/5319/4934 3987/4982/4603 3979/5320/4935
f 3979/5320/4935 3987/4982/4603 3980/4980/4602
f 3979/5320/4935 3980/4980/4602 3972/5321/4936
f 3972/5321/4936 3980/4980/4602 3973/4978/4601
f 3972/5321/4936 3973/4978/4601 3965/5322/4937
f 3965/5322/4937 3973/4978/4601 3966/4976/4600
f 3965/5322/4937 3966/4976/4600 3958/5323/4938
f 3958/5323/4938 3966/4976/4600 3959/4974/4599
f 3958/5323/4938 3959/4974/4599 3951/5324/4939
f 3951/5324/4939 3959/4974/4599 3952/4972/4598
f 3951/5324/4939 3952/4972/4598 3944/5325/4940
f 3944/5325/4940 3952/4972/4598 3945/4970/4597
f 3944/5325/4940 3945/4970/4597 3937/5326/4941
f 3937/5326/4941 3945/4970/4597 3938/4968/4596
f 3937/5326/4941 3938/4968/4596 3930/5327/4942
f 3930/5327/4942 3938/4968/4596 3931/4966/4595
f 3930/5327/4942 3931/4966/4595 3923/5328/4943
f 3923/5328/4943 3931/4966/4595 3924/4964/4594
f 3923/5328/4943 3924/4964/4594 3916/5329/4944
f 3916/5329/4944 3924/4964/4594 3917/4962/4593
f 3916/5329/4944 3917/4962/4593 3909/5330/4945
f 3909/5330/4945 3917/4962/4593 3910/4960/4592
f 3909/5330/4945 3910/4960/4592 3902/5331/4946
f 3902/5331/4946 3910/4960/4592 3903/4958/4591
f 3902/5331/4946 3903/4958/4591 3895/5332/4947
f 3895/5332/4947 3903/4958/4591 3896/4956/4590
f 3895/5332/4947 3896/4956/4590 3888/5333/4948
f 3888/5333/4948 3896/4956/4590 3889/4954/4589
f 3888/5333/4948 3889/4954/4589 3881/5334/4949
f 3881/5334/4949 3889/4954/4589 3882/4952/4588
f 3881/5334/4949 3882/4952/4588 3874/5335/4950
f 3874/5335/4950 3882/4952/4588 3875/4950/4587
f 3874/5335/4950 3875/4950/4587 3867/5336/4951
f 3867/5336/4951 3875/4950/4587 3868/4948/4586
f 3867/5336/4951 3868/4948/4586 3860/5337/4952
f 3860/5337/4952 3868/4948/4586 3861/4946/4585
f 3860/5337/4952 3861/4946/4585 3853/5338/4953
f 3853/5338/4953 3861/4946/4585 3854/4944/4584
f 3853/5338/4953 3854/4944/4584 3846/5339/4954
f 3846/5339/4954 3854/4944/4584 3847/4942/4583
f 3846/5339/4954 3847/4942/4583 3839/5340/4955
f 3839/5340/4955 3847/4942/4583 3840/4940/4582
f 3839/5340/4955 3840/4940/4582 3832/5341/4956
f 3832/5341/4956 3840/4940/4582 3833/4938/4581
f 3832/5341/4956 3833/4938/4581 3825/5342/4957
f 3825/5342/4957 3833/4938/4581 3826/4936/4580
f 3825/5342/4957 3826/4936/4580 3818/5343/4958
f 3818/5343/4958 3826/4936/4580 3819/4934/4579
f 3818/5343/4958 3819/4934/4579 3811/5344/4959
f 3811/5344/4959 3819/4934/4579 3812/4932/4578
f 3811/5344/4959 3812/4932/4578 3804/5345/4960
f 3804/5345/4960 3812/4932/4578 3805/4930/4577
f 3804/5345/4960 3805/4930/4577 3797/5346/4961
f 3797/5346/4961 3805/4930/4577 3798/4928/4576
f 3797/5346/4961 3798/4928/4576 3790/5347/4962
f 3790/5347/4962 3798/4928/4576 3791/4926/4575
f 3790/5347/4962 3791/4926/4575 3783/5348/4963
f 3783/5348/4963 3791/4926/4575 3784/4924/4574
f 3783/5348/4963 3784/4924/4574 3776/5349/4964
f 3776/5349/4964 3784/4924/4574 3777/4922/4573
f 3776/5349/4964 3777/4922/4573 3769/5350/4965
f 3769/5350/4965 3777/4922/4573 3770/4920/4572
f 3769/5350/4965 3770/4920/4572 3762/5351/4966
f 3762/5351/4966 3770/4920/4572 3763/4918/4571
f 3762/5351/4966 3763/4918/4571 3755/5352/4967
f 3755/5352/4967 3763/4918/4571 3756/4916/4570
f 3755/5352/4967 3756/4916/4570 3748/5353/4968
f 3748/5353/4968 3756/4916/4570 3749/4914/4569
f 3748/5353/4968 3749/4914/4569 3741/5354/4969
f 3741/5354/4969 3749/4914/4569 3742/4912/4568
f 3741/5354/4969 3742/4912/4568 3734/5355/4970
f 3734/5355/4970 3742/4912/4568 3735/4910/4567
f 3734/5355/4970 3735/4910/4567 3727/5356/4971
f 3727/5356/4971 3735/4910/4567 3728/4908/4566
f 3727/5356/4971 3728/4908/4566 3720/5357/4972
f 3720/5357/4972 3728/4908/4566 3721/4906/4565
f 3720/5357/4972 3721/4906/4565 3713/5358/4973
f 3713/5358/4973 3721/4906/4565 3714/4904/4564
f 3713/5358/4973 3714/4904/4564 3706/5359/4974
f 3706/5359/4974 3714/4904/4564 3707/4902/4563
f 3706/5359/4974 3707/4902/4563 3699/5360/4975
f 3699/5360/4975 3707/4902/4563 3700/4900/4562
f 3699/5360/4975 3700/4900/4562 3692/5361/4976
f 3692/5361/4976 3700/4900/4562 3693/4898/4561
f 3692/5361/4976 3693/4898/4561 3685/5362/4977
f 3685/5362/4977 3693/4898/4561 3686/4896/4560
f 3685/5362/4977 3686/4896/4560 3678/5363/4978
f 3678/5363/4978 3686/4896/4560 3679/4894/4559
f 3678/5363/4978 3679/4894/4559 3671/5364/4979
f 3671/5364/4979 3679/4894/4559 3672/4892/4558
f 3671/5364/4979 3672/4892/4558 3664/5365/4980
f 3664/5365/4980 3672/4892/4558 3665/4890/4557
f 3664/5365/4980 3665/4890/4557 3657/5366/4981
f 3657/5366/4981 3665/4890/4557 3658/4888/4556
f 3657/5366/4981 3658/4888/4556 3650/5367/4982
f 3650/5367/4982 3658/4888/4556 3651/4886/4555
f 3650/5367/4982 3651/4886/4555 3643/5368/4983
f 3643/5368/4983 3651/4886/4555 3644/4884/4554
f 3643/5368/4983 3644/4884/4554 3636/5369/4984
f 3636/5369/4984 3644/4884/4554 3637/4882/4553
f 3636/5369/4984 3637/4882/4553 3629/5370/4985
f 3629/5370/4985 3637/4882/4553 3630/4880/4552
f 3629/5370/4985 3630/4880/4552 3622/5371/4986
f 3622/5371/4986 3630/4880/4552 3623/4878/4551
f 3622/5371/4986 3623/4878/4551 3615/5372/4987
f 3615/5372/4987 3623/4878/4551 3616/4876/4550
f 3615/5372/4987 3616/4876/4550 3608/5373/4988
f 3608/5373/4988 3616/4876/4550 3609/4874/4549
f 3608/5373/4988 3609/4874/4549 3601/5374/4989
f 3601/5374/4989 3609/4874/4549 3602/4872/4548
f 3601/5374/4989 3602/4872/4548 3594/5375/4990
f 3594/5375/4990 3602/4872/4548 3595/4870/4547
f 3594/5375/4990 3595/4870/4547 3587/5376/4991
f 3587/5376/4991 3595/4870/4547 3588/4868/4546
f 3587/5376/4991 3588/4868/4546 3580/5377/4992
f 3580/5377/4992 3588/4868/4546 3581/4866/4545
f 3580/5377/4992 3581/4866/4545 3573/5378/4993
f 3573/5378/4993 3581/4866/4545 3574/4864/4544
f 3573/5378/4993 3574/4864/4544 3566/5379/4994
f 3566/5379/4994 3574/4864/4544 3567/4862/4543
f 3566/5379/4994 3567/4862/4543 3559/5380/4995
f 3559/5380/4995 3567/4862/4543 3560/4860/4542
f 3559/5380/4995 3560/4860/4542 3552/5381/4996
f 3552/5381/4996 3560/4860/4542 3553/4858/4541
f 3552/5381/4996 3553/4858/4541 3545/5382/4997
f 3545/5382/4997 3553/4858/4541 3546/4856/4540
f 3545/5382/4997 3546/4856/4540 3538/5383/4998
f 3538/5383/4998 3546/4856/4540 3539/4854/4539
f 3538/5383/4998 3539/4854/4539 3531/5384/4999
f 3531/5384/4999 3539/4854/4539 3532/4852/4538
f 3531/5384/4999 3532/4852/4538 3524/5385/5000
f 3524/5385/5000 3532/4852/4538 3525/4850/4537
f 3524/5385/5000 3525/4850/4537 3517/5386/5001
f 3517/5386/5001 3525/4850/4537 3518/4848/4536
f 3517/5386/5001 3518/4848/4536 3510/5387/5002
f 3510/5387/5002 3518/4848/4536 3511/4846/4535
f 3510/5387/5002 3511/4846/4535 3503/5388/5003
f 3503/5388/5003 3511/4846/4535 3504/4844/4534
f 3503/5388/5003 3504/4844/4534 3496/5389/5004
f 3496/5389/5004 3504/4844/4534 3497/4842/4533
f 3496/5389/5004 3497/4842/4533 3489/5390/5005
f 3489/5390/5005 3497/4842/4533 3490/4840/4532
f 3489/5390/5005 3490/4840/4532 3482/5391/5006
f 3482/5391/5006 3490/4840/4532 3483/4838/4531
f 3482/5391/5006 3483/4838/4531 3475/5392/5007
f 3475/5392/5007 3483/4838/4531 3476/4836/4530
f 3475/5392/5007 3476/4836/4530 3468/5393/5008
f 3468/5393/5008 3476/4836/4530 3469/4834/4529
f 3468/5393/5008 3469/4834/4529 3461/5394/5009
f 3461/5394/5009 3469/4834/4529 3462/4832/4528
f 3461/5394/5009 3462/4832/4528 3454/5395/5010
f 3454/5395/5010 3462/4832/4528 3455/4830/4527
f 3454/5395/5010 3455/4830/4527 3447/5396/4930
f 3447/5396/4930 3455/4830/4527 3448/4828/4526
# 4008 vertices
# 5396 texture params
# 5010 normals
# 8040 facets

# 1 groups
